3e3c60acac4462eecc8d2e47d96c0be02491cc39	41cd38fe1edc685522c8e93fb2d22bff07aa6e02
e9df9d9aa706023a2808029b2d68fecc44ed6199	41cd38fe1edc685522c8e93fb2d22bff07aa6e02
1d40d69d11094e92506104441c073664187e1a6a	d8f6e2f6136d478a700a0e6ef508d5636f324f1c
bb38586b3b3ebd0da0e28f308df68e0eca746c91	d8f6e2f6136d478a700a0e6ef508d5636f324f1c
f6fb9e3379df7928bfed3422812d7845ceb3a263	d8f6e2f6136d478a700a0e6ef508d5636f324f1c
10f1231d11e71213704ae87a40382eb242856e9d	4897b2a77818d05e58e0a96cfba6d0a9bc90ed11
9d4aaa1fdd20a946cc0a337b7a66f25fc3226a0e	4897b2a77818d05e58e0a96cfba6d0a9bc90ed11
552c02033c7d581356ede3c12e4b1fdfcdd697dc	4897b2a77818d05e58e0a96cfba6d0a9bc90ed11
540d03cd50fd4c9bbfae0b1eb709a4adf8a6a774	4897b2a77818d05e58e0a96cfba6d0a9bc90ed11
261f94ca3ceb0bceb912a8dba346119edd088bc5	4897b2a77818d05e58e0a96cfba6d0a9bc90ed11
80cc710fbc97196513a48c8dc9f7a4b9c5b74437	fd9bdc0886df3749c6e80ff886591d4438c66f7a
029f2dcbb752484fdeea88e9840d867a28fd98f5	fd9bdc0886df3749c6e80ff886591d4438c66f7a
2023c7bedca53dd2b732b8466f89402fbb96a1b8	fd9bdc0886df3749c6e80ff886591d4438c66f7a
fda2644f8813186b37dab0d43e8cb034e99012ba	fd9bdc0886df3749c6e80ff886591d4438c66f7a
3cbc1bbd30ec52ee1eccc2600a226db106d20f7d	5b892d0d752aae14ba7b4a49d1d21ab70ece2b18
2094292667243d443d9fe7391d51454c8f2876f0	5b892d0d752aae14ba7b4a49d1d21ab70ece2b18
5e3f20ac592c403006249cc8ed7aaf78f082ea41	5b892d0d752aae14ba7b4a49d1d21ab70ece2b18
b26c3266b7ce827cde0768e2aa70a64ac2705013	5b892d0d752aae14ba7b4a49d1d21ab70ece2b18
1fb9a4c3eabceaa40b69dbb38dde3efdd0b00b87	5b892d0d752aae14ba7b4a49d1d21ab70ece2b18
af4851c2fc6e88dc6bd1cf7154f9621e534a534b	5b892d0d752aae14ba7b4a49d1d21ab70ece2b18
50eaaa0d2a15caca1f8428e29834988ec3ed89c9	5b892d0d752aae14ba7b4a49d1d21ab70ece2b18
d01c96740e5af05b01db943c4481b1609267db19	5b892d0d752aae14ba7b4a49d1d21ab70ece2b18
1d50b19f582fe3c82a9c91dc7c878d4b03f27887	89b659774a883aab48cad753f2fe856bc2f24e09
f259626cf7e3553dc95503c4c1d0fffec4a4dc8e	89b659774a883aab48cad753f2fe856bc2f24e09
9b2b4cfd19858e92c1f92086bee23ebb75abb3f0	89b659774a883aab48cad753f2fe856bc2f24e09
e54bf0e37dc7a2cf96af50706cd1857bcb24422a	89b659774a883aab48cad753f2fe856bc2f24e09
10b7b0f969e0deafec0900e34b9044c152579d1a	89b659774a883aab48cad753f2fe856bc2f24e09
d1a09139f2397aa5e1b9b53d91f674d96f96379f	89b659774a883aab48cad753f2fe856bc2f24e09
2fe7c949c1cfcbb937279daf2c2668cc4a5ca9fc	89b659774a883aab48cad753f2fe856bc2f24e09
ca0b517d26ddbab934bbb53eca6c885188b31ccf	89b659774a883aab48cad753f2fe856bc2f24e09
99f6993a7ebf4091a69612b0a1e5a43893c1442d	89b659774a883aab48cad753f2fe856bc2f24e09
8a77051774d60a576ef3abff495e0a55d7a7b01c	bb2f3b90ac4431e1a39c34d136e31503ae491c7f
d4688df238500ecbdc5771de23e242e82ede82e6	bb2f3b90ac4431e1a39c34d136e31503ae491c7f
3d660a1c68ced2fddcdcb7f9665612d0353a5ddc	bb2f3b90ac4431e1a39c34d136e31503ae491c7f
927e393a49e54bb78376849270896d8af21ba335	bb2f3b90ac4431e1a39c34d136e31503ae491c7f
565cbb661331f8bb7c6acf4658ba41b9841cd756	bb2f3b90ac4431e1a39c34d136e31503ae491c7f
111e1b91998e5928eea31d399cf9b1455d44b288	2823bfdb9f0f65876334a149c9bf6a04103cc3f3
189f8d434c8d1be713cad7d9a107183e1247d095	2823bfdb9f0f65876334a149c9bf6a04103cc3f3
28d50e8ce047fdac370bb3769a5e18d329d8440f	2823bfdb9f0f65876334a149c9bf6a04103cc3f3
f22536d78843f9c7d54725f787c7b6b5a05fb035	2823bfdb9f0f65876334a149c9bf6a04103cc3f3
10f2ebe6e7bcbf5fb79f2dc7c9a556ae2a05dda1	2823bfdb9f0f65876334a149c9bf6a04103cc3f3
a8a368c6ff95d82047e2994c0b3350792eda9257	2823bfdb9f0f65876334a149c9bf6a04103cc3f3
74ba1a08669c0c058c354c622106451786547ce1	2823bfdb9f0f65876334a149c9bf6a04103cc3f3
9f4915f914c26daed394362aaca9d86e88832d51	e6a0c411f5a460a5b0313904370089af24193122
798776c3ef6f51b69d48ae33fb23316054f8e914	e6a0c411f5a460a5b0313904370089af24193122
5fc790a7e1e1f004be8c93815a36248b9db1cd21	e6a0c411f5a460a5b0313904370089af24193122
66d5b7fb01a0fd0b1046f875422fdf30c9a576d7	e6a0c411f5a460a5b0313904370089af24193122
a31487af5eeff8d064fde04a884aa4a878007133	71087c9bcfb20e0e9be553bf7fe84edc4c37b6bf
5aed8aa85a81656856b461c5453527be15b7bc6c	71087c9bcfb20e0e9be553bf7fe84edc4c37b6bf
1cf8fe4cc35273e5753251afa575bfe150dcae78	71087c9bcfb20e0e9be553bf7fe84edc4c37b6bf
8bf01401ea2ab775f2e88c5d6f9a5ae79ef4c48f	fdd5cd093d16876d2a873ed7e97ffcadc96beb9a
4ca3d4d766d2de443582a6b03f06bed897aa756b	fdd5cd093d16876d2a873ed7e97ffcadc96beb9a
705f375cf0275b169f62c64586302f1e1713639e	fdd5cd093d16876d2a873ed7e97ffcadc96beb9a
489795c8f2c8d62c6adf4dfa7bfd0fda2522f24c	fdd5cd093d16876d2a873ed7e97ffcadc96beb9a
e84b83507a5a1ac1660eced11635b949f7708cc8	fdd5cd093d16876d2a873ed7e97ffcadc96beb9a
9db2c47eeb04a1acc7e275cb5b3f4f1ba3ada1a5	fdd5cd093d16876d2a873ed7e97ffcadc96beb9a
2795eb95b7d4ad0e96255ffb2d54a1fd581b982f	fdd5cd093d16876d2a873ed7e97ffcadc96beb9a
ad6a88264bb8c2fdc2dc9ead013b703b1b590234	fdd5cd093d16876d2a873ed7e97ffcadc96beb9a
d8dd45c1fdd7aaa0ee8042edd76bb6ab16d8f757	a3f48c274719d6ae3f56339afe35f2a8e77dbca2
5c1260286d2ed3a1126d202177fa564ad3d07e7c	a3f48c274719d6ae3f56339afe35f2a8e77dbca2
12867a78331046b5c408d1e560da3e41785f03f2	a3f48c274719d6ae3f56339afe35f2a8e77dbca2
e123acad20f7ad912519f71eb1e14c483cc4fff0	a3f48c274719d6ae3f56339afe35f2a8e77dbca2
bb0dbbd1fbddcde9f6833a0d16815ff3a6f411ae	a3f48c274719d6ae3f56339afe35f2a8e77dbca2
353fcf9f690531510428cfca7aded6e8f9436ba4	a3f48c274719d6ae3f56339afe35f2a8e77dbca2
c41734baf2ceff6d82cfd173b7809b3e1f64359e	a3f48c274719d6ae3f56339afe35f2a8e77dbca2
2d15403f0b1fcf7df3593dd9faa353d4b3552581	a3f48c274719d6ae3f56339afe35f2a8e77dbca2
0e9493c4a2430638921fbd1166366926fc908c0c	ca35febbb90a8533ad436a54a2698d8bd4ebdeab
fdf6d628e6780cb4ce1d2388af14385867177cba	ca35febbb90a8533ad436a54a2698d8bd4ebdeab
4f98eee9e1fff5e46156543805726971a55e9faa	ca35febbb90a8533ad436a54a2698d8bd4ebdeab
3070507916b0cda80b5418462cce992a3cdfb6a9	ca35febbb90a8533ad436a54a2698d8bd4ebdeab
79f40f5dfd82375198d8253aec3d08ef50650ad4	ca35febbb90a8533ad436a54a2698d8bd4ebdeab
51b301770978d031ae86ef3e32d141f9eb94c409	ca35febbb90a8533ad436a54a2698d8bd4ebdeab
c0ad211ec5ae2e84b4ee2106529a949a6032bb3a	ca35febbb90a8533ad436a54a2698d8bd4ebdeab
33d41521f7df8a067735c2ec461ea9fde8beab83	ca35febbb90a8533ad436a54a2698d8bd4ebdeab
ef95c5d745799aeefa9f0250d29f663ed1e596e6	ca35febbb90a8533ad436a54a2698d8bd4ebdeab
da87d919a02bef36b8a7413661a1e4151af87ce4	ca35febbb90a8533ad436a54a2698d8bd4ebdeab
2f84cb6b3236b9e5648ce12463dc89c5b2c9c17f	659aeb90d88049794dc3a6ba9e593c5d98d993b6
bcfa2b54c69b07cecb9a5342c8238fac8e764243	659aeb90d88049794dc3a6ba9e593c5d98d993b6
9f30fc46e127497388a2a2211da5eafb8a957727	659aeb90d88049794dc3a6ba9e593c5d98d993b6
e6905ce784edc6863cb1641988ca1c106cdde57d	659aeb90d88049794dc3a6ba9e593c5d98d993b6
5d4d429618ab0249774ab84b52116f89812a5cf4	9fccee382f3b6ddeddd53964f2ad5c3f4643346f
431b2174acbc9b9b146e12c8d29c230e09149fdf	9fccee382f3b6ddeddd53964f2ad5c3f4643346f
7d4217878729765739b1fb985f7f44cb3f97f9ce	9fccee382f3b6ddeddd53964f2ad5c3f4643346f
4608938efd766e0f763ff42c42f879e548720993	9fccee382f3b6ddeddd53964f2ad5c3f4643346f
d00d7b8af8c0df49002ce4efd79d2b8a2bf04b05	50f2713c7bb60657f72102b4329fb54c21fd2043
b8657b806c464551ec7af36955c93feea03e6043	50f2713c7bb60657f72102b4329fb54c21fd2043
9398f3d8f65eae347fba30debadd8ae3a76fc631	50f2713c7bb60657f72102b4329fb54c21fd2043
064fe5363ae90da5812d68c357ce8c730741e018	50f2713c7bb60657f72102b4329fb54c21fd2043
ff8a95e4ea8a7d295b84e088004d5c834ae7a731	50f2713c7bb60657f72102b4329fb54c21fd2043
3236ce9782657fad4d62a4f2bc1b29b254037e58	50f2713c7bb60657f72102b4329fb54c21fd2043
ca90a58e4ffcb1d87b3b3a0fff28fe67bf715038	2c5abec4e72615449df821a327fbc5b313d50808
0d0de8ee1ef8bb3548188816b443499eda2f5e9c	2c5abec4e72615449df821a327fbc5b313d50808
015f517b666dd019121b8c68aa907817709ca652	2c5abec4e72615449df821a327fbc5b313d50808
4feac9e536660530d19e64873971b6d1039ccc99	2c5abec4e72615449df821a327fbc5b313d50808
1538206b4a55444f969b6d4dc5fbca9ee818ec15	2c5abec4e72615449df821a327fbc5b313d50808
63b87fca6f6c7c7dccb6fced3710441a2771ea45	2c5abec4e72615449df821a327fbc5b313d50808
25b8e8f90832df2d96437f39c5bd914c9fed0844	2c5abec4e72615449df821a327fbc5b313d50808
f284457419c4334f4736311c5d7118e96be97f46	30adaa8a8cbeababd510290bd41298f4ed0cf701
d01a1a4232af0b889d99137c9b74e1d4f6e720c2	30adaa8a8cbeababd510290bd41298f4ed0cf701
3e1ef601860ef475d08702cdd3ea973cd4eb7296	30adaa8a8cbeababd510290bd41298f4ed0cf701
f94b341a00b8b4b1cf2eb7233a0ee2212b78980b	30adaa8a8cbeababd510290bd41298f4ed0cf701
2b9c207e1599229eacc2cdefd90f155297629bd7	30adaa8a8cbeababd510290bd41298f4ed0cf701
21f85b32941ce82c206f497453b809b32475cd0d	6e6f3318384cfa95f7246931e72f05a4c3aa192c
041700d53423b375c84dc56ec580ca0c2619e698	6e6f3318384cfa95f7246931e72f05a4c3aa192c
460e2aa3bd13cf85d4749961153c417ddd05e63a	6e6f3318384cfa95f7246931e72f05a4c3aa192c
36d8421ce17d9eefb171d1be3660af9133d5285c	6e6f3318384cfa95f7246931e72f05a4c3aa192c
e8b73a1fde25afc818f2a90fb79b16766309bc4e	6e6f3318384cfa95f7246931e72f05a4c3aa192c
531a2dd4b1816ba378acc78be2db58b1f541aee7	6e6f3318384cfa95f7246931e72f05a4c3aa192c
a3cab76238dd5bb17c99a37858e828450490eda4	6a77a857102f4fae4e185144e18772752ff12d07
99783420c6af92ae2621911ba2a1ea993b9286b8	6a77a857102f4fae4e185144e18772752ff12d07
97133e6138259c2aa50591b360e78ed8a83c7366	6a77a857102f4fae4e185144e18772752ff12d07
43484961633db8221581d84e2538f10ffb163f03	6a77a857102f4fae4e185144e18772752ff12d07
9933941c66649996273f2bde7289967593920e9f	6a77a857102f4fae4e185144e18772752ff12d07
8ff59c0da60c7a2a30c92f798887f6b18b706edc	6a77a857102f4fae4e185144e18772752ff12d07
e0c06142a194b0c10cbb377729363225b2cb64eb	bd86e48b34f56afb575ce1b1e325d2069502f4ab
496084863bec1158447c38d6b64deb5806829efb	bd86e48b34f56afb575ce1b1e325d2069502f4ab
ea2af0954741f549ad3ccc1e696feb5dc173ad37	bd86e48b34f56afb575ce1b1e325d2069502f4ab
e08e65bdd54899b9653d3182698c0f6c72b15718	bd86e48b34f56afb575ce1b1e325d2069502f4ab
3be91453b7212424a35468444825d4828d30f0aa	bd86e48b34f56afb575ce1b1e325d2069502f4ab
b5c087b1d9a1899c6ecae5e003e4ad3a4cee727c	bd86e48b34f56afb575ce1b1e325d2069502f4ab
64fb5342592d5c78bba3c79cff720145bff06308	7847a8d94af63badf2bc787f5e316e12635b34e9
8599119b0225310f672b6588d5ae15cc34a36205	7847a8d94af63badf2bc787f5e316e12635b34e9
eb46ef2ecd1ae4b850d178ccd3b8fb8c3a7d71ae	7847a8d94af63badf2bc787f5e316e12635b34e9
afc95f3ad862ec34cd20877dede16771ff2259c8	7847a8d94af63badf2bc787f5e316e12635b34e9
b30737cbea2d3a004ae2bfebc61e8c9b3640e0ae	7847a8d94af63badf2bc787f5e316e12635b34e9
9a448a94da04b9af529c3c4bc73aa9dc55a8f3ca	57b37113ee6aa991719ff4dadefdb2b8df6461ec
4a84e99c1fea107f0b04a258c1a77a0a9987cdad	57b37113ee6aa991719ff4dadefdb2b8df6461ec
2e0cecabd69760238fe429a2b4cfed15b0881d20	57b37113ee6aa991719ff4dadefdb2b8df6461ec
6c1a2ab3de979863ee1735996508b8431ad349eb	57b37113ee6aa991719ff4dadefdb2b8df6461ec
b29989c87bca23b6aa697149f3b33db7a6fa95ab	57b37113ee6aa991719ff4dadefdb2b8df6461ec
213aafb6a566e98dff9aa93c19efe994122b933a	57b37113ee6aa991719ff4dadefdb2b8df6461ec
7998ae15d608e7d2eaf36fbd6eace76689511465	57b37113ee6aa991719ff4dadefdb2b8df6461ec
ba4422cf7978221dacd943c2cab4ea10d2b3bade	57b37113ee6aa991719ff4dadefdb2b8df6461ec
4d40121747fb1b756d06696c1af7842e113db332	57b37113ee6aa991719ff4dadefdb2b8df6461ec
5d8e178930a97dcb223bff19f4ff46fab9f28858	57b37113ee6aa991719ff4dadefdb2b8df6461ec
92935887d613f259dbed511ca12a51623f8a0a90	57b37113ee6aa991719ff4dadefdb2b8df6461ec
d2d00aa31299d1a21defb7ccef7fc451764bb2f1	57b37113ee6aa991719ff4dadefdb2b8df6461ec
068527b00dc8a07fe2d29f91f1e1fb3b141793c5	57b37113ee6aa991719ff4dadefdb2b8df6461ec
9569a2a9aff20062bb790becea9a0f74240b8298	78dd64d3c09cc358c557b40f8db272aa55d3e681
a12ee7a1a9d2fbdb39ad4ff302916f2b6161bdcf	78dd64d3c09cc358c557b40f8db272aa55d3e681
adf79daa146b71dbc6a5437339bad645406619e1	78dd64d3c09cc358c557b40f8db272aa55d3e681
4659655dd782268fcd2e681b20d1a9024be8cf50	78dd64d3c09cc358c557b40f8db272aa55d3e681
82be8d299c9f3fa775d66b3c8ddbbf482a051dbb	78dd64d3c09cc358c557b40f8db272aa55d3e681
03cf47a1f9388dab46f40a502b6b340a3b9c5d9f	78dd64d3c09cc358c557b40f8db272aa55d3e681
3b29f86013077c78d3776529ccf0efce0a1927ec	78dd64d3c09cc358c557b40f8db272aa55d3e681
c3f75072b1a1376d741c9f5e51897bbc859d7134	78dd64d3c09cc358c557b40f8db272aa55d3e681
159dac4bc236ad5ed4e126eec3a1b1f72f9cd3f7	78dd64d3c09cc358c557b40f8db272aa55d3e681
b9359a21fdbcaf8d54883fb35fdf28ec94ebaa9b	78dd64d3c09cc358c557b40f8db272aa55d3e681
b9dd468d267bf48d8bbaaf04b7a194905c3a327d	78dd64d3c09cc358c557b40f8db272aa55d3e681
695c9908e25ef66dc4a297e9305e73b08bdd1b8f	78dd64d3c09cc358c557b40f8db272aa55d3e681
154de62735cbf49cc19cb0ab590de536dfecc44b	78dd64d3c09cc358c557b40f8db272aa55d3e681
d83bb15a9360d6941007e74a8eb2c47ddf379243	78dd64d3c09cc358c557b40f8db272aa55d3e681
d5e8c158174a96a988d13be3e35cf7e929d01e24	6bb0dbec2ed32abfe5eb30f25357d6ac7fc47080
5e814986efb467ddec431831b99ab74add2150e2	6bb0dbec2ed32abfe5eb30f25357d6ac7fc47080
5b734c3197c8195fd737fff7133734bc5ecf5f02	6bb0dbec2ed32abfe5eb30f25357d6ac7fc47080
f8cb4071d71c2872fad3ad149952d73d3c45d1b8	6bb0dbec2ed32abfe5eb30f25357d6ac7fc47080
faae1450e1401c16a626fe906760ecc3a37dd16d	6bb0dbec2ed32abfe5eb30f25357d6ac7fc47080
aa412f4ae7204be21e01ba19d12192b8b2d39ab1	6bb0dbec2ed32abfe5eb30f25357d6ac7fc47080
8b4dae3226385c48f1020cc0130464591f1cf9cc	6bb0dbec2ed32abfe5eb30f25357d6ac7fc47080
1a312f77bdf06d4afe78b432d4ce2c0598da4441	6bb0dbec2ed32abfe5eb30f25357d6ac7fc47080
08e3cbb27e825e9748fbd57db9b9f3e667aa35c9	6bb0dbec2ed32abfe5eb30f25357d6ac7fc47080
5d2a360ef6674988e1ecef42ea7730c56e7cf4b7	6bb0dbec2ed32abfe5eb30f25357d6ac7fc47080
f2c8393b0c529c4a1cc9576a5191a2dd41f36a74	6bb0dbec2ed32abfe5eb30f25357d6ac7fc47080
e3ce2b1959983d51c735c05c87107be77b67f265	6bb0dbec2ed32abfe5eb30f25357d6ac7fc47080
534ff8ee361ffe79ba5240bc4c8c6692650a64f8	6bb0dbec2ed32abfe5eb30f25357d6ac7fc47080
0a9cbe889f0c5b56cbee38bac0fb49e765387ddd	6bb0dbec2ed32abfe5eb30f25357d6ac7fc47080
2c91bbc0c26cbb932fb0296f7124816f5c749eab	6bb0dbec2ed32abfe5eb30f25357d6ac7fc47080
50c881a6ff403a07e21165d7ef0f88b763960967	6bb0dbec2ed32abfe5eb30f25357d6ac7fc47080
c655beb00a7d0a8c108339d1898719d793edcfed	6bb0dbec2ed32abfe5eb30f25357d6ac7fc47080
3eed14528a3f702041fc85f4702c33ba94e33095	6bb0dbec2ed32abfe5eb30f25357d6ac7fc47080
daf0846cd9b5331c4419f3a7905868d9ec461b27	6bb0dbec2ed32abfe5eb30f25357d6ac7fc47080
2b478878e01660c3d55070a305fa4efba4715b0f	7215c8d1189daacc6e350982bd46e5bec404baa3
136296b1fdba0f1f02269e71fa085075b602caaf	7215c8d1189daacc6e350982bd46e5bec404baa3
2fc49d06de718bbae1880b7dc4f05030fe5aa89b	7215c8d1189daacc6e350982bd46e5bec404baa3
dc95a331a2c9a0f932bd9450918283b7dbb4d050	f98de33c947331904c98f0f6805d31b1fc6d8175
32e6ce9707f01487abfb0b6e78ab8cf0690d160c	f98de33c947331904c98f0f6805d31b1fc6d8175
7e263b213efaf595fb2f40e0b30a91539cf1bb5b	f98de33c947331904c98f0f6805d31b1fc6d8175
c02684cdc78c1e886e7433b26b2bdca626a4ef87	f98de33c947331904c98f0f6805d31b1fc6d8175
dafc230d5445c97c7b8486010694ede86ab9e6a6	f98de33c947331904c98f0f6805d31b1fc6d8175
e73cb18c079e255a0ca3086ce753d496b4f86451	f98de33c947331904c98f0f6805d31b1fc6d8175
d22e2c6142bc35f7d3f587d8cf0250ddc1dfa261	f7bee3580aacdc703f2d56d4eaf6d5714820a367
0b5b11376c59478e5b013ccf27488e39a0fea8db	f7bee3580aacdc703f2d56d4eaf6d5714820a367
63800501566887e877f285c47fa047004cb158a2	f7bee3580aacdc703f2d56d4eaf6d5714820a367
2dfaa58aadc0cb3aa32e5deac51fe980b4999ab2	f7bee3580aacdc703f2d56d4eaf6d5714820a367
cf09368777ba473cec37b251a955264794465354	f7bee3580aacdc703f2d56d4eaf6d5714820a367
a95ab587e047b4e06779a8ffc4599c3bf62b432f	f7bee3580aacdc703f2d56d4eaf6d5714820a367
6b592d991caacafe89a9a33f329bbc31fbf6ef8b	f7bee3580aacdc703f2d56d4eaf6d5714820a367
e68f4f4275b16f49c601c8c7a3f483ad469bcbf2	f7bee3580aacdc703f2d56d4eaf6d5714820a367
9b211c39b03f0f337c14ff94e46996ec20d61a12	f7bee3580aacdc703f2d56d4eaf6d5714820a367
dde4625e4749fae6894eb2ab99108b30c8560cb8	f7bee3580aacdc703f2d56d4eaf6d5714820a367
e3933798c9988ab1fe31634cf3154455f3e351c3	f7bee3580aacdc703f2d56d4eaf6d5714820a367
e7ee7c551ec81cb6cf91d669a07b8099c1efc495	f7bee3580aacdc703f2d56d4eaf6d5714820a367
4aecd61670008377423ca12afc6facbd887eed9a	f7bee3580aacdc703f2d56d4eaf6d5714820a367
a545661f26b5b887cb3adf942c3a015812cce117	f7bee3580aacdc703f2d56d4eaf6d5714820a367
55e6182e281076289a6a1b709b1eb534eb36e1ed	f7bee3580aacdc703f2d56d4eaf6d5714820a367
e909654440c20a4f88d2aee75740cbcd50fab313	f7bee3580aacdc703f2d56d4eaf6d5714820a367
68cb2fc8d0118332b218a391d1977adc5afcd5cb	f7bee3580aacdc703f2d56d4eaf6d5714820a367
69e0953632c9f20f3ce045ab9317a9c027ba74be	f7bee3580aacdc703f2d56d4eaf6d5714820a367
6bc35801f9707136bbd0cc744ea2d3bf24620cce	f7bee3580aacdc703f2d56d4eaf6d5714820a367
1b02caa97419e36f390335b7c43877351eb6bf4e	f7bee3580aacdc703f2d56d4eaf6d5714820a367
e8f96ecb0c75ff229987ff8ae7ffe0f4caab5928	f7bee3580aacdc703f2d56d4eaf6d5714820a367
3b4ebd25c7773448dbda0ab4eba4c2fa3d55249c	7565cb298a211bdbb37e4389b16e910c6c3de2ec
e3402f8d17a6817da7229ef8de3a8043ab6e183d	7565cb298a211bdbb37e4389b16e910c6c3de2ec
25703e5f8348d0c278bf7ffdff9f8caeab8a0bf6	7565cb298a211bdbb37e4389b16e910c6c3de2ec
13fbabca1cbd633344dc1451cc7b70119fcaf5b8	7565cb298a211bdbb37e4389b16e910c6c3de2ec
d71de5cd5dfc81106373bed638b7d8c4d67a245f	7565cb298a211bdbb37e4389b16e910c6c3de2ec
13a664ca254025c981a266fd632b5940ffce9e7b	7565cb298a211bdbb37e4389b16e910c6c3de2ec
c1386fb0cbd217e4ad4009c2092dd63d67eb4ce1	0bece255e688575f0877847ba3d7cf3fb7692005
8f69c5f4d7b8ad0c3ae0d8d5c70c4d14e8340bfe	0bece255e688575f0877847ba3d7cf3fb7692005
d29e09dbf2c964feedc6560d8bbe790916bcc6d6	0bece255e688575f0877847ba3d7cf3fb7692005
e15b9635b149b82a79ade8622053bc4cca7feaca	55d86249ddd346f0759ec441155eb1aa4689f13d
057ea5be5ef5233645ddd57d31beac88c77e8290	55d86249ddd346f0759ec441155eb1aa4689f13d
f0db2a728eadc6ec31e190f8081b04917d357cde	55d86249ddd346f0759ec441155eb1aa4689f13d
bd055381ec5f628855714c1344e158141228fc21	e541bc4fa283302e9aec6317c30bc31705ece558
05924a1a2f0a56dab7179e9cb8d4f1c21a2e277a	e541bc4fa283302e9aec6317c30bc31705ece558
98ab8dd7e7a18d196dd2c5d8cb8c86c0642bf9cc	e541bc4fa283302e9aec6317c30bc31705ece558
f188da4b7b87bb8445df6af0a9d7297ca16eafa0	9d5af962c9d665826546a0377d85d74b84a9f31c
ee9eb34469e410af2d4da979ae21cb7ad4f02d6c	9d5af962c9d665826546a0377d85d74b84a9f31c
975eb681e3a3bcaadec4e8ce0ef560699b781cdf	9d5af962c9d665826546a0377d85d74b84a9f31c
786c11f0c3420cf55ef0e1c2e3db020f8421134b	7b3b9ab95bac17a07e9ee69b6939c1a881d6aef0
952a43d9d4b34117a5c9305fa18abe50f22eb592	7b3b9ab95bac17a07e9ee69b6939c1a881d6aef0
935951ac698a89014576bbb00125bf943144316a	7b3b9ab95bac17a07e9ee69b6939c1a881d6aef0
c7170f29d37339cfa84541192e9c0857f6cb7d45	099ae52abd64df0f1f2dc1fc01a9032054cea1d3
8f6eb0b2294e3c87b6160a99fcf4c98f72f8e6ad	099ae52abd64df0f1f2dc1fc01a9032054cea1d3
91687ee7b6100a756e2ce8fe829710e7b5878e31	099ae52abd64df0f1f2dc1fc01a9032054cea1d3
548188a53e1282db814332e59b6f66c6f8515d91	099ae52abd64df0f1f2dc1fc01a9032054cea1d3
35f93912e63cbe2ef4268800f3c407e0b115d3b0	099ae52abd64df0f1f2dc1fc01a9032054cea1d3
72fab8f48514a37655eb70acf2b394ed64eb0319	099ae52abd64df0f1f2dc1fc01a9032054cea1d3
943703f65fa94b121780e5590c4f64db9d70ccc0	099ae52abd64df0f1f2dc1fc01a9032054cea1d3
0bbfcd1a4fbebe0705d658ece2a0c25e6fd5968c	086e64085f00cd0b12844b1c0e671af04ddad304
a7b01387bdf5f6b43f420173062fafeab0de3269	086e64085f00cd0b12844b1c0e671af04ddad304
1e252c733912fc7ea38402d64b32b9b78334a388	086e64085f00cd0b12844b1c0e671af04ddad304
0dd00f914f8be8e74d8ab8a6d8e44a3bc55e7172	086e64085f00cd0b12844b1c0e671af04ddad304
b2227248f83aa53a32ae9bb3796f6473bcf7a296	086e64085f00cd0b12844b1c0e671af04ddad304
681724102ef1793eb499e540754cb40117b4174a	cbe297cf7fe4d501e9e687b0394965a0fd386445
fbf1afe5238be29892f56f3d7eb3d0ef0b416d02	cbe297cf7fe4d501e9e687b0394965a0fd386445
eb254f02847f5cb533d552b0d73ded07fcfa4433	cbe297cf7fe4d501e9e687b0394965a0fd386445
3d4f53983f9089dabf9998092c0c4e4c3cff699f	abb9bad07356cd4590848357dd8d6f4b1ae8b9f8
581acbaeb9c3f426738ee33ae412350766e00242	abb9bad07356cd4590848357dd8d6f4b1ae8b9f8
c34679e1b9584c8513b94eeefefbfa1c48349fe4	abb9bad07356cd4590848357dd8d6f4b1ae8b9f8
e8a52b7e0297072b1fb801f335b66b797dfc7842	abb9bad07356cd4590848357dd8d6f4b1ae8b9f8
6d871acefcc1d8c2c665de2223c178ff6dccdc8d	abb9bad07356cd4590848357dd8d6f4b1ae8b9f8
f88d58c5fd8a44af130b12a7998b19e92e2bf239	abb9bad07356cd4590848357dd8d6f4b1ae8b9f8
28212258c9d41e5097cf9f99b47bb90d2ad9bb74	abb9bad07356cd4590848357dd8d6f4b1ae8b9f8
d51a091e3ca22f310a3d3218410db63922ca7777	abb9bad07356cd4590848357dd8d6f4b1ae8b9f8
979e47a2ee9a173dcb9c5f0cfbea59204e50c8e7	abb9bad07356cd4590848357dd8d6f4b1ae8b9f8
f5d073e6e6cd3e53f6128dbbc5a0278f5bf9ce31	abb9bad07356cd4590848357dd8d6f4b1ae8b9f8
f894039984afaaa20cd915b2132149afd687765b	abb9bad07356cd4590848357dd8d6f4b1ae8b9f8
be3da64002dc26699272ef6396d772e8bc7c51de	abb9bad07356cd4590848357dd8d6f4b1ae8b9f8
a8c8ff4a124f9abd02040b7ba6b108ae3ccd8222	abb9bad07356cd4590848357dd8d6f4b1ae8b9f8
7d674f54386f250dc8645b51b3136211acc1f849	4ad4033d5988a05c455d0692dc2a1e252ac615b0
d2cdc6f508bbb81e96dc2673cac18b69a8bc834d	4ad4033d5988a05c455d0692dc2a1e252ac615b0
dbb59ceeff9ba592beb4b2b8b6e6c6b0f707f0bb	4ad4033d5988a05c455d0692dc2a1e252ac615b0
8b9e4332a581511de5342f52abe4e8e0afbc720c	4ad4033d5988a05c455d0692dc2a1e252ac615b0
e3f0bc4d87b965e30dfc057eeeaf7517724d6000	4ad4033d5988a05c455d0692dc2a1e252ac615b0
59c00fcd4f2285e0ce22080491a0d76ffdbc7693	8b659cd1bf108d9ea4b561695c98c8c6270e73c2
c9f38af895ef459c8d9565cfcd59a072bb183ef3	8b659cd1bf108d9ea4b561695c98c8c6270e73c2
9dd997196a13fbb0eb891d56f8c77e44a558125b	8b659cd1bf108d9ea4b561695c98c8c6270e73c2
eb6cdb2693c86becb22718393f7fc127abe47d00	8b659cd1bf108d9ea4b561695c98c8c6270e73c2
dc7702130cd34d157cd05472d2253496fdc2b111	8b659cd1bf108d9ea4b561695c98c8c6270e73c2
54ffb91a4d4d1a07d23c1fe4c3c342965356f18d	8b659cd1bf108d9ea4b561695c98c8c6270e73c2
457d91b3752049f09e6672c66cfa3bc8901e7cfa	8b659cd1bf108d9ea4b561695c98c8c6270e73c2
d3852afc31dcec4a4b03ad67f080045e775f4389	8b659cd1bf108d9ea4b561695c98c8c6270e73c2
d26056c07e621ad52030d527224cb7d0a263c316	8b659cd1bf108d9ea4b561695c98c8c6270e73c2
baa478b4df4d11f36f9545d7688b0b650883c935	4d777b449760b9ace3ed933c243526645223b7e6
e5774e143290814309d06f75448c02eb8ecb08d3	4d777b449760b9ace3ed933c243526645223b7e6
ca0e191aafd3e23cf40c8c69955adcdd840611cd	4d777b449760b9ace3ed933c243526645223b7e6
132a39239263604ae2cf26ec3829fa4062cf8a03	f3a961545a4cf87220136c4a8dfbff6b7d1cfbec
fef171325e52519923960ac6dfec06c9bad28146	f3a961545a4cf87220136c4a8dfbff6b7d1cfbec
004ae62c59a934a2e10a87d2f0b9cede76d0076b	f3a961545a4cf87220136c4a8dfbff6b7d1cfbec
d878c6cb254ac810f0a24e1ce033545b0df9ce34	f3a961545a4cf87220136c4a8dfbff6b7d1cfbec
1a95001738a679f0d7d342f376e3b7c0cfec2f43	95b0c5506e25992fab637f0e7234157bc2534ddf
211d98d00d89cbe391ec69ae4ba999234e3ab046	95b0c5506e25992fab637f0e7234157bc2534ddf
bb95f4c245aa537137086baaf1611bd38573c316	95b0c5506e25992fab637f0e7234157bc2534ddf
ad7818518ce4e0ee6e9f5653951a393e9ca27881	95b0c5506e25992fab637f0e7234157bc2534ddf
88c24f7a670e4f8b3986803740545d3820288b18	95b0c5506e25992fab637f0e7234157bc2534ddf
7601576ab56528d83393d8823a5cb3447531a6f5	95b0c5506e25992fab637f0e7234157bc2534ddf
ed1d9195310992df87e38b014fe0ecfdc688be8a	95b0c5506e25992fab637f0e7234157bc2534ddf
82dd86e8b8f3c721e5609de2454b5462394f50ed	95b0c5506e25992fab637f0e7234157bc2534ddf
9a56ac7d39e466dc25ddd095b931c2f50787bff7	95b0c5506e25992fab637f0e7234157bc2534ddf
87d9e5522382c8353b790948ea683637be4329da	95b0c5506e25992fab637f0e7234157bc2534ddf
19af76e181e376717da20519928d755faf89d734	95b0c5506e25992fab637f0e7234157bc2534ddf
4f6e229c8195f5d8cd025114ba1132a2b5dbeced	95b0c5506e25992fab637f0e7234157bc2534ddf
313774ca7d7a5f5e3650a8588fe90480bfef0dba	95b0c5506e25992fab637f0e7234157bc2534ddf
549245f35bea6e7e0c496b1cb5f99fceab4a3ad2	95b0c5506e25992fab637f0e7234157bc2534ddf
fd983296c57d5578aca4c93475ffaf01a159f001	95b0c5506e25992fab637f0e7234157bc2534ddf
3db93a13980124fa2cb01d5fbd1a3d543235cc6f	95b0c5506e25992fab637f0e7234157bc2534ddf
83b80848f07c1cf109e977415b0e1b281ea3dfe7	95b0c5506e25992fab637f0e7234157bc2534ddf
82e8516a1d0133b6f6362e9c20bda5dc1b34465c	95b0c5506e25992fab637f0e7234157bc2534ddf
f96b52c0ce546509b34438bd108d7b0ffef1f6bc	95b0c5506e25992fab637f0e7234157bc2534ddf
4fbd71b3372b2a718f888cfd7b965dc25878bc91	95b0c5506e25992fab637f0e7234157bc2534ddf
84763ccbf9230c31b8811aac19d6b3acd59c82a9	95b0c5506e25992fab637f0e7234157bc2534ddf
7b5556b67e2453bcd80dd772819cad97b808f826	95b0c5506e25992fab637f0e7234157bc2534ddf
30a13b353f0d6671d4444a066aa6699bdc7e1f42	b36c88a7ed769019aecaabcab0fa13ffa3463d56
15eca9723611f4ca849c1208d4273ed792066294	b36c88a7ed769019aecaabcab0fa13ffa3463d56
1faedb8463b541911e9045a745621468cc3e8da7	b36c88a7ed769019aecaabcab0fa13ffa3463d56
59813139684cea1ed2eb86d2575d3e598b596241	b36c88a7ed769019aecaabcab0fa13ffa3463d56
b9aaa3e11b8f91ff6ab277e6664aca14bf4edd90	fbdc23b24a5c02361fe54853bc0b7c476bcb0ee4
d5b31340120ece1da2603ede2e4b2e7af75a42b5	fbdc23b24a5c02361fe54853bc0b7c476bcb0ee4
372cace1f88f7298165a2a59581d272314ff8fab	fbdc23b24a5c02361fe54853bc0b7c476bcb0ee4
f11ba3966ebadae5d24335cfe4169da98c90aab0	fbdc23b24a5c02361fe54853bc0b7c476bcb0ee4
7a85b2950813a3d845c33a3f41eb3a520c505a86	fbdc23b24a5c02361fe54853bc0b7c476bcb0ee4
3ba9a4bb38eb45231b1b4a080a0bcde181ee4644	fbdc23b24a5c02361fe54853bc0b7c476bcb0ee4
ce09e486be2ca75b006df23af7324cded7ee442a	fbdc23b24a5c02361fe54853bc0b7c476bcb0ee4
2c259325e32412bfd5c4ecc875fcd68639fac719	fbdc23b24a5c02361fe54853bc0b7c476bcb0ee4
1f271534285a9be0db1959e206e5e461eb4742eb	fbdc23b24a5c02361fe54853bc0b7c476bcb0ee4
294edf2e7a76771f6449f34a92c42fb20d70ce2e	fbdc23b24a5c02361fe54853bc0b7c476bcb0ee4
510fbc15356a056b631ee4184aee11c6a7ee13eb	1115158529f90b5b592f32d68e47e34a314b24f5
93cd483b8d49e1abf4329c4f6b7487d17c19aeb9	1115158529f90b5b592f32d68e47e34a314b24f5
37f929dcbf3c044d3b73295d87fa4dbdc4500cce	1115158529f90b5b592f32d68e47e34a314b24f5
1b6249fdaeb836a1c835a26a95bcc9d9da9096e8	1115158529f90b5b592f32d68e47e34a314b24f5
7f7523b574056b58bb8053c290af978f1f84a5d6	1115158529f90b5b592f32d68e47e34a314b24f5
d15750b5f95fdb498746843d42588db38fe5278b	1115158529f90b5b592f32d68e47e34a314b24f5
dc6c73e32afffff7a53b1e4ade3afaf6f23f92be	1115158529f90b5b592f32d68e47e34a314b24f5
7331be6cb9b2a32cf6c72e01cba91e8f259af23c	6118d50eb63d9a7a561d48ab39a59aece1ea017c
1d910654e8248d5917a8605379d1eb053bb06e4f	6118d50eb63d9a7a561d48ab39a59aece1ea017c
81c6b0b4e71ad426694b62273b2c2ec6fa90cf95	6118d50eb63d9a7a561d48ab39a59aece1ea017c
6f801353af6989d6ebaa5bdd98bd0f08ffe6fc2b	6118d50eb63d9a7a561d48ab39a59aece1ea017c
2e42667a11b3c7892db38756bdabc9d641d910cf	6118d50eb63d9a7a561d48ab39a59aece1ea017c
f03b2c0207608c7517194b7b3433e319f2c3a823	6118d50eb63d9a7a561d48ab39a59aece1ea017c
8a9ed09e6bf7f0e0f826b751167d8c23277ba8dc	6118d50eb63d9a7a561d48ab39a59aece1ea017c
e71a6fe99c8c81fb62f278a8825672e37e28401a	863a59eb21c2278df36dc9a6600b3375e62436c6
ae1b9ea11d944d5f0c3ee3843e426e2bcd924e0b	863a59eb21c2278df36dc9a6600b3375e62436c6
df68dacf8cf8a57eabc7e9d13e89225840fa09fd	863a59eb21c2278df36dc9a6600b3375e62436c6
42ea1f417a6dced4b95fe23683b4bec775a423f3	863a59eb21c2278df36dc9a6600b3375e62436c6
b97c87d1cd786710a49766f5883d492a97cea74c	863a59eb21c2278df36dc9a6600b3375e62436c6
00bc75e01fdd9250fbd8228552ee8f0391e4c85c	863a59eb21c2278df36dc9a6600b3375e62436c6
4e3cfe041f38e586953199372bcfc26d8389a2e0	0b5287e4ec6c7a0787622638568472c24159be76
9f4f6727cbfdb3d7eab4e3d672144ac8ce184b9c	0b5287e4ec6c7a0787622638568472c24159be76
92f13a4c143837688c3da18b491aeeb342e48e55	0b5287e4ec6c7a0787622638568472c24159be76
97c78527ce27c1bc149e72859d6201432a128275	0b5287e4ec6c7a0787622638568472c24159be76
47b2e40b25fb1996fbcf5b2348126e914250eed1	0b5287e4ec6c7a0787622638568472c24159be76
a335e0289f9aef1c342e24a31e63b0067bc17108	0b5287e4ec6c7a0787622638568472c24159be76
9754ecb0ac3190d31c87257796aecf4b3abbba75	0b5287e4ec6c7a0787622638568472c24159be76
866b1ceacee063745492e047872b0912ed435b90	0b5287e4ec6c7a0787622638568472c24159be76
6393e4ac8f5b154dab51e7f2afb7b8afae702347	0b5287e4ec6c7a0787622638568472c24159be76
a720c79d15f0911a9e75594dc850b7f7eb11fc55	0b5287e4ec6c7a0787622638568472c24159be76
fd5fcbd3ceeb3f75064cf5ce312f6bd06b44f123	0b5287e4ec6c7a0787622638568472c24159be76
c977c1a3d0c7f30d1042c67222d250b71e4f43bb	0b5287e4ec6c7a0787622638568472c24159be76
28213602cbd09bf15371ab5c79a51357d03f6745	0b5287e4ec6c7a0787622638568472c24159be76
9c5fbefcf78d06ccccd0cea9b8d9d7d769ef3e5a	0b5287e4ec6c7a0787622638568472c24159be76
fdbcec1fde8c19fa663e8ea4b7b690191834458c	0b5287e4ec6c7a0787622638568472c24159be76
ac1a99f9ea6bc0e264b5d7496e3c96c6d0cd962d	0b5287e4ec6c7a0787622638568472c24159be76
29a31dd63b7625da2aed59bd990a4acb1396cda5	0b5287e4ec6c7a0787622638568472c24159be76
15f266d73bb670433fc0af45326c417c32d5f5f4	0b5287e4ec6c7a0787622638568472c24159be76
772813f0335995134ea9bfb6d3c925d31e2dde0d	8c3096d8732b32fb3ff0fa2836f520c631335558
dda59d7a1a19b4e12c92876896d05b749ad6cdae	8c3096d8732b32fb3ff0fa2836f520c631335558
4f8408ca837c0c79d2b55765032e104ba338fc2a	8c3096d8732b32fb3ff0fa2836f520c631335558
a383477011c49374e338eaa57fdba679e2edb913	03b7f90671f41c3b7e043ce439286516fc884878
51d5a235d6bdf74f61e65ba7376865bdaa1bfe8e	03b7f90671f41c3b7e043ce439286516fc884878
309603e7f1362acfa1fffa53ceab2861a6335b57	03b7f90671f41c3b7e043ce439286516fc884878
6fb1655883c2c633684472884975c0e1bc5f43bc	33bb231efaf2e57eda60a454addc4e7f8244b502
a136ccedaa6953013820218c7ac9badb998cfbe9	33bb231efaf2e57eda60a454addc4e7f8244b502
e8576619b75ca51b55ab80b11b67f0709515dcdb	33bb231efaf2e57eda60a454addc4e7f8244b502
50fa1411bd1e429aaa7295a49d393a47f2c98606	f56b0127ebd4d055769c808b570247807a825008
c6eb93fabd4ea0bee4823588cc5dfaa72e85edd0	f56b0127ebd4d055769c808b570247807a825008
ed1d55c6cf5b226187b6cbb0e3c0cf7757ff3169	f56b0127ebd4d055769c808b570247807a825008
eb27f58668bf406dbded7333e741229894f2f6b6	f56b0127ebd4d055769c808b570247807a825008
c9040e292fec2bd543f950e2d4e03b781d983da9	f56b0127ebd4d055769c808b570247807a825008
2831f019f1ab606752bfe5675d2ebb956a1b5f4a	5c62df9829938eb3a11235668e7749886951b78c
506ca13b6be9ec7b886c65d843c15de5bc5d6381	5c62df9829938eb3a11235668e7749886951b78c
28c175c7f34949fb960f1bce7d4eac433dc3309f	5c62df9829938eb3a11235668e7749886951b78c
436e8650f5bd37ad4683d228cc94e083404d697d	06654fff678c036fa15fc8bc89f1ead112e7d9b3
ca9828238c33ac7b911cfe46e39a2e34fbe4a7e6	06654fff678c036fa15fc8bc89f1ead112e7d9b3
da292e8c23afb3f19b1fb47d1b0041c507a5825a	06654fff678c036fa15fc8bc89f1ead112e7d9b3
64836ff2fc53ba1579ddd57c6eb1c5d705578c4f	06654fff678c036fa15fc8bc89f1ead112e7d9b3
a997c0d22f3e986bb387667c1a4edf2435bddc02	4c3200b0fc3b5bbd729e733cf0f47a390ad3b0da
637303683e32d9504bc7dfecad2d468f4504bc84	4c3200b0fc3b5bbd729e733cf0f47a390ad3b0da
9beba6f7ff49369b2d7e75645ad5060c8c7e5369	4c3200b0fc3b5bbd729e733cf0f47a390ad3b0da
90e4159550a9ca8474b56d41991db99787461f78	f00591859f7c2143bff8f9967b1b09645c2b7b58
3bb2bc3e2d7b8b948133981dbc2d97119cc477e9	f00591859f7c2143bff8f9967b1b09645c2b7b58
f16b4df84f25304cffcb5031c8df4664801996ec	f00591859f7c2143bff8f9967b1b09645c2b7b58
1a8c87ad06297190a255bde46295758e81acd9c3	f00591859f7c2143bff8f9967b1b09645c2b7b58
3dffe727405dfb9f93a6505b05c5db627c67db4f	f00591859f7c2143bff8f9967b1b09645c2b7b58
ff364890f1c7a2bdae77e9a16d9a314285494606	f00591859f7c2143bff8f9967b1b09645c2b7b58
f3f9bf0695fcfa85b35b740c242c138bf42b23bc	f00591859f7c2143bff8f9967b1b09645c2b7b58
41c79d408a834279170c1a87951a8e3dd3ee922d	4d79f55a3e074b94154973044882e4afc4fbc507
9e532b0a002bdc9b1f1d04f66360adc67493ea3a	4d79f55a3e074b94154973044882e4afc4fbc507
d3c204a3c11768840999f13a8307228c991b112e	4d79f55a3e074b94154973044882e4afc4fbc507
bd2fffc6a1f525bfe360aeb43b7c376f4d377ad9	5ba3be625d53232a04c8db19e38832825a3b2a35
e2dea41b7bc2122845a100a350cacfd459b30075	5ba3be625d53232a04c8db19e38832825a3b2a35
5e81ed28f58e4438643fd09f77d3eb37a01e9d1b	5ba3be625d53232a04c8db19e38832825a3b2a35
4154c9dbad53aa5dd6aefe648efe3c0396ea332f	5ba3be625d53232a04c8db19e38832825a3b2a35
fe0477f2617dbf3ee8b72d8af248a40287268e4e	5ba3be625d53232a04c8db19e38832825a3b2a35
5ba7edf922f5d18f6372ed8cadd7d11f5cb04161	5ba3be625d53232a04c8db19e38832825a3b2a35
acde30c794699ad42422ce29429cdeed78fc0b71	ed17ffa7dfbc3b6b4cb9a24bfc38bceefedce153
8440317a29372cf1a386d37dc47a1dcdb02b1519	ed17ffa7dfbc3b6b4cb9a24bfc38bceefedce153
042898257a8f1c3d109348d3b9ca51e9ccea898f	ed17ffa7dfbc3b6b4cb9a24bfc38bceefedce153
2f095db9f5cfc97f3322e6a6e73461478c0cec89	ed17ffa7dfbc3b6b4cb9a24bfc38bceefedce153
bbb1474ea62d73d109e131003a5e6bf59ab412cf	ed17ffa7dfbc3b6b4cb9a24bfc38bceefedce153
3e3dc0463ee0426600e0d121a7fac6ee8797997d	ed17ffa7dfbc3b6b4cb9a24bfc38bceefedce153
82547211327c9b09e1afce65c211b0e0bbfeb281	ed17ffa7dfbc3b6b4cb9a24bfc38bceefedce153
be3b706f8dd4e1c411806167d0839b108f22b1ea	ed17ffa7dfbc3b6b4cb9a24bfc38bceefedce153
b6324f0cb361e7bc395ea02863aabbea61523a60	9292dda67a69d24dd62cb55191f449717a360228
b878c5acd1db593e1b04f1487e50b830c708a468	9292dda67a69d24dd62cb55191f449717a360228
6e2fe56315976fb9ac123454dabea44e89843122	9292dda67a69d24dd62cb55191f449717a360228
ccdd24614ea80db1a6bfe78bf8627d2faad67d9f	9292dda67a69d24dd62cb55191f449717a360228
54e4501829651d61da0c333e879d206b2ea62de3	9292dda67a69d24dd62cb55191f449717a360228
d81e01ea2f6ab4ddce1b1ea18d1181647186dd90	9292dda67a69d24dd62cb55191f449717a360228
1abeecbc9a0f31d614f10e365b1b1586f7989de1	9292dda67a69d24dd62cb55191f449717a360228
9cd263737e62672923ddfad55128251a87194786	9292dda67a69d24dd62cb55191f449717a360228
f693b3af1f0088682f10a0c3e23e1b240b027cb1	9292dda67a69d24dd62cb55191f449717a360228
dbffc54d91a281e2fdbc5523b2c4d95e1d48ddb1	9292dda67a69d24dd62cb55191f449717a360228
8d9216d9334cfcb2c5ab9d75c60e283a0e59d5f2	9292dda67a69d24dd62cb55191f449717a360228
894b699ca76a5f4b443ae6f55b8d8ff599e1d920	9292dda67a69d24dd62cb55191f449717a360228
ceddd33c1adf884f20f52e8b88e15f656bbf51f0	9292dda67a69d24dd62cb55191f449717a360228
7572bfb54d9e859998b76a0fe5ba89b4ca9acf60	9292dda67a69d24dd62cb55191f449717a360228
15baa5b6bb323cbcb4777fd04283ac30526929d6	9292dda67a69d24dd62cb55191f449717a360228
de8fd4436cef5cf48364e812c64f90dbb0560f0e	9292dda67a69d24dd62cb55191f449717a360228
91eb4da97b2a316234a3f4a8991e5c1c823007a9	9292dda67a69d24dd62cb55191f449717a360228
7871411b2accc07219c33af5ae605dea2e8aacad	9292dda67a69d24dd62cb55191f449717a360228
2fb74502b4aa51c0e51b4331a1129242ae06b7a3	9292dda67a69d24dd62cb55191f449717a360228
399de07da9adb1e36a3aa21410cee4c514222ba9	9292dda67a69d24dd62cb55191f449717a360228
9977b3ea2e24d83941153ea2ba09fe133aea9899	adab6e567fda3cf97ded8bfd0ce14376c64222c3
343cf3a885c77cea4529ea2263ddfba0c2ec1beb	adab6e567fda3cf97ded8bfd0ce14376c64222c3
f8598e748fea6af855fb1799b60bb05e27d57aae	adab6e567fda3cf97ded8bfd0ce14376c64222c3
ddb3cf653ba2184b6fffd607c2b5bd0b1436e938	adab6e567fda3cf97ded8bfd0ce14376c64222c3
c82470de82d8bc8a25cc2f6b955bc82aea210ec8	adab6e567fda3cf97ded8bfd0ce14376c64222c3
ad920e6c34688aeb4414af6111d7a1900ac99009	adab6e567fda3cf97ded8bfd0ce14376c64222c3
abe406c03fb4c36ce8ec1841141a4bc260c890a4	adab6e567fda3cf97ded8bfd0ce14376c64222c3
a5267b525779ed78397d93d3aa3ce2072e2a76ba	adab6e567fda3cf97ded8bfd0ce14376c64222c3
32ec65d94e4bd729a42ddca969e017af16a3cdf8	adab6e567fda3cf97ded8bfd0ce14376c64222c3
f11c0ec0ba4a83d4a83748380e4e088d768099d8	adab6e567fda3cf97ded8bfd0ce14376c64222c3
3f66708314ee884854e15b47181b80a5bb120257	adab6e567fda3cf97ded8bfd0ce14376c64222c3
1ad8bdc9bd2cd4bbdf8b5998c6895a4c8290b7d1	adab6e567fda3cf97ded8bfd0ce14376c64222c3
5b3404c1ffbefdd018008560ce44d6aa5f1f6f4f	adab6e567fda3cf97ded8bfd0ce14376c64222c3
a4a8786f1b5227987493835747c7f67f4f31441d	adab6e567fda3cf97ded8bfd0ce14376c64222c3
94eb27ee949caf5a3e4b31b5806afa74939d6389	adab6e567fda3cf97ded8bfd0ce14376c64222c3
57ccb3dc5b1193c13b792d5d6e5da9a5ec32ce9e	adab6e567fda3cf97ded8bfd0ce14376c64222c3
4004d7860b0292fe8a97df7270733568ea11ff3d	adab6e567fda3cf97ded8bfd0ce14376c64222c3
3acf8ada7a39620fbf37edb5d144063f81b3f99a	adab6e567fda3cf97ded8bfd0ce14376c64222c3
094fdbbc5ea107658a7f9957e660903b5d6147b7	f4bc311a9fca862009f4b6ea275008e55efdcf13
7ca2318d8bbe1821471bb58e12278706ea28d0d6	f4bc311a9fca862009f4b6ea275008e55efdcf13
98095aaf140ea16b24561f3c1fa3adba6a700503	f4bc311a9fca862009f4b6ea275008e55efdcf13
4e7f639b143a673173ca05f0f43bf7bafd33d46c	f4bc311a9fca862009f4b6ea275008e55efdcf13
46435ad08828b7a76022f23747117cbbdb5736d2	f4bc311a9fca862009f4b6ea275008e55efdcf13
fd97c208cacd30c08fd02c7aa18638cb7ae2d00d	f4bc311a9fca862009f4b6ea275008e55efdcf13
f5a141040c03ccb7e9316b3039ba5b7d90924934	f4bc311a9fca862009f4b6ea275008e55efdcf13
f2b996fb53f6b3d3bad12e4df25c474dfca81591	f4bc311a9fca862009f4b6ea275008e55efdcf13
64193de698da6ba91821413d740c5aee1c7653ef	f4bc311a9fca862009f4b6ea275008e55efdcf13
560622b67bce092ab7242976cae1ae1c635bb32e	f4bc311a9fca862009f4b6ea275008e55efdcf13
f5e33ae4eb0f31809a6764a639817557a9317823	f4bc311a9fca862009f4b6ea275008e55efdcf13
bc6b314e382fcf8655e28ebc5315600844da94f1	f4bc311a9fca862009f4b6ea275008e55efdcf13
5ba61f8f5924fc998ae8284fe7cd1d80f2a0cf8b	f4bc311a9fca862009f4b6ea275008e55efdcf13
4da741edebf638ea2b6a682063144d437446b615	f4bc311a9fca862009f4b6ea275008e55efdcf13
b1c1ee5ba22127c6cd4271ecf2b91340afc0a817	f4bc311a9fca862009f4b6ea275008e55efdcf13
3d65a932cafa2b46cf0177ac2fd98ab92ab0bbac	f4bc311a9fca862009f4b6ea275008e55efdcf13
b026da724218f0322d882f2e2970a88260e267ee	f4bc311a9fca862009f4b6ea275008e55efdcf13
7a35bb6f2c5aea20fb828c98588d8cd71809db9e	f4bc311a9fca862009f4b6ea275008e55efdcf13
c3b42867b680f47d544e5f750ec24e1f7ccb8d2d	f4bc311a9fca862009f4b6ea275008e55efdcf13
079f229df5ab933745f65217bd4d7cd5c3f92e71	f4bc311a9fca862009f4b6ea275008e55efdcf13
73f9511491b0d1415b711fad6d2192af4c136095	f4bc311a9fca862009f4b6ea275008e55efdcf13
4fc0e04292c40c71dc87e3a30cab75bf352541a3	f4bc311a9fca862009f4b6ea275008e55efdcf13
e9ee418aae12fb4024a72fd1b1b5e723a6a25e65	f4bc311a9fca862009f4b6ea275008e55efdcf13
38ed8aa08efcafae8b095b9ee90e7e674c580042	f4bc311a9fca862009f4b6ea275008e55efdcf13
322f19363544a7268c554cc9f0153886168d6b2d	f4bc311a9fca862009f4b6ea275008e55efdcf13
841991adb5d9c44e653fe64ed89e3dd62c2dc225	f4bc311a9fca862009f4b6ea275008e55efdcf13
93c39e2d4b53b724277599656a6446b6dea6c336	f4bc311a9fca862009f4b6ea275008e55efdcf13
b5562cd625eed064f545b298d3e0e620b9b119b3	f4bc311a9fca862009f4b6ea275008e55efdcf13
7024c339684f4e8ea947ea2deee099218ac69be8	f4bc311a9fca862009f4b6ea275008e55efdcf13
1f6f1c5c9fab5fed2d515fece067f49446b4db2a	f4bc311a9fca862009f4b6ea275008e55efdcf13
e732134dafccf823ab363080522249d4e44b81aa	f4bc311a9fca862009f4b6ea275008e55efdcf13
3597470e75204baf0a6530a96aac23fdd0042b4d	f4bc311a9fca862009f4b6ea275008e55efdcf13
e92f699919316ddb29c47152cfc40e2cedb618fa	f4bc311a9fca862009f4b6ea275008e55efdcf13
76afb3c070c5009a7b4f6da32a8226712d2dc38a	f4bc311a9fca862009f4b6ea275008e55efdcf13
a0f637db34bb7f41a55ef715c8d07a2c1ac62231	f4bc311a9fca862009f4b6ea275008e55efdcf13
e4fe1aa8281b9b2aa677c65f0af21735888e6326	f4bc311a9fca862009f4b6ea275008e55efdcf13
2e405a3e393abc67633456ffa49c4665ba942327	f4bc311a9fca862009f4b6ea275008e55efdcf13
70f072c38874fa47c745fa5b3baf8964a83c38f0	f4bc311a9fca862009f4b6ea275008e55efdcf13
a1daaa92d6242ad82d30edfa06fd1779b7f2239c	f4bc311a9fca862009f4b6ea275008e55efdcf13
54d45aae75b7583f2c245c23fe96ad04b7aa8d6b	f4bc311a9fca862009f4b6ea275008e55efdcf13
6fbb873b198ca43c80fc13cb2acae11465513f9a	f4bc311a9fca862009f4b6ea275008e55efdcf13
1101ea9fee054ab3a203b489dbf2c5dc20a34592	f4bc311a9fca862009f4b6ea275008e55efdcf13
09fe9770767845d646a1381c1585f39a2ee80c3c	38cc3274532752acafee0a097ffbd43ff8d8d6bc
ef5761bde67a1bf2b9028c87add0c992b75045ce	38cc3274532752acafee0a097ffbd43ff8d8d6bc
6c726046a6f086c116f57c05ec2d7cff81f9e082	38cc3274532752acafee0a097ffbd43ff8d8d6bc
6daf77e1f9b368f02273cdaf092310a70cd19135	38cc3274532752acafee0a097ffbd43ff8d8d6bc
cdc1d7f34738de0ff8084da4b9b9ccea40d26413	38cc3274532752acafee0a097ffbd43ff8d8d6bc
4f1fca497315646cb48f429175cf4de776dec457	38cc3274532752acafee0a097ffbd43ff8d8d6bc
0fb9e419f2cd4973220b878df029e53cca22c7c5	38cc3274532752acafee0a097ffbd43ff8d8d6bc
3465b52b80fe5ad1374d0c39d33d2ea1ff391f90	38cc3274532752acafee0a097ffbd43ff8d8d6bc
3b42a0bec6f61a8e129d5c2cc73e54c8d46b6985	38cc3274532752acafee0a097ffbd43ff8d8d6bc
579f94af5ca3e6d879063d3970cdee4bdfa2bc40	38cc3274532752acafee0a097ffbd43ff8d8d6bc
77b1fd0df3a13b3643faa72660c44d0c94100b26	38cc3274532752acafee0a097ffbd43ff8d8d6bc
a9a6b97311fc4f9d55975dcae62f19d29890d888	38cc3274532752acafee0a097ffbd43ff8d8d6bc
db9b352df7002e3d3d86e8ffc8733a858e223930	38cc3274532752acafee0a097ffbd43ff8d8d6bc
16eceb623f3f06454c5f095186fd5b4900daf6b0	38cc3274532752acafee0a097ffbd43ff8d8d6bc
70419659bfae9e6bcbed3611409cc702beb84a9f	38cc3274532752acafee0a097ffbd43ff8d8d6bc
4a380694ce8d647ed3b39a29072bc0891e5b14f2	38cc3274532752acafee0a097ffbd43ff8d8d6bc
17b8ca4f91444825fcf89addae84caface0f1527	38cc3274532752acafee0a097ffbd43ff8d8d6bc
c23a1463c7366eb4872d8dfc183f3a1c455ae7f2	38cc3274532752acafee0a097ffbd43ff8d8d6bc
55c90cbd04d657028aa8bcb97657df60fa8f14b9	38cc3274532752acafee0a097ffbd43ff8d8d6bc
ba969609bcbd233a047e04933d8ab5a838539ad9	38cc3274532752acafee0a097ffbd43ff8d8d6bc
39d65b45dc0d43776739cc2d515d6af65dc23fed	38cc3274532752acafee0a097ffbd43ff8d8d6bc
5ca22501419909311da80bdb40f3a8b1b8c1c712	38cc3274532752acafee0a097ffbd43ff8d8d6bc
d79f9265684025ce9fe8f24bf2671f4c5da8f45b	38cc3274532752acafee0a097ffbd43ff8d8d6bc
a9787651de733143c8e8d4530812cd06ddf035b9	38cc3274532752acafee0a097ffbd43ff8d8d6bc
8b17384c0afc61160a230e1568229a4cb35056eb	38cc3274532752acafee0a097ffbd43ff8d8d6bc
a802ca96183e1e83b4094584cc833f265fce96b2	38cc3274532752acafee0a097ffbd43ff8d8d6bc
2481c1f33b4d52e7eaf2c77d61d8f64b0e050409	38cc3274532752acafee0a097ffbd43ff8d8d6bc
b47e2e696ae0e73f1a9ea955d372c9e417b43cab	38cc3274532752acafee0a097ffbd43ff8d8d6bc
25d26967fea574bed355ab6cdff2dc94f2f6ab20	38cc3274532752acafee0a097ffbd43ff8d8d6bc
78577273398af964d807979040ab35cfcf815810	38cc3274532752acafee0a097ffbd43ff8d8d6bc
4cc8cf50e64df38b47009050ab8212c88f9f7065	38cc3274532752acafee0a097ffbd43ff8d8d6bc
b52ddad2da0d9bdc9425d7934ae81e75701dfc3d	38cc3274532752acafee0a097ffbd43ff8d8d6bc
a1ccaed0cf6f37f2a627d57b5aec35677ffba97a	38cc3274532752acafee0a097ffbd43ff8d8d6bc
359056922684f3c8b4c87ac799fa65d0e61351ed	38cc3274532752acafee0a097ffbd43ff8d8d6bc
d2815c479dad15e49dac6371f3decca354753bbf	38cc3274532752acafee0a097ffbd43ff8d8d6bc
e572bcf6ac474615a8824f752c8235054ec7c633	38cc3274532752acafee0a097ffbd43ff8d8d6bc
0eb01e020de54e070591ff0c9b6224bc3f2b51ee	38cc3274532752acafee0a097ffbd43ff8d8d6bc
5b28b09eade8bfced5ad4aadd63d8e990cf5c8ea	38cc3274532752acafee0a097ffbd43ff8d8d6bc
91c1782835d78b2ac87d053f166ec71fa5f326f1	38cc3274532752acafee0a097ffbd43ff8d8d6bc
4b007867b52bea8fc668738a865894b47dcb16c7	38cc3274532752acafee0a097ffbd43ff8d8d6bc
ede79ed1d579573bfc3dd6afe7914f0d952d7101	38cc3274532752acafee0a097ffbd43ff8d8d6bc
4aae835efc97c9c7b37f9ed0bc4471febe13974e	38cc3274532752acafee0a097ffbd43ff8d8d6bc
4ffc6701a7d37c5a43b68583e4cb3a3759a884f5	b50c4d5de2eb4a386ee64e7d7a85e73ed5de9494
4133a68e52d7dda6f273ce50aeb5ebc5c0db69ad	b50c4d5de2eb4a386ee64e7d7a85e73ed5de9494
98b85f93e46352f805e0a950a626f6e944275960	b50c4d5de2eb4a386ee64e7d7a85e73ed5de9494
93e1f0663578ec9f2ccd0b464e386135e38b6d04	b50c4d5de2eb4a386ee64e7d7a85e73ed5de9494
6c5f6a77fb2c826fe144ec9825c16679fc78b90f	b50c4d5de2eb4a386ee64e7d7a85e73ed5de9494
c6382f5613460284c79e3087fddffee5ca7f3e5c	b50c4d5de2eb4a386ee64e7d7a85e73ed5de9494
473bfae1f7f2670f50ba742ef4193b7b05bb1952	b50c4d5de2eb4a386ee64e7d7a85e73ed5de9494
3367c3b436e5839c085a4566db94c7ad76eb1039	b50c4d5de2eb4a386ee64e7d7a85e73ed5de9494
2f948eba5a63d010713d67b7fcf1a151f3be8152	82ed5da1f282cdacdcdf859d40827f90dc20694b
299efc73ab9194cb15bdf2f3173c015bcddef48d	82ed5da1f282cdacdcdf859d40827f90dc20694b
3c55e3d8a9d1919d973c068afbee32e51ced705c	82ed5da1f282cdacdcdf859d40827f90dc20694b
3d5ad09115afeeff29830fef95569788d236167d	82ed5da1f282cdacdcdf859d40827f90dc20694b
64d92fb1ee6d9f1b40ede2581956c39019bd26f7	82ed5da1f282cdacdcdf859d40827f90dc20694b
06be51607e0b0d50bfd34a772bb32009c80ed958	82ed5da1f282cdacdcdf859d40827f90dc20694b
9d84465ba76411829c6bf31490674db400408787	82ed5da1f282cdacdcdf859d40827f90dc20694b
fda68e806ee12b9d30e68cbfd020f23a748d1f10	82ed5da1f282cdacdcdf859d40827f90dc20694b
58f4e8bacedf6a0cca29ce7907aec26ca767579d	82ed5da1f282cdacdcdf859d40827f90dc20694b
fd90916c9f02e9ea059147b09d25f99105412053	82ed5da1f282cdacdcdf859d40827f90dc20694b
5b775808e5009a406e4befd086ace58fdde40973	82ed5da1f282cdacdcdf859d40827f90dc20694b
44f092978df223bd674e099521df7ec6ea42fd32	82ed5da1f282cdacdcdf859d40827f90dc20694b
461c3fd3f98bb54464613f4a19f87caf7705cce7	82ed5da1f282cdacdcdf859d40827f90dc20694b
d03ac8c6310d8298782cd0b05aa7a9d3cbb9f31a	82ed5da1f282cdacdcdf859d40827f90dc20694b
14fc287a4e4b1a6940269f356403dbe729b02aaa	82ed5da1f282cdacdcdf859d40827f90dc20694b
a9f217dff437b7ce678f31cc9a881f62be6456ee	82ed5da1f282cdacdcdf859d40827f90dc20694b
8c83a4fe261aeeb496a3b13db2701133f2618a94	82ed5da1f282cdacdcdf859d40827f90dc20694b
fc918d22f0f92a846ae01c3bfcf238ce60e7d47b	82ed5da1f282cdacdcdf859d40827f90dc20694b
77b86cc34d68d3e88243e3cce2c44b0e10a71c72	82ed5da1f282cdacdcdf859d40827f90dc20694b
527f455b34237ab4a7d8ea3274e440fb1721f097	82ed5da1f282cdacdcdf859d40827f90dc20694b
83d3f841c202f07fe30bf1b3cd5df69bd382972a	82ed5da1f282cdacdcdf859d40827f90dc20694b
8522570fa1115e5c33cf91b42aeab220304eeae7	82ed5da1f282cdacdcdf859d40827f90dc20694b
d443b9382ef84cd1638b8229827c7461d65dac7d	82ed5da1f282cdacdcdf859d40827f90dc20694b
3e349de37cff23d05700031c1350ca3032166136	82ed5da1f282cdacdcdf859d40827f90dc20694b
3c76c5096b367d802993699612deca7972b49306	82ed5da1f282cdacdcdf859d40827f90dc20694b
615a739a4a634646a12defbe78cc816d8f00499d	82ed5da1f282cdacdcdf859d40827f90dc20694b
a72ad1f1649c3890cdd85d72ed500c80a707c805	82ed5da1f282cdacdcdf859d40827f90dc20694b
8349dfa6bee5c4b5c81eb1f2040ec5ddfddaafc9	82ed5da1f282cdacdcdf859d40827f90dc20694b
78114d9955a9c24517efb50205d7a5e86f29ef73	82ed5da1f282cdacdcdf859d40827f90dc20694b
1955ea6a172a9df0108bcd293e597fb4e37ca0c5	82ed5da1f282cdacdcdf859d40827f90dc20694b
9e2404c9788dc3d2082927662b59ecbcc87bedc3	82ed5da1f282cdacdcdf859d40827f90dc20694b
d89ba1243a8e1e8a7dfe9d21dc545e7eb602033a	82ed5da1f282cdacdcdf859d40827f90dc20694b
2a0029b8d2470b415920656260655ae0aeaba6ad	82ed5da1f282cdacdcdf859d40827f90dc20694b
b081ae12b007363c11ade1737b73ce75ee619368	82ed5da1f282cdacdcdf859d40827f90dc20694b
ca7b5752c782d2cb33c7f7687c2393ee84be0c18	82ed5da1f282cdacdcdf859d40827f90dc20694b
b395f607b07161e64396b12f4f390b851099e5c8	82ed5da1f282cdacdcdf859d40827f90dc20694b
906e63f595e06bfda941a9773f51936960df0265	82ed5da1f282cdacdcdf859d40827f90dc20694b
430b2712c3461b3ad6f70bda7233e6f6925e8d22	82ed5da1f282cdacdcdf859d40827f90dc20694b
0aa40e2b190794366599dd57c6d6984ff0a266f0	82ed5da1f282cdacdcdf859d40827f90dc20694b
1cf5b90d651c75be0cfa78abd458b3c503e9e01f	82ed5da1f282cdacdcdf859d40827f90dc20694b
305c220082785317de4dee577a2ad428b47cc590	b4cec9792bffa109420ebff0877066194345bb3f
eedc072baa862d92f8edc440dedda76b308bfeaf	b4cec9792bffa109420ebff0877066194345bb3f
c85ad5834d78667ab6e473a3d6be5e22eb3569c4	b4cec9792bffa109420ebff0877066194345bb3f
3f5972730d1ea755039ee0ecf86ab094e6bfc4a3	b4cec9792bffa109420ebff0877066194345bb3f
0fc14fc2ff0addfe065fdfa203c2ad61c336f30f	b4cec9792bffa109420ebff0877066194345bb3f
7ca13b815b168af17b592df24b9f71679ef8861f	b4cec9792bffa109420ebff0877066194345bb3f
c4c7055643aa7e5c74c577cd88cb27787d6e2006	b4cec9792bffa109420ebff0877066194345bb3f
4da8aebd5f1c0662341d5f18e4cfa0e6fc8084eb	b4cec9792bffa109420ebff0877066194345bb3f
eed60af7801111cc917cb77f0ddb3f6ae1c9f163	b4cec9792bffa109420ebff0877066194345bb3f
c2b30e552c90dc7e2d5efd4e5acf1c6d030a9615	e29e1fb99e215a4b9adf8e58bcef76ad856b01a7
d60d11bd997f7d727a5e9e100dc73af1bc955a4b	e29e1fb99e215a4b9adf8e58bcef76ad856b01a7
1c233e9ec0ba03b919effaad7265445b33fe56b4	e29e1fb99e215a4b9adf8e58bcef76ad856b01a7
f5dcd874f7d3efc06f432fd04a4ec3a3c93988ea	e29e1fb99e215a4b9adf8e58bcef76ad856b01a7
592167e0ecd23e0bfbe18770d070b3009a305526	e29e1fb99e215a4b9adf8e58bcef76ad856b01a7
1f1367be39aebbead59ff1d9d9d4279f0e20739f	e29e1fb99e215a4b9adf8e58bcef76ad856b01a7
282569c19b23c92d926ac80e71f395e88d244dcb	e29e1fb99e215a4b9adf8e58bcef76ad856b01a7
0234b235a26eaa45fdbd7875ab70bb79a5c490c6	e29e1fb99e215a4b9adf8e58bcef76ad856b01a7
aee0f578c22d6d84d80da519e4b2f7634ae4ce59	e29e1fb99e215a4b9adf8e58bcef76ad856b01a7
3a7dc94ce5f96b6c2cf401b80fecf1a423eaf7c1	e29e1fb99e215a4b9adf8e58bcef76ad856b01a7
bfb27dbc90dc87b3e0dbe7d8d10da9359e9f9aeb	e29e1fb99e215a4b9adf8e58bcef76ad856b01a7
10cfa1e66ae07fc810eba5f8b5235f396111662c	e29e1fb99e215a4b9adf8e58bcef76ad856b01a7
f47558782799a7d77c9763cd0bffc15d954d3057	e29e1fb99e215a4b9adf8e58bcef76ad856b01a7
203bf7a6d1fcfa53a8ddff8a77f26d959397dc9b	e29e1fb99e215a4b9adf8e58bcef76ad856b01a7
db6501dc2cdc3127c005fde6e07d4ba8c9b59334	e29e1fb99e215a4b9adf8e58bcef76ad856b01a7
1c13c1b067fa2c6cfb06c27ca5b10b99c7989343	e29e1fb99e215a4b9adf8e58bcef76ad856b01a7
d586479aeb5b822d77e4cd7076ff53eec177214b	e29e1fb99e215a4b9adf8e58bcef76ad856b01a7
38ee89ee41ade13de38a7af324f0e336113dda36	e29e1fb99e215a4b9adf8e58bcef76ad856b01a7
896e5b0f03537969afeae8aee3e4126a4cc2ee41	e29e1fb99e215a4b9adf8e58bcef76ad856b01a7
d2e8b8c018b31f1fa7c26a32029f9de43417b574	e29e1fb99e215a4b9adf8e58bcef76ad856b01a7
e2b41dcba8e34ea8c3004cebb8241b43bc125036	5d51231f2431839debf81e603c694229d6efdd08
826458d6eff32bea0b48cff3cd610d37804919a4	5d51231f2431839debf81e603c694229d6efdd08
1fc10f034f0376cf47222b79b031b01abb750276	5d51231f2431839debf81e603c694229d6efdd08
ef3deeeff98e63a6cb10b0fa1fb4b1c505df2312	5d51231f2431839debf81e603c694229d6efdd08
dc0f744aa96b0dfd6375a02843d0458cef2f07bf	5d51231f2431839debf81e603c694229d6efdd08
a24f71ffeae89e03a7f4b08a3874d02030dee002	5d51231f2431839debf81e603c694229d6efdd08
9a11d24ec0d1b28b4727711a68621f2dd75bbdaa	5d51231f2431839debf81e603c694229d6efdd08
57f02ebb903feb793887925c231c4f88a7fe39aa	5d51231f2431839debf81e603c694229d6efdd08
7b4398264ee774319c5224a1ec97ee6932e1d43c	5d51231f2431839debf81e603c694229d6efdd08
5f236140278ea0124eaf80dbf7343263deed8063	5d51231f2431839debf81e603c694229d6efdd08
b64301a930a011685ed687e592f8c3813cbba028	5d51231f2431839debf81e603c694229d6efdd08
63bcdc48b001f0f2823c28f56173cef6f35d4252	7b7b738d68988b8b06e55227edbc4740a71e4cfc
fc016abf7ec2c74b712d87f2fdceba6eef9a7c10	7b7b738d68988b8b06e55227edbc4740a71e4cfc
441e64c8cebce5c76fcbe79f7dd3f1ec3ea066ab	7b7b738d68988b8b06e55227edbc4740a71e4cfc
4ae8cbe0da2f3bf3f71a4c28d705caa5da873c72	7b7b738d68988b8b06e55227edbc4740a71e4cfc
f47f7e7f7992458291fbd46a83fe40311fb96e45	7b7b738d68988b8b06e55227edbc4740a71e4cfc
59b92c58816edf017aa34a5f0878d95cafd1c0b9	7b7b738d68988b8b06e55227edbc4740a71e4cfc
49122d3da82bf2263dbf6b285de787c7a26d0e1c	7b7b738d68988b8b06e55227edbc4740a71e4cfc
4f763cab122f4ed9f448b6ad9dc234f9e9c3b5da	7b7b738d68988b8b06e55227edbc4740a71e4cfc
7d222a8cf6bffa2d1c469be8a30103bc80692bef	7b7b738d68988b8b06e55227edbc4740a71e4cfc
23370b70fbd50a92158a01c1740a3793e1f27bc3	7b7b738d68988b8b06e55227edbc4740a71e4cfc
1fd491327d03e5029fb62ac5f8cf97fa67ac31b8	a390ab84c6197148b9b49d7d027ac183a6f8be95
06083262e7d1f4ef13f865f0e6bab42fa205f327	a390ab84c6197148b9b49d7d027ac183a6f8be95
c91ebf112519bdbc64ba60f6775f2baaaa1e97eb	a390ab84c6197148b9b49d7d027ac183a6f8be95
1b8766cfbeaf1e7c616a73dd496c6c1171f8228d	a390ab84c6197148b9b49d7d027ac183a6f8be95
d5cc23e35f0aea8b1f518e6cc1b6f4fd0bd338e5	a390ab84c6197148b9b49d7d027ac183a6f8be95
09f24cc33e5e8bee2f36bc59fdbfc3d11c72a7a1	3ec6d88809daaf799bbaab9ee3ab41c0ecf70769
89aeb8cf6db76da02b9fb15573ca62aaf13beffc	3ec6d88809daaf799bbaab9ee3ab41c0ecf70769
9ef539beac1d8f5e477ba2eecb8a6b7bb6cc2863	3ec6d88809daaf799bbaab9ee3ab41c0ecf70769
463901cc7ba1692232e8bb0fdc4c82d0820c7ea3	3ec6d88809daaf799bbaab9ee3ab41c0ecf70769
5fa408440e6b1764994876885d70b69c21183ee0	3ec6d88809daaf799bbaab9ee3ab41c0ecf70769
1f7d2e766f649885ce417956825301194d845947	3ec6d88809daaf799bbaab9ee3ab41c0ecf70769
28dc02b2700a772915ada83f4e44054c78affcd3	342509a6e9aa147cd73c7e5afa3d088c93ae3b74
37209784d715bc4950f24201477d423f879be9f1	342509a6e9aa147cd73c7e5afa3d088c93ae3b74
d5df9a9774959d3797fc44db20f7d858b08f62ba	342509a6e9aa147cd73c7e5afa3d088c93ae3b74
533fc3c853a3fd3b4c206d4e80842d9258428745	342509a6e9aa147cd73c7e5afa3d088c93ae3b74
3733c0d323a796e68ee2e2dda95de0e9bd90cee1	342509a6e9aa147cd73c7e5afa3d088c93ae3b74
55f2caecb680456cb616a28c59934adad330d219	342509a6e9aa147cd73c7e5afa3d088c93ae3b74
c772a3c52f67ba21243138255f0189229dccfa8f	88ff35f2c4bdeb127edc230360c273f0663df345
8a4c04bb91e07ea65c0bbfdd6aa3e6ada5d82080	88ff35f2c4bdeb127edc230360c273f0663df345
a2b4764e6b1ccb7bb37e090f7a6ddb26c8f018ca	88ff35f2c4bdeb127edc230360c273f0663df345
94e77280f4be9e3a328fd31f296184f0f82892ed	88ff35f2c4bdeb127edc230360c273f0663df345
1462ae62512880b7b1201667a4244a43668b4522	88ff35f2c4bdeb127edc230360c273f0663df345
7b62541f567abb19ac6b8673160c58031456bf9c	88ff35f2c4bdeb127edc230360c273f0663df345
9962c69ad45f5a8f286cddbfaab666595b3bfb6e	88ff35f2c4bdeb127edc230360c273f0663df345
226db302fc2b6cb011acb3ba49929e7bbff1d2f2	88ff35f2c4bdeb127edc230360c273f0663df345
f2ac03a1891a328db76962171bd4483d9e86aad7	88ff35f2c4bdeb127edc230360c273f0663df345
6893f8ac6797b69311a66a8feb2f2a609bd0934e	88ff35f2c4bdeb127edc230360c273f0663df345
e3f8662cb418a74b218c48ab160e034fe362565f	88ff35f2c4bdeb127edc230360c273f0663df345
8552414046c4bb31f0f0864d2dfe82e36f0aa69a	88ff35f2c4bdeb127edc230360c273f0663df345
244b28c7a68a2e31121b599301cae32e265949cd	88ff35f2c4bdeb127edc230360c273f0663df345
3190429e9d5fb91dad352a7762707cb0a7eb24a9	ae76244dcc23d26691f124c14e163bf5665ee515
96b3136756824fd9c36bf6c7a1eccdd73fc70e3e	ae76244dcc23d26691f124c14e163bf5665ee515
60721ba017887e8254eb434bf124b19458aadf74	ae76244dcc23d26691f124c14e163bf5665ee515
69f3303c9f7a57c13edb3d64aa8e273581a160d3	ae76244dcc23d26691f124c14e163bf5665ee515
721dcf0bb29a05ea7071c0743af5cfd6d9a9020e	ae76244dcc23d26691f124c14e163bf5665ee515
32ca9b7ea03687110e8c66ec3d0f8d64f844d031	ae76244dcc23d26691f124c14e163bf5665ee515
8ebc83c57a88f4911d158f3d56d332de707dc892	ae76244dcc23d26691f124c14e163bf5665ee515
4af88cd1aeae3ca8d991dad19e39c068b517c497	ae76244dcc23d26691f124c14e163bf5665ee515
9be2a56c42c4bccd1b4c2a7366b553d434e74cb9	ae76244dcc23d26691f124c14e163bf5665ee515
6de99bfa089b80771bbfa05fce381c5b16f06ca6	ae76244dcc23d26691f124c14e163bf5665ee515
40afd7e52005012bd716a4ee1f72f0198d794712	ae76244dcc23d26691f124c14e163bf5665ee515
1b20d150ec2c3375af7f50e73e54127f12e5ac02	085c79e050c1f76ac6d38caaa4647be8394858eb
ef0e9b501745fd89cb0a0c2aa280a1ddb8c0c3fb	085c79e050c1f76ac6d38caaa4647be8394858eb
e8c0845882251df1609a98e4531f8fc7ebb67570	085c79e050c1f76ac6d38caaa4647be8394858eb
8de186d0b8101287d219b9c0a860156b0d01a072	085c79e050c1f76ac6d38caaa4647be8394858eb
03f03e258b722966bc973a1e8ead12e92e69b56c	bc2fe17758a1f4aa1b03844a7b18f68bf9ff5562
cc6b411a8e68cf010ec32b3b09795c564d7871f9	bc2fe17758a1f4aa1b03844a7b18f68bf9ff5562
78c97cf98b620d6a87f293eb1666a34c10f291d4	bc2fe17758a1f4aa1b03844a7b18f68bf9ff5562
6f1ccd7538a4b415d4a6808a5d128dcfad8872b6	bc2fe17758a1f4aa1b03844a7b18f68bf9ff5562
8991ad7c5f101b1b55d8bf31b8208a20af98ea8a	bc2fe17758a1f4aa1b03844a7b18f68bf9ff5562
6c4acd08fd60a5f5e6c6bd0f0996a5b63771c890	bc2fe17758a1f4aa1b03844a7b18f68bf9ff5562
9a5b664b09a4846775bc62cf5835f71810f77cff	bc2fe17758a1f4aa1b03844a7b18f68bf9ff5562
ca846e136e2850ac525d1cdd4af1d5338ff4d2a5	bc2fe17758a1f4aa1b03844a7b18f68bf9ff5562
aa8591014a24a7a35a75c97ae5dc1febcc7733ba	bc2fe17758a1f4aa1b03844a7b18f68bf9ff5562
1217b688dd5a9b6d52e30d209680248ee1e807f0	bc2fe17758a1f4aa1b03844a7b18f68bf9ff5562
7a11b78f396e93e2ca3de48b4f05657719b89198	bc2fe17758a1f4aa1b03844a7b18f68bf9ff5562
9c05d44bc5c304ac67be1d6f41ecf0b1db847356	bc2fe17758a1f4aa1b03844a7b18f68bf9ff5562
b4181ddf0198fc8e27a338045b1f65390e11d576	bc2fe17758a1f4aa1b03844a7b18f68bf9ff5562
1a7a6a3cf9be934d3e30837474e58b9b8d40958d	bc2fe17758a1f4aa1b03844a7b18f68bf9ff5562
7794d0a2d73fba391a1a1560235908c16f75736c	bc2fe17758a1f4aa1b03844a7b18f68bf9ff5562
e08ee1434a819d33aac27cbe12f9ba0db0da8c6b	bc2fe17758a1f4aa1b03844a7b18f68bf9ff5562
4783d5756763c27272141aa518e805d4ce351448	f42f88dfa75a96599a1ab78273a403b0fde248d6
da9425d715fd689bbfdcb3de052b2a89462a8ce3	f42f88dfa75a96599a1ab78273a403b0fde248d6
55af7dc8d506dc278d30fc33c71a82a4eaee12d4	f42f88dfa75a96599a1ab78273a403b0fde248d6
7fad946181ce1e47b9f70e2b92532fae84992b50	f42f88dfa75a96599a1ab78273a403b0fde248d6
d5f6076ae2512077c3551e7203bbfc964bd804d5	f42f88dfa75a96599a1ab78273a403b0fde248d6
19cd8c9cee30e2bf0ae6e0ee99cb5a6bb2fd0b89	f42f88dfa75a96599a1ab78273a403b0fde248d6
f155947af71d325b37e10bdffd01496a085d9c3d	f42f88dfa75a96599a1ab78273a403b0fde248d6
8efbcd21bc7dda60ad2b647787cc55a0479479f8	f42f88dfa75a96599a1ab78273a403b0fde248d6
bd2087cc744dc0c4d0642ab3112182b101768b7a	f42f88dfa75a96599a1ab78273a403b0fde248d6
f6a441dd936c5c31649f8420202ca81e4f50d1e7	f42f88dfa75a96599a1ab78273a403b0fde248d6
a346716412c570ddf74220de5cae244ab93ae39e	06a1d8a021737a5fde9cb946e3613b9abdbce8d4
956308d608b9d0d1003148e8fce5bd69f02dc975	06a1d8a021737a5fde9cb946e3613b9abdbce8d4
e3fc5db423ea555cb941d045ba6e416cd127a4cd	06a1d8a021737a5fde9cb946e3613b9abdbce8d4
48d92db299e21dca81c7fdf11d6965657463315b	06a1d8a021737a5fde9cb946e3613b9abdbce8d4
bff109a8532ba0817203c09bebb724274f9e6a4c	06a1d8a021737a5fde9cb946e3613b9abdbce8d4
31bb3214331e1b053da74ec3b4e6735e9d7531da	60c97e55b2ced8beb88b9ed902f0a78c7fd7d41d
45c258121ef091752003496dca4e40ef1292bb23	60c97e55b2ced8beb88b9ed902f0a78c7fd7d41d
532cf6f2fcbd65b9ec2d806aa7e25053da62f512	60c97e55b2ced8beb88b9ed902f0a78c7fd7d41d
6a1ff7cb8c338b125c276da5b9aa297f99558c31	60c97e55b2ced8beb88b9ed902f0a78c7fd7d41d
f12ed4746a1ff4a4697f5b53d9696f3426aef302	60c97e55b2ced8beb88b9ed902f0a78c7fd7d41d
9dc77a50a8ff222e80cd4b2200148edf564a0a6b	60c97e55b2ced8beb88b9ed902f0a78c7fd7d41d
15a03ccea4650b5e6329269986916383e304b090	d76b6069c4a18317ba58aa8205514d48df2d8bd0
b7524f68f639c437a7ec316fe4abdaf7e55ff03d	d76b6069c4a18317ba58aa8205514d48df2d8bd0
8f41585c96cdf2bc23614e6464e60841fcf175d3	d76b6069c4a18317ba58aa8205514d48df2d8bd0
735246666ba35e1e953631dd7698bd1b62150f5b	d76b6069c4a18317ba58aa8205514d48df2d8bd0
850661361b7a17bf507f33a160ba780e153e38b6	d76b6069c4a18317ba58aa8205514d48df2d8bd0
02b7aab7ce04de00047403214dcb33a4fa6fe928	d76b6069c4a18317ba58aa8205514d48df2d8bd0
08bde5473a9dbe666714212f3cc15f54d476fbb8	d76b6069c4a18317ba58aa8205514d48df2d8bd0
8cb0743249ffa49fd607513349e4415ff4a4eca9	d76b6069c4a18317ba58aa8205514d48df2d8bd0
5ff8183facafe9bb4b41851128e5f84879d49d9c	d76b6069c4a18317ba58aa8205514d48df2d8bd0
36dd6eefbf264012ee602bf0c794880e5d9bc359	d76b6069c4a18317ba58aa8205514d48df2d8bd0
acd68c4e4a98575891297cfa240db798993b684b	ad0e9216c4bcbf64debf34b0eec0f26c8a5e617f
a40a18ad20c1f6e3ccce20616e5402c3a930f744	ad0e9216c4bcbf64debf34b0eec0f26c8a5e617f
d9d03b756a97c1f687db715e2ef8df0035939b5f	ad0e9216c4bcbf64debf34b0eec0f26c8a5e617f
6480f3a09cd960f6e2dd00fe11d49dd3ae20d198	ad0e9216c4bcbf64debf34b0eec0f26c8a5e617f
c1e1c08f730add7028f85e05d3b384b0d4fb04b4	d8335ae5db08d6db1d2d2eb4815947d7d0104ad6
95b4e24d0e899b9513810883b188612d99c98fac	d8335ae5db08d6db1d2d2eb4815947d7d0104ad6
8cfa1010c62f78370d874d3048841e21fd30791b	d8335ae5db08d6db1d2d2eb4815947d7d0104ad6
e42e38969387c9b433b910d9753841e101a8e7df	d8335ae5db08d6db1d2d2eb4815947d7d0104ad6
9a68b6a4ff5a690918e37e3de69d5b9c2627892f	d8335ae5db08d6db1d2d2eb4815947d7d0104ad6
91cbaddd2fff0f7502fb8012a0f4074607d5bcf9	d8335ae5db08d6db1d2d2eb4815947d7d0104ad6
1095dcf473e7bf4ea69aab9d77da4ee6e728a23b	d8335ae5db08d6db1d2d2eb4815947d7d0104ad6
7b46fd198f0f159b6b14738dd5f9774aecec907f	d8335ae5db08d6db1d2d2eb4815947d7d0104ad6
cea83c76fb90467c6abbfe3d28297a49bd16f0bc	d8335ae5db08d6db1d2d2eb4815947d7d0104ad6
1c09a19b868035071e7c9c85dfa4063c23b7054b	126c2963955624a9fc6b414b14ce9083585aba9b
0ed5ab7e42b85df17407fc731f901f3cb41ae2ed	126c2963955624a9fc6b414b14ce9083585aba9b
5203253c06f4915cb5765e954942dce9cf2d0767	126c2963955624a9fc6b414b14ce9083585aba9b
528b0cd62dcc7bd115e9639e58e86858fef6ca44	b4439a1bc1531af8b8faecf76e0cc55e8ac0692c
83558ededc5057d801a5f67b666f3c812bc01458	618db97f81abece1314b96efba1a140d65d77129
f7bc19ef230f432b2df2e7add7061c9174a551b8	618db97f81abece1314b96efba1a140d65d77129
0bcb76e0b24d780906ec447a1e900b0c010e6354	618db97f81abece1314b96efba1a140d65d77129
1ecc91af387068ff5256aac7c6dea68cdafd9203	618db97f81abece1314b96efba1a140d65d77129
fdc69feedbe58131b161066a1e1431a8961ca308	2e0025e0c4d5930195cd38f87ebbe03504eaf7c4
223712c478765a23ebeff2ce87648bafbd663a0d	abedd8bf0ea3032758f0bfe254afed230ff7a7d2
07b59f921f942792517a30d72b52b817bf1125d7	abedd8bf0ea3032758f0bfe254afed230ff7a7d2
df0f750fc56c18f7bfb14517eb763b2f94b8a0d0	abedd8bf0ea3032758f0bfe254afed230ff7a7d2
fde06c59b6b0b5ba17c09ee44f85ea0fcafb4195	669fb8cc162048697f029428b1609e5dc4e6adae
1e91ca769fcc5db2b309b5006de989d91ffbd043	669fb8cc162048697f029428b1609e5dc4e6adae
1a3c151682648e05f63011b6fa210d8dac3240e4	669fb8cc162048697f029428b1609e5dc4e6adae
7aa665fde40ebabcf5331608d494feb6f8f37391	24162b0f98a2a519cdf37725f8e8b809cb2a58ae
ad77709335ee1f89a4b3a467fef87f0202b1445d	24162b0f98a2a519cdf37725f8e8b809cb2a58ae
30bd00636c61141291d9ec30df85bfed22163251	24162b0f98a2a519cdf37725f8e8b809cb2a58ae
1fbb4eccf2485b4f72eee627d236d85ccb312023	24162b0f98a2a519cdf37725f8e8b809cb2a58ae
f099e94f9fddc6d33ac23439391595e76ee02502	24162b0f98a2a519cdf37725f8e8b809cb2a58ae
a27f7d68b593d67839b0d38e7ca9bedc6b8938c4	24162b0f98a2a519cdf37725f8e8b809cb2a58ae
db199322d9395029b26c2cac6fa2d127ed18cf7a	24162b0f98a2a519cdf37725f8e8b809cb2a58ae
bc48001a2e3c0f3139a6d28a56a04289e28346d9	24162b0f98a2a519cdf37725f8e8b809cb2a58ae
2155b7d1c1650e3d5c587c497bc37547fe02ef23	24162b0f98a2a519cdf37725f8e8b809cb2a58ae
b4ca0d0159e73133f288230caf950a1c20b92580	24162b0f98a2a519cdf37725f8e8b809cb2a58ae
b2e4f0432841721e7aa29afb534fa5e2a501dc05	24162b0f98a2a519cdf37725f8e8b809cb2a58ae
1f3763a2b1323cda199d2e29925e577be511d2fe	24162b0f98a2a519cdf37725f8e8b809cb2a58ae
624fbf17b1e6159c965e7849aec3c4c0e489e39a	24162b0f98a2a519cdf37725f8e8b809cb2a58ae
882143022ff503ca7c7a3323ecf62e739f8a5b29	24162b0f98a2a519cdf37725f8e8b809cb2a58ae
bae90ee42ea6296ddc39dc6a7e9a9474288e1d06	24162b0f98a2a519cdf37725f8e8b809cb2a58ae
0d3945e7bbbccbfc210bf51a4c87d13da6f5ce6e	0201eb0c170e79c51f2d4480c27dc1705761a651
82ce12343adef1e9230c612b839d25defe13ea10	0201eb0c170e79c51f2d4480c27dc1705761a651
3b02f3f5a7e9cd13b3bb5b4f51a9f4ba3b28799c	0201eb0c170e79c51f2d4480c27dc1705761a651
f0de4a9ab515c1abd9ea57e76742e763bf89160d	3f8477603c68785848988e4c0e6cfe55d56e8f63
3391cc0b3728d10896637904521425f1d53951f6	3f8477603c68785848988e4c0e6cfe55d56e8f63
f9c73273ec94849642111003b478ecb171b4eeb4	3f8477603c68785848988e4c0e6cfe55d56e8f63
14280dd1cf1d2b7c58c5d7fa8088c69089af2110	d7a26b48b1b743966cc45d166809a4a589d324fb
47b3edceed864c5e9aa893f5a3076a65d081eb40	d7a26b48b1b743966cc45d166809a4a589d324fb
359d341940f95a818e3fc6f8f6bcd43318772a18	d7a26b48b1b743966cc45d166809a4a589d324fb
1ce4b824ec3a78874ba7d720071cf121477245d9	d7a26b48b1b743966cc45d166809a4a589d324fb
cb3db8ee4adbe453b9d7554fd1eda59655b31174	d7a26b48b1b743966cc45d166809a4a589d324fb
4fea20e0f64a557b4ce14bb36e37e8a849a61bc3	d7a26b48b1b743966cc45d166809a4a589d324fb
4e4662f5b631cad43c1a7be4139cf06682548a34	3f7c4b421cdfba5681f8a5ecca31e544d5c9d997
44099ff189ff12af93680ba773adf312f72d2eba	3f7c4b421cdfba5681f8a5ecca31e544d5c9d997
f0b3a92faa2611af27371d67c7743490af0878ec	3f7c4b421cdfba5681f8a5ecca31e544d5c9d997
800cdc5daeb7fe646dfe77a2ea05003c113b349a	1ae5470c281e679312661f8a0ec5c4aacefb6a36
f67d5cb4e1595fc822c0695b8220fb27a7b3e965	1ae5470c281e679312661f8a0ec5c4aacefb6a36
865d12c07f3ffc4df7437efbe11144528f43960e	1ae5470c281e679312661f8a0ec5c4aacefb6a36
c3461aad049d6ffb81058fa661416568140a72b9	5645d4236aacc44fe731836116ada2315f8adb7d
7a304d2745817e22549b30abfe84397a07a8066c	5645d4236aacc44fe731836116ada2315f8adb7d
9c44cb5135924b5654f26e57067f18e1d0428fde	5645d4236aacc44fe731836116ada2315f8adb7d
b57d505be1955a48fee087af589dd63038fe83f1	c001e9d72910350c355bc89e505aa0a25baec0a6
5ac0a214f5bc9f9ee26b027cc240548fe4c6e6c4	c001e9d72910350c355bc89e505aa0a25baec0a6
bd7770373b24696d6aa9b1a3f9698b317bff5102	c001e9d72910350c355bc89e505aa0a25baec0a6
8219d2d297891a44a6a9b2150bf307106e61575c	1e81a7faef68623cd462f7721bbfbbb072ce8af2
90e740c9f87c264e62d1936db1dcdb460161b51b	1e81a7faef68623cd462f7721bbfbbb072ce8af2
c31ce65113719390ca17e4f09ed55b818e6f3314	1e81a7faef68623cd462f7721bbfbbb072ce8af2
0ace2d9ae6e93ebf11abb5f41041f015b255bbe0	b31919a662eb27895d7cf669a6dc0edcd62597cb
b8e255278ed4512504a3e00252af29e4cd842855	b31919a662eb27895d7cf669a6dc0edcd62597cb
d22ca568cd8815a2ecb82a20eb64045de408f364	b31919a662eb27895d7cf669a6dc0edcd62597cb
e9782feee3fd9842066f41dade96be7f0f82b06b	edd00f823378384f066170c2f50e52626fb85ce5
f8a4ca67c918368d13eb7bafe25d38e777d94565	edd00f823378384f066170c2f50e52626fb85ce5
c31bdd2b20ea76620e391093fd4edc36c2e5e8c1	edd00f823378384f066170c2f50e52626fb85ce5
dfadd85245060b340af1305953f2e295af2023c8	edd00f823378384f066170c2f50e52626fb85ce5
efa06b4b473e1d35732bd50a1ca512c240004fc2	4451f4a101bfcc8ceeaed026d8664c04084bd333
48fdde7a508092b1b86503950e25850034fa0ed1	4451f4a101bfcc8ceeaed026d8664c04084bd333
0f36e77a4e97da2d8482207b4e893c4527d37848	4451f4a101bfcc8ceeaed026d8664c04084bd333
a401a7d4102b05f3b7fdbf0b3cee4624c201da9d	12cdb210f6023866f6eef5afaeff5f789a0940a4
d99178987477ea0b17d5ef4d8ebe7f191f9e2e2d	12cdb210f6023866f6eef5afaeff5f789a0940a4
0d6d4b5827069fc4c9d483057496e296c2f80896	12cdb210f6023866f6eef5afaeff5f789a0940a4
95b66148c729f8007eebe12491c114ba8bbf48ea	12cdb210f6023866f6eef5afaeff5f789a0940a4
a2e7370b3342c03fb3a148f7c1898c882b7ceb2c	1afdecaac3c672222143d056a83fa9767f97a74b
d9be69218df3eded7630e7c5a7a7f831bd47fc20	1afdecaac3c672222143d056a83fa9767f97a74b
1e23eae4c8649467ec2fa24d0fa39303f51d5555	1afdecaac3c672222143d056a83fa9767f97a74b
e1eb8207a4aaeda5117d8964c2dfa22a92f6edec	3a40fea726d9fbfd43b5e3ecad97cd9e4a17d628
3a44acbb1d1855cc5ee1faf85565179126b0b3f6	3a40fea726d9fbfd43b5e3ecad97cd9e4a17d628
189ed5d29adad39469b2664fcd6b15a38bcc4dd2	3a40fea726d9fbfd43b5e3ecad97cd9e4a17d628
e9914173d49d4dc200dbb17cdb610270006502a0	3a40fea726d9fbfd43b5e3ecad97cd9e4a17d628
c19940562c6d174fe8ea7bb14872acd1430c38d4	3a40fea726d9fbfd43b5e3ecad97cd9e4a17d628
e7dd416a4416c29a83f9d2123f771bbde5c559da	3a40fea726d9fbfd43b5e3ecad97cd9e4a17d628
4b247a1bb63f22ff8328ed2a73cbf549513f180b	3a40fea726d9fbfd43b5e3ecad97cd9e4a17d628
6e0d2058e792b41aaae420fc3ae31bc9780d5252	3a40fea726d9fbfd43b5e3ecad97cd9e4a17d628
db47ada0a7a97b63b4f6f0a734ad30de0389541d	3a40fea726d9fbfd43b5e3ecad97cd9e4a17d628
7400a05475cbe571b1e80a77d2378e8382b4ba04	3a40fea726d9fbfd43b5e3ecad97cd9e4a17d628
a534fbfc59f4c13cdadc0000eea260a12bc00cdd	3a40fea726d9fbfd43b5e3ecad97cd9e4a17d628
4ff559bda31bdcaea1eae4340eb03a4a8f4d7b8c	3a40fea726d9fbfd43b5e3ecad97cd9e4a17d628
2ffedf6c38fa32c2079b27ae296df907b67fa814	3a40fea726d9fbfd43b5e3ecad97cd9e4a17d628
158248dfdad3702762556f8bd19d1c8a869c024e	3a40fea726d9fbfd43b5e3ecad97cd9e4a17d628
4f07870404db99562e9d6445402c6b4066418236	3a40fea726d9fbfd43b5e3ecad97cd9e4a17d628
58b1d9eba15db0fe41877a4fc0943795cfcdc3c6	3a40fea726d9fbfd43b5e3ecad97cd9e4a17d628
304b73743a547049650dbd661a3e04940f1f1ba6	3a40fea726d9fbfd43b5e3ecad97cd9e4a17d628
ec6bb5e025cc92afc32d01538f8288f3143eb993	3a40fea726d9fbfd43b5e3ecad97cd9e4a17d628
e1c8cc35ab36444d40fe738c6aed3708769fa024	3a40fea726d9fbfd43b5e3ecad97cd9e4a17d628
42da89603385801cb8e02972af32d6285e1196a8	3a40fea726d9fbfd43b5e3ecad97cd9e4a17d628
6b98d372e2d0ddd36cced946cf670b0902ee4c42	3a40fea726d9fbfd43b5e3ecad97cd9e4a17d628
46c7bc34372691fe33477c84ce96e54eef6ab433	3a40fea726d9fbfd43b5e3ecad97cd9e4a17d628
700c691a1151af1aaa05acba4e192d15df9f0d66	3a40fea726d9fbfd43b5e3ecad97cd9e4a17d628
95c2eaa3908328a2a6e4f269678559a28fa36f0b	3a40fea726d9fbfd43b5e3ecad97cd9e4a17d628
10e2ee0b6bef88800a2750c83a60814c4e66df4f	3a40fea726d9fbfd43b5e3ecad97cd9e4a17d628
bf5976fdfaf9dd99459312516d3df7de5825c5cb	3a40fea726d9fbfd43b5e3ecad97cd9e4a17d628
48da32819c3453c022eb4da9a6eccf055527e7f9	3a40fea726d9fbfd43b5e3ecad97cd9e4a17d628
42fd21305f1c0541710f1b5392b50d5c64ad817f	3a40fea726d9fbfd43b5e3ecad97cd9e4a17d628
3216cdc4bfbbffd99fd3e022de5b8f1f91e0b1ed	3a40fea726d9fbfd43b5e3ecad97cd9e4a17d628
efea6c47b3e7e5f97250c74ea8f68433845892d2	3a40fea726d9fbfd43b5e3ecad97cd9e4a17d628
24512059414b11eb89d62938805f6db12a8b09fc	3a40fea726d9fbfd43b5e3ecad97cd9e4a17d628
5dce979a7e884eb8119788b757dbbaee3c3da69d	3a40fea726d9fbfd43b5e3ecad97cd9e4a17d628
01189f91a7589c942ece4612a87b5f75e88f73c0	3a40fea726d9fbfd43b5e3ecad97cd9e4a17d628
becd9244c74d80f3d68153cf7a28f9c1e5e95f04	3a40fea726d9fbfd43b5e3ecad97cd9e4a17d628
11dde19bcbbd4345bb051e8f9444fefafde3cd2c	3a40fea726d9fbfd43b5e3ecad97cd9e4a17d628
c854578bbd94e28c36184c4653c07d742dc5d0d1	3a40fea726d9fbfd43b5e3ecad97cd9e4a17d628
598c353f313ef6c7e9e610f3122abe13d9b220e9	3a40fea726d9fbfd43b5e3ecad97cd9e4a17d628
fcb5632938df5eba4f77bf12250d217f8c9386ab	3a40fea726d9fbfd43b5e3ecad97cd9e4a17d628
5f77a89f26fdadcf4ed3bda123997a4e023e9d66	3a40fea726d9fbfd43b5e3ecad97cd9e4a17d628
a7410ba8ab37b303405329d6573467980f39238f	111a8c5833d128bcdd0a7daef6dcfddd3647f08a
8e9f42861d6e6f4609abb4dcbf4815a36756936e	111a8c5833d128bcdd0a7daef6dcfddd3647f08a
10f307cad5d14867d886103935fb8effb4929124	111a8c5833d128bcdd0a7daef6dcfddd3647f08a
9b06b892a2491e399b9e52de37f819edfaec5a40	111a8c5833d128bcdd0a7daef6dcfddd3647f08a
a60be70f1e726073b9af5b24185aae41e089e70c	111a8c5833d128bcdd0a7daef6dcfddd3647f08a
6984812ee8c8f595ad208e8f0c482daed4fe2ba3	111a8c5833d128bcdd0a7daef6dcfddd3647f08a
014464280162cf11c0565e98fb126dcf301af3d8	111a8c5833d128bcdd0a7daef6dcfddd3647f08a
1471f55592976ad8df15e4554feff6038c2f8a57	111a8c5833d128bcdd0a7daef6dcfddd3647f08a
02e7cd6f75be31e5381c34b7f0dfe033d51b6783	111a8c5833d128bcdd0a7daef6dcfddd3647f08a
6dd729125f9d9a32b58df62cb0ce096101ae7ba5	111a8c5833d128bcdd0a7daef6dcfddd3647f08a
d950b30712691ef8cbb41aaad34f1f0db9661322	fae417ab4508cdb92be5e86541c9308da00b6266
6f3145bb601c3d95fc07c15440c60a6e2bd0a3e0	fae417ab4508cdb92be5e86541c9308da00b6266
0bc52d2261d79d5c9af1182eb2520bce4d713885	fae417ab4508cdb92be5e86541c9308da00b6266
8249b12cc69323b5f71c5e54dd74917aefb3ab47	fae417ab4508cdb92be5e86541c9308da00b6266
533b2786db7fd39602192f0a9e291fa78612d8e2	fae417ab4508cdb92be5e86541c9308da00b6266
42c7d091eb07c0ee4d7b0c7a2a0b47411d3ac7b3	fae417ab4508cdb92be5e86541c9308da00b6266
85b4fac695a9c8cfa1ba9992dfe864885ac66519	40a50f0d1137b54160cd7f71a35eda319b11febb
701d446f55ee24200e2f398257592c0da9ebf134	40a50f0d1137b54160cd7f71a35eda319b11febb
9ac47f9b3d8c40bdb5671b87dc8ee4a1eeb60ff2	40a50f0d1137b54160cd7f71a35eda319b11febb
61b980668cbcdc4d47738dbfebeee74217d05da6	357545fe63ff75d3e12e01b6c61422eccc0891d1
4cfa6f654544ade04524bfe51ceaf2bd99e3beae	357545fe63ff75d3e12e01b6c61422eccc0891d1
fe2260d8ac23a69ed99381da4be926e4a8f4dd77	357545fe63ff75d3e12e01b6c61422eccc0891d1
c2c2feed6d6726366174f60bee210f88111957ab	357545fe63ff75d3e12e01b6c61422eccc0891d1
24149bd2f7ff1f871200898d37ff189e9f1fa5b1	357545fe63ff75d3e12e01b6c61422eccc0891d1
b2ef73f5e3144fc111e6caf765282ff43da5a4ac	e3f72a1821eeac6d432d587731aae21923cd809a
287a8e579e5f67d560d86545e44c427dbd49d26f	e3f72a1821eeac6d432d587731aae21923cd809a
18f68b8c573eb8d2b741379f34e93b044f03f43d	e3f72a1821eeac6d432d587731aae21923cd809a
d4e9067023d41a3eecdf7ca2b6d8903250e31f67	e3f72a1821eeac6d432d587731aae21923cd809a
e21a4abedc759981ee33fde8f134dacd011c97c2	5f446029bcb8ae66f9a555def4e5217e08e4de93
2baf7cd304ba6e8b4ce7a0ddb4638031a5ebd085	5f446029bcb8ae66f9a555def4e5217e08e4de93
fa859abf5935937fbcd2b490961c9711a5e13420	5f446029bcb8ae66f9a555def4e5217e08e4de93
c873919140b1d9b8c02e1c102451b20c3bccf89c	5f446029bcb8ae66f9a555def4e5217e08e4de93
fba72e45fecf1e6861a1eaddecb8da98de606efa	6f19a520925729bf57eb382f09ca2ff02b6a6fd3
f3449bd7c418a2343598df223819338d14b07211	6f19a520925729bf57eb382f09ca2ff02b6a6fd3
1b746b92c19b96dbc83e10857187b93a62793410	6f19a520925729bf57eb382f09ca2ff02b6a6fd3
21978e1543df575ff87fd1896793981816fda25f	6f19a520925729bf57eb382f09ca2ff02b6a6fd3
014fad79518a4030f5bda371cd3a16fefbc02ef9	c4c4a770566bb730b55a387e3080bf67029ebdbe
7b9ddfa2644831091c6b810c7736ba403cb606b0	c4c4a770566bb730b55a387e3080bf67029ebdbe
83f9d5a52323c08f68dd419c41933f2d586c16d3	c4c4a770566bb730b55a387e3080bf67029ebdbe
18e80c3b06ba573476df313464efaccee7f1f664	c4c4a770566bb730b55a387e3080bf67029ebdbe
cd6c9f3a47e3eb90c3d7b0171e13656b4f3d79ec	f5ebdf5a93487cc21eacd5cdf79039ea6e2ef81b
58a92729826021ca8e933c42fd56492af9657481	f5ebdf5a93487cc21eacd5cdf79039ea6e2ef81b
3712b38a0873c84da3e1ca95e783fb6b61de8f2b	f5ebdf5a93487cc21eacd5cdf79039ea6e2ef81b
18a52c3a20be119616fe221940f0aced46625237	f5ebdf5a93487cc21eacd5cdf79039ea6e2ef81b
5f9c8710fe6d8a5f0ca16f73d1be5700bda002af	c5822d08b3f1b764de3cbca9588cc1e5ffb2832e
05d7a920b083bc46e4d6ca758a3a286971383f11	c5822d08b3f1b764de3cbca9588cc1e5ffb2832e
39d63ec977ddeb8f62d7d72de250543ca55f4564	c5822d08b3f1b764de3cbca9588cc1e5ffb2832e
0c9a87b68ef95c15ab717c419d1b80ff1f8c1025	c5822d08b3f1b764de3cbca9588cc1e5ffb2832e
aad55bd6830cc6b240128dbe472d8a47bca0a4b5	435c9d27b8289bfcd97415153ca5ac1b0a637a9b
1ac1a3bc3c86a58f284c58951423227cb776d765	435c9d27b8289bfcd97415153ca5ac1b0a637a9b
977103e7c865cf4e3a39eeb9ef53e7f6b91adbe8	435c9d27b8289bfcd97415153ca5ac1b0a637a9b
d0390f6949d4788c227bdb2e1c09afffc8b207fc	435c9d27b8289bfcd97415153ca5ac1b0a637a9b
1e17d26fd5db63fd12d6b9c7f4a46b85e1114b5d	70e0e875d00ee561015399f00dced23595ec2bd4
2a1d7a044b6f7d20ba41fffd030490b2e9aca167	70e0e875d00ee561015399f00dced23595ec2bd4
f35769d39c2d7b686a17cd0e7b54deefc60e8033	70e0e875d00ee561015399f00dced23595ec2bd4
de2e591a01ac0719fe6088a2969b2526b9208cbd	70e0e875d00ee561015399f00dced23595ec2bd4
ac3430bedb065ba75616a24a89bfec55bd1ca3a6	fba9d6c88b586374b3cc653ce54729d797724130
9651e19216e517129a6773b4fab53bc1e2f4d9cd	fba9d6c88b586374b3cc653ce54729d797724130
1a16fcbd3a9f8cfefda28a2b7d360f74c9f7349d	fba9d6c88b586374b3cc653ce54729d797724130
613c350058d520d77a044cd9dcec11ba86147349	fba9d6c88b586374b3cc653ce54729d797724130
0b734aca5516e53e813a50144d4532dd3bd2d3f6	e47523929f5fb3c5cfd911cfd53ffd337cfabd5a
fe3e45ff85c727db58ff3f9611449ff56b7b1193	e47523929f5fb3c5cfd911cfd53ffd337cfabd5a
3a33b760f2bca5bb1ec341e5aa54ac5d9a1e2a09	e47523929f5fb3c5cfd911cfd53ffd337cfabd5a
25c7b2324cfba2ed586057ca63c4b7a5055f2fc2	e47523929f5fb3c5cfd911cfd53ffd337cfabd5a
20672576adfe666761d91877bfd02eb2cf1b9a2f	f69c23c18c280c1d18f1a9856dc828cd3f2c6444
c14c9fe6bc1982e9dd582eec4b8eae91634bf24d	f69c23c18c280c1d18f1a9856dc828cd3f2c6444
d2068fb40bf73da04c1b88701219a3fce2d3784f	f69c23c18c280c1d18f1a9856dc828cd3f2c6444
179f676505fa13da014c2b257330a6123bcfb7bd	f69c23c18c280c1d18f1a9856dc828cd3f2c6444
639f52c604b4e0c57801e63aa321a4508c603fbf	bd431c7a6cf8c33c0756f54cc2e6d1b5ab286c7e
1caaf03ba69da835240686ecf76de29c4f7b3e3f	bd431c7a6cf8c33c0756f54cc2e6d1b5ab286c7e
236d112ad138407616c79f07694e4c1292e68640	bd431c7a6cf8c33c0756f54cc2e6d1b5ab286c7e
40396a18df124fc9f19c9f2e8fc1069dd14224ee	bd431c7a6cf8c33c0756f54cc2e6d1b5ab286c7e
72c44c7f03111f4ac410a0dc68f72ba7d3714377	343d2928721221a145176a3a1f225e9e33fb8793
4446815b4b0ef2d5876fdb5d98324c5b18922575	343d2928721221a145176a3a1f225e9e33fb8793
e1b49f69422a0e64c72fe02e147721795f2d162a	343d2928721221a145176a3a1f225e9e33fb8793
3d41e3407045998d974264df3877e0a78dad5394	343d2928721221a145176a3a1f225e9e33fb8793
e46d84bea71f168e2bc3d3952da9865944f8b89b	343d2928721221a145176a3a1f225e9e33fb8793
a94cdc605813a78d4fd6978fee03043c6de0089a	343d2928721221a145176a3a1f225e9e33fb8793
89a28455b73c567c7d85c3ef7a4c271d2e5971b3	343d2928721221a145176a3a1f225e9e33fb8793
d3e60e3858010758200f5b81faf10052139989a6	343d2928721221a145176a3a1f225e9e33fb8793
7054e701b9943454bea1ebd0d46d6b38476e5f40	343d2928721221a145176a3a1f225e9e33fb8793
5b2587a13381eab05858743279a063e9a6387c65	343d2928721221a145176a3a1f225e9e33fb8793
09502a741fc33285dec3c3210774abe40d47f291	61f615a7a4f49776b26d604419ed870c2d77e680
64ba650f3058c985cf5112b008b8c2a1900589be	61f615a7a4f49776b26d604419ed870c2d77e680
219922b419c616c11e21183e0b48213bdf2c4bbc	61f615a7a4f49776b26d604419ed870c2d77e680
2cccda18ef1518a666edcd0eec0c0bc91fb3d2d2	61f615a7a4f49776b26d604419ed870c2d77e680
8ee3148d61f39996051772d1f0c21f62ecbe9a66	61f615a7a4f49776b26d604419ed870c2d77e680
571f551ddd5460fb5c3af6e2578d03f90ac236d7	61f615a7a4f49776b26d604419ed870c2d77e680
418151016a68583a965e1e1fc1ed56c2429b6908	61f615a7a4f49776b26d604419ed870c2d77e680
f23169f795c19cbb9b6e1f491827d3bdcf1a3362	61f615a7a4f49776b26d604419ed870c2d77e680
a58cda13718dbf613d7c13d3e1d0b91c6bb6d863	ddfa6142647f9a6413ddcb1d99751455083c671c
39ff84147790d415ecc06abe6ee3aca58d805845	ddfa6142647f9a6413ddcb1d99751455083c671c
7fb4db5ae1bb99d506245ca3c1aa3d40c997566e	ddfa6142647f9a6413ddcb1d99751455083c671c
31c3f7b97e7b764152b266e619270963c65bacc3	ddfa6142647f9a6413ddcb1d99751455083c671c
647143502bb79d99b00534fbb25a3678b7f34280	ddfa6142647f9a6413ddcb1d99751455083c671c
a11f74c8d9a38fa989e045cf18098c295301042b	ddfa6142647f9a6413ddcb1d99751455083c671c
05f287de0057de0ef59af2896b5e011dfca3a626	ddfa6142647f9a6413ddcb1d99751455083c671c
98109a733a6b971651da37f655a18a413ff0d255	ddfa6142647f9a6413ddcb1d99751455083c671c
2a062a0f55fcce144539feb6fc8ca76f8393c3ae	ddfa6142647f9a6413ddcb1d99751455083c671c
1a322ac62597ada1bf100839a4f4ed2d38db043a	ddfa6142647f9a6413ddcb1d99751455083c671c
aa3955b2b7c07d74f545c82f19d12254cc2d8232	ddfa6142647f9a6413ddcb1d99751455083c671c
080cfb4929a6a10ff615b38e7a85481fe92f6260	ddfa6142647f9a6413ddcb1d99751455083c671c
d844fb62d640e7a2d74a27e01568cf43fe5c9eda	ddfa6142647f9a6413ddcb1d99751455083c671c
13be9bd485516e5020a28b5cb71dec3a566741cc	ddfa6142647f9a6413ddcb1d99751455083c671c
44942a5e1f3206cb23734326edf6378b38656a75	ddfa6142647f9a6413ddcb1d99751455083c671c
b5c68fb0eb603c5dee478731eeb7406152c98156	ddfa6142647f9a6413ddcb1d99751455083c671c
d901241a98f1c26cb2f73f5cefaee25e852675ba	ddfa6142647f9a6413ddcb1d99751455083c671c
5fdc7c75891bc45c9347a94c7c27452ec6b71df9	ddfa6142647f9a6413ddcb1d99751455083c671c
ff297bf36367cfdf9ebf19329bf41e9de902c8da	ddfa6142647f9a6413ddcb1d99751455083c671c
637cbaf672263f92fdc8e0e7c9e96b9523c6a601	9d40fc9ebbc12d403fd267586dd126e803dc3ae9
3293d91b180aff0b63676e832c055994b58e1ff4	9d40fc9ebbc12d403fd267586dd126e803dc3ae9
a146ae4cf03b4da1a0bf356c987fbdeeee374617	9d40fc9ebbc12d403fd267586dd126e803dc3ae9
fe278ddaad82cf0c93f2c52e5f2464392a60dd75	9d40fc9ebbc12d403fd267586dd126e803dc3ae9
23b5423468be91b9566930ddda03da588f1e24d6	9d40fc9ebbc12d403fd267586dd126e803dc3ae9
9094bee2157f7267466891b85c53c255dca6ddda	9d40fc9ebbc12d403fd267586dd126e803dc3ae9
d6e3f8beb1ab09565a703530b58bbdab2d0583fa	9d40fc9ebbc12d403fd267586dd126e803dc3ae9
9abcf55d0aea016f0f0c01d87835f1bd07e0d4c3	9d40fc9ebbc12d403fd267586dd126e803dc3ae9
322cce9149057fed59bfbc4a9b57b95c7e787566	9d40fc9ebbc12d403fd267586dd126e803dc3ae9
e51cc76d4c2cf77366e47d4ab8fcabdec14b4b3b	9d40fc9ebbc12d403fd267586dd126e803dc3ae9
352c31616e78a8a3878f2ea6ce022bd4af17c8e6	9d40fc9ebbc12d403fd267586dd126e803dc3ae9
942e7600f856c9ba6046afe0f03edd0f55e39cb3	9d40fc9ebbc12d403fd267586dd126e803dc3ae9
1272e581e94e7e7f38d0c3aab91bed2c8feb45e8	9d40fc9ebbc12d403fd267586dd126e803dc3ae9
1d77cbb344404ed7d1cae0aa7333b0b61f9f95ba	9d40fc9ebbc12d403fd267586dd126e803dc3ae9
b2706009050fdd2899858b5cd32c3d90995f29db	9d40fc9ebbc12d403fd267586dd126e803dc3ae9
9978832b425be1d39bcd9ac42504e82fd8feddc0	9d40fc9ebbc12d403fd267586dd126e803dc3ae9
1f6dfb89b91d490adb89a6b197139a7831fce1b1	9d40fc9ebbc12d403fd267586dd126e803dc3ae9
709845e1118b129099adcc89436c029ebafd7959	9d40fc9ebbc12d403fd267586dd126e803dc3ae9
9ec252e45c3933c187efe4a956972c81ddb74f35	9d40fc9ebbc12d403fd267586dd126e803dc3ae9
3d588d381ee64d8334447be924f841da65567ed7	9d40fc9ebbc12d403fd267586dd126e803dc3ae9
8033b3bf7100858bf452b57c8b9b3b9218ea7c1e	9d40fc9ebbc12d403fd267586dd126e803dc3ae9
fe51d244b4214fa924068d9981c60c4ae5c66b09	9d40fc9ebbc12d403fd267586dd126e803dc3ae9
06104322c2b8bb39c3e1f69d9aa83f3358e17762	9d40fc9ebbc12d403fd267586dd126e803dc3ae9
e63cb37aa887bf5b51decd570bf43a30aa9d9160	9d40fc9ebbc12d403fd267586dd126e803dc3ae9
d84743bcabe762c325ec324eabb738b4e222f13e	9d40fc9ebbc12d403fd267586dd126e803dc3ae9
03e9dadfbcb24662dee1cac8feae2dfabb98409c	9d40fc9ebbc12d403fd267586dd126e803dc3ae9
1f3d34f80d2f59adcf9f5dcc2ab265712a0d84c5	9d40fc9ebbc12d403fd267586dd126e803dc3ae9
7da15360b83eed6ecb5fee8bb07b7e02ae2010a8	9d40fc9ebbc12d403fd267586dd126e803dc3ae9
fe75d2764304ece75892dff3717cd80b9a29fe3a	3f8c7c70e62d3808073428b008607adecde76e16
db7e8379fad6e6db6b2b84585273503612fc2048	3f8c7c70e62d3808073428b008607adecde76e16
9066d19db35aaea997e13724c9138f135cfd26bc	3f8c7c70e62d3808073428b008607adecde76e16
3080646c2719d08e61e07bbccf033bf272cbebab	3f8c7c70e62d3808073428b008607adecde76e16
f88afa998db757c240fd4ce127e5606c4966a62a	3f8c7c70e62d3808073428b008607adecde76e16
a1080fca501e4deae9ba3b439f5bbf1e12a1fe33	3f8c7c70e62d3808073428b008607adecde76e16
eee235f40865a9616e83c4539167ab91f02d1538	3f8c7c70e62d3808073428b008607adecde76e16
2f0d9c273a9a10ee07da74eda6d8c03523695e71	3f8c7c70e62d3808073428b008607adecde76e16
13d16efa3cc20c5e7aedf44f8936327d8ece8fe7	3f8c7c70e62d3808073428b008607adecde76e16
620dda39d9cb91ed984e94daec97aa3a4d879b34	3f8c7c70e62d3808073428b008607adecde76e16
d42b9c6db1758c87b708d76c218932938defcd27	3f8c7c70e62d3808073428b008607adecde76e16
a0172f2eb0b3d3e93d8a70a4b609630866959e68	3f8c7c70e62d3808073428b008607adecde76e16
1dc87e17581dd3fbcf79fd69d2cc10cd66c2eda9	3f8c7c70e62d3808073428b008607adecde76e16
241f7f0ef9846706ee598341c5fcac7831fb9843	3f8c7c70e62d3808073428b008607adecde76e16
f9be87ea4d9faca3db9975922de6ef415c61c4be	3f8c7c70e62d3808073428b008607adecde76e16
d0755000e431e23bac975ab3a1d549c40e8e34b8	f7e46640440e3e1ea70ca22d4ef13849b5531130
48a9c9eb2317cf82c0f4a7b1e5c329e388a23bdf	f7e46640440e3e1ea70ca22d4ef13849b5531130
61e9260f77c9a6a56c85bc140bb297bf45e508da	f7e46640440e3e1ea70ca22d4ef13849b5531130
976475aea4b17c413a0af6b348060a7184441a63	f7e46640440e3e1ea70ca22d4ef13849b5531130
ee1a445ee64adbf73ea7933d7092e8a8aeca8ecb	f7e46640440e3e1ea70ca22d4ef13849b5531130
1bb2c2b8f63434aae52ad8dc75869a4803f1af14	f7e46640440e3e1ea70ca22d4ef13849b5531130
464c8256c78ec75e5a36d05af80757d619c18933	f7e46640440e3e1ea70ca22d4ef13849b5531130
c125698d8232fb447b4252331a17528c66b5d076	f7e46640440e3e1ea70ca22d4ef13849b5531130
ca7f86c085d35b3bcb392027a1f25fe591d94e81	f7e46640440e3e1ea70ca22d4ef13849b5531130
c47200743f250172000aa9db2854704938a4e4af	f7e46640440e3e1ea70ca22d4ef13849b5531130
0c250d8205667422e21cd1f52820b094b3ed10a0	f7e46640440e3e1ea70ca22d4ef13849b5531130
c5ac12d08b1cb168ec852483b1f997a1e93ceedd	f7e46640440e3e1ea70ca22d4ef13849b5531130
c32f24aa27e842a56fbac9b2236bc1bd1fa4724a	f7e46640440e3e1ea70ca22d4ef13849b5531130
32580fa063ac39e88475eefca0669d11a77b66e0	f7e46640440e3e1ea70ca22d4ef13849b5531130
d0b15cbf051af858e2db1adf6f3e9f183dcb5269	f7e46640440e3e1ea70ca22d4ef13849b5531130
1eeb17d96d4621a65bb600537d613645896906ae	f7e46640440e3e1ea70ca22d4ef13849b5531130
b7f792222e1445cd5f235ce3b1f990b3147ac870	f7e46640440e3e1ea70ca22d4ef13849b5531130
b3300247b14e4b42402d9e5443a7172f78b5de13	f7e46640440e3e1ea70ca22d4ef13849b5531130
4b4826a75f3a38a0e241b8a95472b28024bd4cfc	f7e46640440e3e1ea70ca22d4ef13849b5531130
27f50fdf1434ea86d5aed9ee2d0491a5dcd97098	f7e46640440e3e1ea70ca22d4ef13849b5531130
9462bb501d30e2ca40275b1ff5ca51ee10a5190b	f7e46640440e3e1ea70ca22d4ef13849b5531130
f2d527194730d70456176410a503a07211fd9909	f7e46640440e3e1ea70ca22d4ef13849b5531130
6ebcf3ce7fff76d750a86cae76f4423f4a54d8dd	f7e46640440e3e1ea70ca22d4ef13849b5531130
ef524d95f44f57df16827513fdc99798b9526bc9	f7e46640440e3e1ea70ca22d4ef13849b5531130
63ee5df95d91b139c63e2499c503024f728cc63f	ac5ae5be1d7a7a63c4b61c51667f8102529f7424
e35804246ffe651fdf25f8e3b93c2a777cd2605d	ac5ae5be1d7a7a63c4b61c51667f8102529f7424
9a0af5cde7705272327ae06c969636ffb4657325	ac5ae5be1d7a7a63c4b61c51667f8102529f7424
fe37a79a671671cbd4999cfb2ba8090016f4d0bd	ac5ae5be1d7a7a63c4b61c51667f8102529f7424
3a43a0d0496c1f981c585ec7cd729f894b099cbf	ac5ae5be1d7a7a63c4b61c51667f8102529f7424
15cb5cb1e5e3fe3815b4b43fdb30fff1188464ea	ac5ae5be1d7a7a63c4b61c51667f8102529f7424
a9987d6770348ca7be52c5a1b08f8052eee0ab5b	ac5ae5be1d7a7a63c4b61c51667f8102529f7424
f9bc3f1dfff4796315c7618ac35437ad51115753	ac5ae5be1d7a7a63c4b61c51667f8102529f7424
c79eecb04378e443194640421d7fda795854e29b	ac5ae5be1d7a7a63c4b61c51667f8102529f7424
d3e452501090cc78bc80e573853ad92c558f5551	ac5ae5be1d7a7a63c4b61c51667f8102529f7424
76fd4ec3279b7c2b1c4c142a9aabb6b69294a881	ac5ae5be1d7a7a63c4b61c51667f8102529f7424
39f572c577bf122e70f27e36aeba173d662438b2	ac058f413984bd0a408f1f5e2aff347f42e9afc2
d63cb3b8deb85ccf7f40c1b272202d70fc422de6	ac058f413984bd0a408f1f5e2aff347f42e9afc2
37c2836ea8582e99e23efae9289d2585aa1894c1	ac058f413984bd0a408f1f5e2aff347f42e9afc2
7ed9783fc554a97d6c541cbdb13a96e88853a40c	ac058f413984bd0a408f1f5e2aff347f42e9afc2
dd96052cb1e7bc25f79b078f3c23619f39644114	ac058f413984bd0a408f1f5e2aff347f42e9afc2
a2123f4c285fb371fa53e1e028d43967e1e0cb2d	ac058f413984bd0a408f1f5e2aff347f42e9afc2
de956435d72baf6327ca1335529f070b9bea6a2b	ac058f413984bd0a408f1f5e2aff347f42e9afc2
e96d7a8a95291804464bd517a7d51b1aaeb1e6eb	ac058f413984bd0a408f1f5e2aff347f42e9afc2
9c74bf5f334eaff2b7299000d377370d20592ed4	ac058f413984bd0a408f1f5e2aff347f42e9afc2
6642c8f48464bccb3134e149f35463c6b8905a34	ac058f413984bd0a408f1f5e2aff347f42e9afc2
57da27368fd27fc0870966b432e72aad711e254a	ac058f413984bd0a408f1f5e2aff347f42e9afc2
081d2cf625852cb4d8275822c6195683ea6517af	ac058f413984bd0a408f1f5e2aff347f42e9afc2
051eb4b4d3fc69116bf006bb697ff0bac67ece0d	ac058f413984bd0a408f1f5e2aff347f42e9afc2
fb8cceb24b25c6f23a76ddd3a3a44df513633bd6	ac058f413984bd0a408f1f5e2aff347f42e9afc2
e76a1fd154bbae7e77304e6ca8181b45c77a525b	ac058f413984bd0a408f1f5e2aff347f42e9afc2
4d8d6eb243194b89777b2b5d5d5d5bc2a2ae167f	ac058f413984bd0a408f1f5e2aff347f42e9afc2
3b9797e400b7ab7d375272b6b01db3728ed814c8	ac058f413984bd0a408f1f5e2aff347f42e9afc2
6c3e169e55698c2777ad6270c7db788bf13ecdcc	ac058f413984bd0a408f1f5e2aff347f42e9afc2
ac8246ba78597ef8f91476a04e8f5943539106a0	ac058f413984bd0a408f1f5e2aff347f42e9afc2
8ed3bf7b516e0265a19d617fe6e57d35f103a77f	ac058f413984bd0a408f1f5e2aff347f42e9afc2
7c5c0a47780e40d96975ab2ceef84a8f0dfe6a0b	ac058f413984bd0a408f1f5e2aff347f42e9afc2
aa0eb65246729f10735a2606fa32c7e45e03e6f6	ac058f413984bd0a408f1f5e2aff347f42e9afc2
94866ac5c1a138e51c3d11e1370904c45f9bf3ed	ac058f413984bd0a408f1f5e2aff347f42e9afc2
d3094d05c407724e72949f3e933c797862b66e8e	ac058f413984bd0a408f1f5e2aff347f42e9afc2
8c6b7615131fbfaee5b84718870e36d632e7e857	ac058f413984bd0a408f1f5e2aff347f42e9afc2
68f2897be6510e4da5963a9c4e12638a8ee6c824	ac058f413984bd0a408f1f5e2aff347f42e9afc2
4a4aecdfdedf6c6c0d0d1376d5413a1532333c69	ac058f413984bd0a408f1f5e2aff347f42e9afc2
bd587aacd3a6733f08ed3011b456e20abfd062cf	ac058f413984bd0a408f1f5e2aff347f42e9afc2
cd7cb2c2408914a7b69f002a31bb96cb8e394d03	ac058f413984bd0a408f1f5e2aff347f42e9afc2
ae7ab030961714bd7b3b22debc19c7c542cfa899	ac058f413984bd0a408f1f5e2aff347f42e9afc2
618226e0541ae658cec7bb4a272dfe5b123023fe	ac058f413984bd0a408f1f5e2aff347f42e9afc2
6c4b5dcb410224e9b42c8283b111412d69d26f78	ac058f413984bd0a408f1f5e2aff347f42e9afc2
139c72c9b01e6245106f4fb0c6f82d52dd602ec2	ac058f413984bd0a408f1f5e2aff347f42e9afc2
c874cd717ecd12a4489088c9d099de87043516e3	ac058f413984bd0a408f1f5e2aff347f42e9afc2
3b88cb6566b6363f49ca8aebe8acd87a5b4e0a17	ac058f413984bd0a408f1f5e2aff347f42e9afc2
92498d6298060e63c88a40a0bdffb8db7fce0542	ac058f413984bd0a408f1f5e2aff347f42e9afc2
ad179e35f8fd00ae4c12980a004e38859d51f07d	ac058f413984bd0a408f1f5e2aff347f42e9afc2
f6e7354945d4fdde51a9acaf12becf2600075f58	0eb4b4b6e4af07f1025398a1e88c63845ed9a221
1b0f4ff58bdf61d3caca9cfde2a1ea1386e80650	7cb278183601e5a357a88d86bf8d5c77c6cc46d2
e97301104e153bb78e4225ee043348ebe3d40e74	53bf1b6a5ca8fb0a1828b92250fffce8b0420219
366fcfe0f327013f25bacb3edf7854a69c41d091	842523b1be9b8cc08cb5e03c64f8043ad770e99f
9edd2b657604bcafbbe95fc35113867fd8a2400b	f4122f9a09d1e8450784c9f22f8e5fb503cee91a
0d6dcad43c8c98ada6d429809e13fc9eee083cb7	175ddb6c13aa513328bac57ccaa6fc4827616a0c
99f106451b6833d1847b5d656cf2733e8991bb43	35d845cd053ee97a7805e5a35d960829f23bda98
9bef6fc0c8429e415d15e269a3ae31cfd9b10143	1d0160134f8edaaa28d98f73767cd24c9b64b544
f2bbf2ef5aab9f7f8abd59ac1c2b9e3fa6493499	1d0160134f8edaaa28d98f73767cd24c9b64b544
d0ec5163d8f986059c681584bba5ca46a2d45eb8	1d0160134f8edaaa28d98f73767cd24c9b64b544
deda9282bdafcf25afef9ef82b99f51ff3032307	1d0160134f8edaaa28d98f73767cd24c9b64b544
564acdd5f5bb38adb306a6f178961e005e8157af	1d0160134f8edaaa28d98f73767cd24c9b64b544
f86c9b4f89f16cb102ef0849c0b012e287f8fdec	1d0160134f8edaaa28d98f73767cd24c9b64b544
3f36a0632b8b463c3e72642ad94bde87be47d2a7	25c942d603cfa92175e19651c652b1d94064af50
be15f89c43f122ea737fa454338248d53db499fd	e4af6e2b0641a0d555df497b2475773887a876bd
a331208a6fdf6a318664a63cdf0d6b3e818e0506	e4af6e2b0641a0d555df497b2475773887a876bd
0c98b47f241e8059518d842298b0e7603a17c013	e4af6e2b0641a0d555df497b2475773887a876bd
ad5f7ab1c656759c127f76a003044304c801e003	1075ac95f73df8ca8b45478e41c55fb3997c8f9e
0e7c168577f50e3de78c88aa7c5152544d3a0fe8	1075ac95f73df8ca8b45478e41c55fb3997c8f9e
2779645130b8480f8b2f00c48e195f0a0072c0ea	1075ac95f73df8ca8b45478e41c55fb3997c8f9e
6fccdf392b52f216fe4cd2555608a70005aa3ca2	1075ac95f73df8ca8b45478e41c55fb3997c8f9e
b1edbade317c437e8eb08fab4315fba2775492ba	1075ac95f73df8ca8b45478e41c55fb3997c8f9e
ae3fafe418743278d9239f928d2cf82cebe0443c	1075ac95f73df8ca8b45478e41c55fb3997c8f9e
44fe47aadbe2ae5bd6e442e78e537ea5dd5d9931	1075ac95f73df8ca8b45478e41c55fb3997c8f9e
ee9576e0c96695ccfa40b5ad7ad6a69128991b53	1075ac95f73df8ca8b45478e41c55fb3997c8f9e
332cc8c6fa68dbf0f8adcad15786c57675806171	1075ac95f73df8ca8b45478e41c55fb3997c8f9e
7ee8cace97d609ff52cb10bba684d6a5e8237aa2	1075ac95f73df8ca8b45478e41c55fb3997c8f9e
94f98424b4822c1834e7abb76a14c00b28d61c7d	1075ac95f73df8ca8b45478e41c55fb3997c8f9e
3b8de3c6b868f3efcc8a342a7b8075a188abb299	1075ac95f73df8ca8b45478e41c55fb3997c8f9e
960c48847b3021124fe813cb6da9a3ec0f6cde9f	1075ac95f73df8ca8b45478e41c55fb3997c8f9e
948b77938841146895e2c3920bc4716d9d4ae9bc	1075ac95f73df8ca8b45478e41c55fb3997c8f9e
cb73ca1a4fdf25ba817fd4bd940ebb904ffc8605	1075ac95f73df8ca8b45478e41c55fb3997c8f9e
124f16b936ecf94a71e6a2c740c7b7882c4f0bd6	1075ac95f73df8ca8b45478e41c55fb3997c8f9e
2b8439a76477df06c43e7bc24eb724d0a5f370b5	1075ac95f73df8ca8b45478e41c55fb3997c8f9e
1388e56eb830f7476c4f7e52de057227354797f3	1075ac95f73df8ca8b45478e41c55fb3997c8f9e
9d9b1c088a4d5761311bc948619556541d8af8e2	1075ac95f73df8ca8b45478e41c55fb3997c8f9e
3b43215dc2b6908fdc269b94a6489c512bb85e0d	1075ac95f73df8ca8b45478e41c55fb3997c8f9e
2682a6151a507c860082ca02d4c55a30c7e11e68	1075ac95f73df8ca8b45478e41c55fb3997c8f9e
a2ee235649c1d5084c4577bf1bf2dd8853b487d3	1075ac95f73df8ca8b45478e41c55fb3997c8f9e
33a40db5e260726e83e7acd86877ba89351e25e4	1075ac95f73df8ca8b45478e41c55fb3997c8f9e
8749fafb401090972d6bd59a91299a34f0b9a4f6	1075ac95f73df8ca8b45478e41c55fb3997c8f9e
a777d9de8459b60c4c98665b8e95e66b77161182	1075ac95f73df8ca8b45478e41c55fb3997c8f9e
d5466384361a5262a430623bd8d64a0c21c06765	97b2374c119ff247699ae61438097a30db3ad5f9
984329049e380eb73775d2c60652ba43bef5e8b6	97b2374c119ff247699ae61438097a30db3ad5f9
7c6a6bc040152302d54ef455b47e82885348d847	97b2374c119ff247699ae61438097a30db3ad5f9
0990ff6ae292a76835007684c0b064461f07973b	97b2374c119ff247699ae61438097a30db3ad5f9
4e19b8e548cffc1880cb04ce422c5d65896c0694	97b2374c119ff247699ae61438097a30db3ad5f9
00898e6d68d20bda5e4f0ebe8461dc0ae157a3c2	97b2374c119ff247699ae61438097a30db3ad5f9
30fb73a45bb4465fc72d3edd477f06ace342ec18	97b2374c119ff247699ae61438097a30db3ad5f9
aa4cc0c958ab1459027d7229cd4781c5722a2fcf	97b2374c119ff247699ae61438097a30db3ad5f9
075814bb12b31018952555d0321b26276c51cb42	0f60249a09ce0ef0fb117e0827c72c720079e53d
86e3b9a3b8db228a198f7c37f6d94d5982f1bdb2	0f60249a09ce0ef0fb117e0827c72c720079e53d
288c93b8e1d05093d8e98376042c7c0e40e828ba	0f60249a09ce0ef0fb117e0827c72c720079e53d
94ed84b5248574d4ed6b839329be182c92c2e313	0f60249a09ce0ef0fb117e0827c72c720079e53d
22835995a18df0933ed072b0dce8922817ef35dd	0f60249a09ce0ef0fb117e0827c72c720079e53d
14c91930d05c7adbfe0ed04d9a2afda2c15fa457	0f60249a09ce0ef0fb117e0827c72c720079e53d
04616ac0241f9ae724714c4e4d63d144ae1c06cf	6cd47a516e7490d893a8f315474ff8926ca98772
e41659a137b1cf4825f3670344f597296364f713	6cd47a516e7490d893a8f315474ff8926ca98772
481abf316b409f529aee26411feba28d09b7bb23	6cd47a516e7490d893a8f315474ff8926ca98772
f75983c3574a8fd156aba8add69d85afead402f2	6cd47a516e7490d893a8f315474ff8926ca98772
324aa813497b7241eeffad2d603de1ccaa00dc08	6cd47a516e7490d893a8f315474ff8926ca98772
8b9b23df395623ef0be670294ee6673f07c4f7ae	6cd47a516e7490d893a8f315474ff8926ca98772
5f48568f10fbb129799ba718814f3707ab84d9a8	6cd47a516e7490d893a8f315474ff8926ca98772
7faf6cb6d38007e49fcccdbded59eeb58a7e6eab	6cd47a516e7490d893a8f315474ff8926ca98772
4f64d541e9dd68dece616a4f34faa7b6b2bd9c52	6cd47a516e7490d893a8f315474ff8926ca98772
f7390e6665d7cc8f5e613d171a4461964c06cf49	6cd47a516e7490d893a8f315474ff8926ca98772
e38473e0192a42aa747c4b577a9fd709f880ff5c	6cd47a516e7490d893a8f315474ff8926ca98772
74702ae0a678f34ed23cf77f5609ab391edc4e91	6cd47a516e7490d893a8f315474ff8926ca98772
c9d8812ea722fb1ea94f93b5dbe4b69db3ff1eae	6cd47a516e7490d893a8f315474ff8926ca98772
d8f300bff6d0d0195e2caadc2a5e3a2f0639bbc0	3a3b7ba4d8a201a98f0ab06ad4e15fc0ee2aca49
93cfdb3fb3cde400a4bdcb84a08df27cb2594b49	3a3b7ba4d8a201a98f0ab06ad4e15fc0ee2aca49
a2eef8ea41b5500b2797c3ee9e27029bb8ba50df	3a3b7ba4d8a201a98f0ab06ad4e15fc0ee2aca49
305921b63b926c42f031ad3d3fb8c2891ff1018d	3a3b7ba4d8a201a98f0ab06ad4e15fc0ee2aca49
8af872116be540ba7e483b4de2fcfb5c479808d0	3a3b7ba4d8a201a98f0ab06ad4e15fc0ee2aca49
40d5670883350cf3ccaacba6d33018e36e60db8a	3a3b7ba4d8a201a98f0ab06ad4e15fc0ee2aca49
57acdea056c6c9e0e00b0a61a26e5e948fa5aeb0	3a3b7ba4d8a201a98f0ab06ad4e15fc0ee2aca49
7b124a2473fb3de7d923dce8b56989238035f85e	3a3b7ba4d8a201a98f0ab06ad4e15fc0ee2aca49
fa616672ab7ce8f0ede2a5081cb8041051bfc65b	3a3b7ba4d8a201a98f0ab06ad4e15fc0ee2aca49
bfa14e08ab127045a6865f460ff316ed7a0d0b61	3a3b7ba4d8a201a98f0ab06ad4e15fc0ee2aca49
149528a02964df2b1342e8f85c5b936d7e69feff	3a3b7ba4d8a201a98f0ab06ad4e15fc0ee2aca49
a3753653fc3b78e96d84836054bd67c06a158a00	3a3b7ba4d8a201a98f0ab06ad4e15fc0ee2aca49
8c3431efb6c36e90f889e1ae41ebfb18ffe42966	3a3b7ba4d8a201a98f0ab06ad4e15fc0ee2aca49
ea275a7b6962592e9131d6894597453e6831d8c6	3a3b7ba4d8a201a98f0ab06ad4e15fc0ee2aca49
481c653232f93e563fad49f6c9673b7d509c55c4	3a3b7ba4d8a201a98f0ab06ad4e15fc0ee2aca49
4b5bf0f3c029daa51f4aeb5eef5761fe342f7976	3a3b7ba4d8a201a98f0ab06ad4e15fc0ee2aca49
5bf0bc6921350d282884a64621c98a4880bb91fc	3a3b7ba4d8a201a98f0ab06ad4e15fc0ee2aca49
f633531abf7b9af5e741756952c5b544707599c5	c467134d2ffcb2333e5d7cf0ac8ff9c0df835f99
2846bf7fc88c18b1de3d66be1aa8849794ad78c1	c467134d2ffcb2333e5d7cf0ac8ff9c0df835f99
c0bcbc3de2311f7faac923fd0cd274af11ac6f6f	c467134d2ffcb2333e5d7cf0ac8ff9c0df835f99
2396ef9b7ae1c8cd1a01a6d5144a6df9824878c3	c467134d2ffcb2333e5d7cf0ac8ff9c0df835f99
90f72bf9198b6137cf66437dcd5398062c11a6ac	c467134d2ffcb2333e5d7cf0ac8ff9c0df835f99
b72746f4951ddc6df163242481c42130c16bfd6f	c467134d2ffcb2333e5d7cf0ac8ff9c0df835f99
309aa5f18cb3139a17bb67849a6dc2382954e184	c467134d2ffcb2333e5d7cf0ac8ff9c0df835f99
a0486f0913b09bdfd622f88dc99a96ac79276383	c467134d2ffcb2333e5d7cf0ac8ff9c0df835f99
632a7513420c07f679c47b230225fdccfec748df	c467134d2ffcb2333e5d7cf0ac8ff9c0df835f99
8ee1b32f2ca04ed9e02b018ac46ee2f83174d37b	c467134d2ffcb2333e5d7cf0ac8ff9c0df835f99
274211ae9cd0723ae44157dcd87c5497dc732bd6	c467134d2ffcb2333e5d7cf0ac8ff9c0df835f99
baf135f8ab3579fcae786d3e09d595175522eb7c	c467134d2ffcb2333e5d7cf0ac8ff9c0df835f99
56062c1728b5d25a844b0e877a4c616ce0eba878	c467134d2ffcb2333e5d7cf0ac8ff9c0df835f99
0e6ab57d511037c003e229779298991134ec9572	c467134d2ffcb2333e5d7cf0ac8ff9c0df835f99
b729483879952c9b78ea726f3b506f0f6127e27e	c467134d2ffcb2333e5d7cf0ac8ff9c0df835f99
02049641a629dbf0bb121870f1c95da625ac5be7	c467134d2ffcb2333e5d7cf0ac8ff9c0df835f99
7a771dd4e84b2f31a21dd62639b501b1f32bfd1f	c467134d2ffcb2333e5d7cf0ac8ff9c0df835f99
426a213656ba5773580d7476a70eef5d7dba710a	c467134d2ffcb2333e5d7cf0ac8ff9c0df835f99
8a5e0b816bd0f2375c658c1b545ebc18b9592f96	c467134d2ffcb2333e5d7cf0ac8ff9c0df835f99
73cb15053924d17e03ce7337f8bb8f97114d2af5	c467134d2ffcb2333e5d7cf0ac8ff9c0df835f99
d29fbda1b8e05cc9a28efd30415e2ea1265d51e3	c467134d2ffcb2333e5d7cf0ac8ff9c0df835f99
f43ca3817d008d95d0374145e7e26973543ee250	c467134d2ffcb2333e5d7cf0ac8ff9c0df835f99
37332349e1356e79ca1f8443d3901381ac93413b	c467134d2ffcb2333e5d7cf0ac8ff9c0df835f99
4a71725d05cc4c38e4402d5ad355d780c2bfa7d7	d7b2b859f8b89f657b0e57d357c4a287a2829b1c
2d52018856da3cea23d44000ec12c9bd177bf036	59409b719ab9ac4f6ca4ddccdb4c2aad5a929497
15b229a66a8e68535485b9f8aafafbbe683b9cbd	43955830c8daf96c35e7908eb53e2f0707da9bd8
5313834f14b944f8e9359e06ef832b6d85e746f0	414215efe088d1f7bb354bbcac317b2eadabf31e
acec260ffbe6abac36eefd5ca16d309b1b091f06	a7ed218bdc94afee485b6727f83960ecbe574708
d4a60f7da0941d59ccc23ecedfc82adc358dc2d4	c0e1408dd772be84ba0e9c6b849ad80476a7f678
33fd5fc56194e18a2acde6d55d51899a2e3298db	82f8c5a3b6e9e33667bbc3fab7e8b516916d106c
4310169a43a979d78bb54128f03b48a732d0c1bb	1a30fdf0a500efb410dcae2056acafeb646054ed
e57ec90956cebf9faf5b1eed67e0010b2a78ab5f	3c3381025bd2de6ff6010ba1b445ef48471b2347
3289926f5a9617a814d51d423c17748a4ed72f8e	e276ab8a7595f93b07f6fb746028e7e431315d21
43151a2acc2c3194bde828771ca4c8b4d7561494	0e07f72cd7d189cebfe9c24990625f6891608603
1302798a1045a220dcd86cc3fd72a8b2cba62052	12e74b55693d4597cf94cad9d2c15ef503439f47
ea389fa4025d5143d071d63ef591163113a7869c	7407610177ed9a504885764463c32f9b39eca4a8
6a656778a260966d8e928a3ef571796465a0014c	d142119afd639025038a7ffc4f9419c0dca85610
ad150077ce41df034bfa3112b0aacac1684dc26d	f047ba99cff3c206c983c5d06e6f3a866434443b
c770e70d680f781eb827ec192335d79aea3a86e1	5686c5d38126b35d037dedfddcd70e00db274289
9033a903d5afaa46d5d222050b3d3f66b95bc6c3	ce0ae3939c4663d3accd84ab4cca8a97ae6fa26b
62481b1bd741e2c6780e6f7e6d0335185c29fc14	ab6a6bfea4dc4d038bc34e7438884753de7e1eb8
93dad3d9680fad4a73f378a50b6f955298307c30	1a58ff558708942a567d69417fb72a0889161a14
7e52582aa97f0b165a228175db9b904079bf3909	7bb9e6a5616de0d077f9486c93691b57455d5b1b
9a7055a35d855674e34de051778d32815f269545	a87b86c781d189ecc8d460a63cd340f2c3f65c93
57294e2d18f5f78bdaf09abdb0975c4af7a5c38d	3691c94167dd21abe97c34a37638f2345178287e
69d8725f55c2e07356f92525548aa064b5441e77	0929c51cae6560ee57a132bfd01bb8e081857d43
da67ce3293016380026e6489dd19d64e85ecff10	0ad81df50b7aefe5219470a5a58d97ac35bbb455
4cfca869c3163dff5506ad367179ab59a838af76	7f7eff943337810c45fbfab6606a9944ab17200d
c2414bc77fc5fef51a4837d32fc60c07f928b8d1	a2c7ccf83a0a94afde846940fcd6eee012aab03b
cf1a74c24cc860a10e0613859f3c10f3f027652c	a2c7ccf83a0a94afde846940fcd6eee012aab03b
e22af12f24f2b43bee203e1985da60f78151f50e	a2c7ccf83a0a94afde846940fcd6eee012aab03b
09c0ba76a33c6283a8c233d03847f50273b9794d	a2c7ccf83a0a94afde846940fcd6eee012aab03b
555d825d93be504ed7e377983b6e42b172a7437a	a2c7ccf83a0a94afde846940fcd6eee012aab03b
1df9dd7b44367116af986b654ab2b82b939d812d	a2c7ccf83a0a94afde846940fcd6eee012aab03b
6326fe4d5e1ed11978b2e974d8b91d314fb60d74	a2c7ccf83a0a94afde846940fcd6eee012aab03b
8e9298bfc7269b54412e52a750a08501eb4996d9	a2c7ccf83a0a94afde846940fcd6eee012aab03b
2b4912bd501e46ff77008ebd671f8a32313f053f	a2c7ccf83a0a94afde846940fcd6eee012aab03b
08eb5f91a79e906160413f52d9774aea7cc52ce2	a2c7ccf83a0a94afde846940fcd6eee012aab03b
e5c39dee15cbf598acc2d77ed797da990f964b23	a2c7ccf83a0a94afde846940fcd6eee012aab03b
df6db77776ef6c8f2ec7cbbe66dc67d1250442e8	a2c7ccf83a0a94afde846940fcd6eee012aab03b
04d1ef6ca4c89a226e5c13de69ccc7076add9ef1	a2c7ccf83a0a94afde846940fcd6eee012aab03b
33ee15c98057448a98675da04930107aa877e4e2	a2c7ccf83a0a94afde846940fcd6eee012aab03b
2ee323d38d11071283879a2e8f87abb8e25c1a0a	a2c7ccf83a0a94afde846940fcd6eee012aab03b
734f2f3c863ddbb0115f6710ab3e2d20304eae45	8c3d99df1d664e44083453f42a895fb3add68a65
191b074adf9d2eb0571f063c0d7a07834a33c971	8c3d99df1d664e44083453f42a895fb3add68a65
2bb7f7903a7225f59765366edb30259d4f851625	8c3d99df1d664e44083453f42a895fb3add68a65
40ddae97b8f196ca9f261f8671200430599589c2	8c3d99df1d664e44083453f42a895fb3add68a65
753e9b369b11215ae448f97a215da11ff353dafc	8c3d99df1d664e44083453f42a895fb3add68a65
0422d70076f5edd80de74de5254e4d65b36acc2e	8c3d99df1d664e44083453f42a895fb3add68a65
29e6407d3862b4e2839a78feb59c1dcf8cc2560a	87da9306dfe2b6ba71ae87e7a3ac0e1aa6202949
24d21a1afeb3ec850629a766facdf9fdcb843f72	27fc3c8e0e24a2b34822ed3b1018393e52a9fb82
348883ed77b6f16ea7724c80a1e8cdb71bb12585	e5e83ad212547ecd74a19183fa34c62e4bb57f2f
7751756f08ad29a79b72abaa7fc87097252a984a	e5e83ad212547ecd74a19183fa34c62e4bb57f2f
7cba499a8c440b029d813f7bf9c7aa3bbf84ebf9	e5e83ad212547ecd74a19183fa34c62e4bb57f2f
595520211c5c5d3c3778dd13bbb62bac32947483	e5e83ad212547ecd74a19183fa34c62e4bb57f2f
1688367dec67c6cf755ee257b444202057f4d7b3	e5e83ad212547ecd74a19183fa34c62e4bb57f2f
fb55ff7474a2e1de9c74270569806d1bac7db00a	e5e83ad212547ecd74a19183fa34c62e4bb57f2f
daf9086cc1896063405c7a6a9c252329ce672c57	e5e83ad212547ecd74a19183fa34c62e4bb57f2f
4f0a7b8b756e68e9a89cd9d911beeca689a51883	e5e83ad212547ecd74a19183fa34c62e4bb57f2f
113edc367131d2733118e299d7fc2338947df1d2	e5e83ad212547ecd74a19183fa34c62e4bb57f2f
6b8efd8bf057480c6a7a1b0c0d99049af55e4aad	e5e83ad212547ecd74a19183fa34c62e4bb57f2f
1eda61f0eb5b7cbeb2abed50cb0efd72e326b826	e5e83ad212547ecd74a19183fa34c62e4bb57f2f
2aa2bfaf0050e0b1446418f599d3151ccb0180f6	e5e83ad212547ecd74a19183fa34c62e4bb57f2f
b9633fa2c499e280495ede1d4d278a956df779d8	e5e83ad212547ecd74a19183fa34c62e4bb57f2f
fd1faa2573be1055b9af4de30d683ecbc7e9fceb	e5e83ad212547ecd74a19183fa34c62e4bb57f2f
21fe62b1e82fa4140e8a431a823ce996eb4d2a9e	e5e83ad212547ecd74a19183fa34c62e4bb57f2f
ad85e419c6d0403556eaf0276cb490dba43d110c	e5e83ad212547ecd74a19183fa34c62e4bb57f2f
2b4a416f30f1191cad38e56b5525af1113af12da	e5e83ad212547ecd74a19183fa34c62e4bb57f2f
c5af32cba19ed48e3744fa848495d0e303e870e6	e5e83ad212547ecd74a19183fa34c62e4bb57f2f
88a51fc72bf8e8d6659130f8d1e75794beec151a	e5e83ad212547ecd74a19183fa34c62e4bb57f2f
204b83b36fd58ce7f29b7121fc0f7fec134ce5b6	e5e83ad212547ecd74a19183fa34c62e4bb57f2f
fea61858a83ace8ceb5cdbf1c7d295ccd5b47b70	e5e83ad212547ecd74a19183fa34c62e4bb57f2f
de3610ea44f656ee285e59d5e7d7fbcdad37bb3e	e5e83ad212547ecd74a19183fa34c62e4bb57f2f
13ea1b3409ff7bda28d4ba3d0fc87016a389e077	e5e83ad212547ecd74a19183fa34c62e4bb57f2f
1e800a14fd4275db5353e997dc9eea31c0bf6e3a	e5e83ad212547ecd74a19183fa34c62e4bb57f2f
f5acc3b47f9733ae8e7804706b594c650b0bb6b1	e5e83ad212547ecd74a19183fa34c62e4bb57f2f
fd824ff471ad9d40b496244b27864f414584c7f3	e5e83ad212547ecd74a19183fa34c62e4bb57f2f
9a3e132a61b59d24c45239df7996f93c864fb26b	e5e83ad212547ecd74a19183fa34c62e4bb57f2f
81b8436985d266b6261e4b12f0ad2cbb6640d48e	e5e83ad212547ecd74a19183fa34c62e4bb57f2f
5d0c876cd4ca25d90cd484c9651900a962b27374	e5e83ad212547ecd74a19183fa34c62e4bb57f2f
65a41932d44dc3cbc71946e6cf06256f8f5a57f1	e5e83ad212547ecd74a19183fa34c62e4bb57f2f
c4ffbc011cc698f1da91c1d3672946c080189228	e5e83ad212547ecd74a19183fa34c62e4bb57f2f
9fcecdaa1812959b8866c1bd9259d54946642fef	e5e83ad212547ecd74a19183fa34c62e4bb57f2f
71320999c6daa866efcb5d4fcc75db33504cd248	e5e83ad212547ecd74a19183fa34c62e4bb57f2f
2b01b86c4b0df1847217daef365515ae9c14d6cc	e5e83ad212547ecd74a19183fa34c62e4bb57f2f
9de70e671ff74ab047efa610963c093a0fc47f53	e5e83ad212547ecd74a19183fa34c62e4bb57f2f
a5ce33e4bbd22d25820f7a148da82dc5e0b5aa4c	f205d9b9f8ccd03dd3cc6d1b6631ea3336c4c56f
61c70b9326bb8b941fdf073c2d6af1768a630c3a	a7560db1c6eb275b663c38bb4996cea02acec571
6cf6549eb88e813b5aaa8f75d79da3f797f4623e	a8f789d3e69f5414742f2c55ecb425003ab3e2c8
4d984bf1e56633fad0137a06c95d928da26344e3	49a0d42428288aaa46c27746df935988a44be95b
c190a1521ebd98afe8042f9d6da4647479784369	107562f66a2b61b5ea910d4a63159ee285851be8
0bb70f25dcb65aefa5006448200608971ffcdf79	107562f66a2b61b5ea910d4a63159ee285851be8
34202caec539881f436165ffdf39d80117b6dce9	107562f66a2b61b5ea910d4a63159ee285851be8
75f827c02bab62666cabd6b2a5640612283007aa	107562f66a2b61b5ea910d4a63159ee285851be8
0f4a821202be8395063bc5f7e683fa8c427bfad0	107562f66a2b61b5ea910d4a63159ee285851be8
68db5f87146b12f75975a6b90af7b0dacb957b73	107562f66a2b61b5ea910d4a63159ee285851be8
80d36f1d924a87959271881455b5d9d73a7fd848	107562f66a2b61b5ea910d4a63159ee285851be8
f7aae720dce8fbe8833f0880bea18cb36d4cf425	107562f66a2b61b5ea910d4a63159ee285851be8
3b89cb72ea20ea2f276ea44359d1cda32ef262bf	107562f66a2b61b5ea910d4a63159ee285851be8
3291d39868ae5d26d7abfc33d668e6c7c116c89b	107562f66a2b61b5ea910d4a63159ee285851be8
5abc5622c0bff659e6f2f11b4b727df552f972c0	107562f66a2b61b5ea910d4a63159ee285851be8
0b2d0274e54a220f853ffb6ad537563a258a6ae6	107562f66a2b61b5ea910d4a63159ee285851be8
9e985cc4d12c5c63e97c1697315f080ffabc6f9b	107562f66a2b61b5ea910d4a63159ee285851be8
3e3c7a448d8b94678f80d8a2cf81d8bb9175f9aa	107562f66a2b61b5ea910d4a63159ee285851be8
f64846574e11b7b5d773dfca034655ff9a5a1242	027f824bdfe48323c9c7aa86b2a2991811b3db20
9e557126e5b98fa33f6e14dd873cc6cdf0f7bab3	027f824bdfe48323c9c7aa86b2a2991811b3db20
0b2df365f9b0a44c5b95fc008ec258f979f32ba8	027f824bdfe48323c9c7aa86b2a2991811b3db20
6c6d8b82c9b304362dd25d18999b09e42c668208	027f824bdfe48323c9c7aa86b2a2991811b3db20
5e3798e65b1e56ed17543cc070caf6df8c248f72	027f824bdfe48323c9c7aa86b2a2991811b3db20
d16fdec1cbefbe621bd1b2bccde5e301feca2e81	027f824bdfe48323c9c7aa86b2a2991811b3db20
251ddd10ca69de394f8d102e87207e2fe4e0aa87	027f824bdfe48323c9c7aa86b2a2991811b3db20
f55ea48b06c510a63c9daab08de4405d7f982401	027f824bdfe48323c9c7aa86b2a2991811b3db20
b5d4bdf3c4dba99ce43d754c69c893ed29f30994	027f824bdfe48323c9c7aa86b2a2991811b3db20
7814ab097867b0db0c210d2db855c9a5bc331e0c	027f824bdfe48323c9c7aa86b2a2991811b3db20
41902c0218f9d6140d636a86866d85b223fe4657	027f824bdfe48323c9c7aa86b2a2991811b3db20
4fa7b99bba8953e4f880290b1b627ebdcafa14fe	b5d03f8ca895739c35c0f1c3247f013bb76f12fd
90714225c6e87f6730d97607c98b669c5354b56f	2c18f3e5ea8f5b19b8cc26578b2dd86cb69825bc
8a9ba7588305fe66390c641b0435a980e4b2b506	2621a0bb86254600c569dd61b86cd661b993a522
86b565640c244cae34797b2b70af994900e326cf	a40e770d17ec6a2c7688fb27200e6ec7d9a947fc
f98c54feb5561e75c827e17b2f7471aa7a74f915	a40e770d17ec6a2c7688fb27200e6ec7d9a947fc
fb13335707a4ad0e116f02bd1ac69f44dc6f2084	a40e770d17ec6a2c7688fb27200e6ec7d9a947fc
cc685687bd807e85cc3c408f7224700e10e9a6a4	a40e770d17ec6a2c7688fb27200e6ec7d9a947fc
439e9790d785b6c3e959098dd1e3243db06ac44d	a40e770d17ec6a2c7688fb27200e6ec7d9a947fc
d037397fcb5b49b8e14e3d73f44d916c6a1624bf	a40e770d17ec6a2c7688fb27200e6ec7d9a947fc
c4b889c88e90c9a1365dd96814f9d2e7842fba00	a40e770d17ec6a2c7688fb27200e6ec7d9a947fc
b05ed7e628f1257d994f2ffa12edc21c33106291	a40e770d17ec6a2c7688fb27200e6ec7d9a947fc
0fdbd3f49bdf6a0fb220fe999502b58597bd39b4	a40e770d17ec6a2c7688fb27200e6ec7d9a947fc
e7a9b2c71adb09126c177cc714d5598de1f9f03c	a40e770d17ec6a2c7688fb27200e6ec7d9a947fc
ea1caa3c6dead5fbc7db83fe58b1a5b2c7b78a76	a40e770d17ec6a2c7688fb27200e6ec7d9a947fc
a7e446a592d2d3e397aaca6c5e3c8c152151e9ba	7dbcc785f008d732f085e56971fb25960d7c4912
0130c1c151e6fee43b16c97349333f2711ceb253	5739eb6575b3e15b2da63aa0ae83a4280dab22ce
2f6681bc54bb9dac3c4cd0aaf4aafe632795a66f	0398ac8d2d0512ea39b4b6b0e850382b988ed78a
911736ced2331cbdbefa167b2715133862cc16d6	2d64a8652e4ca457d77984f58b85325b7f044733
4628be8296754b94cdab52d251c2e8e55f0b696f	2d64a8652e4ca457d77984f58b85325b7f044733
daad46ab26182bfbe110bc5969e6e5863f85e976	d2d1c32467d15c0e19c02decc21b57ec7f5e72ea
96ce640b1a24f611f6484715fed9a6b952490bc8	d2d1c32467d15c0e19c02decc21b57ec7f5e72ea
3fde2e117abbfc8d36115d630a4e4b5457e70f48	d2d1c32467d15c0e19c02decc21b57ec7f5e72ea
016c294accb8926d7fea66844ea0dd4a1e0c63db	d2d1c32467d15c0e19c02decc21b57ec7f5e72ea
72f134c305b9164ce641a912d8b720b4c9f94ce5	d2d1c32467d15c0e19c02decc21b57ec7f5e72ea
c30ff575db60c5b0c79a0846153d22fa6304d873	d2d1c32467d15c0e19c02decc21b57ec7f5e72ea
01d15369961736b2c68b0a36ff247cf2a30818f4	d2d1c32467d15c0e19c02decc21b57ec7f5e72ea
ede9111717fcbbc2e2f208fe5b423b24b8870cb7	d2d1c32467d15c0e19c02decc21b57ec7f5e72ea
fca549fbad6547844ca1b09439047b220dea4017	d2d1c32467d15c0e19c02decc21b57ec7f5e72ea
1c2bbadc5c1b0cdccbd8821628be512f2e6dda2d	d2d1c32467d15c0e19c02decc21b57ec7f5e72ea
dfb47dc760364ee5b5a04aa14af5323cd345a4b6	808ecca8cf9b394b22c394794dc1c398365723ef
08512d165773a435845d2d5d0d5efae76544ffdd	808ecca8cf9b394b22c394794dc1c398365723ef
0532312d3667444bcc101cc4ccbead57880ef32b	808ecca8cf9b394b22c394794dc1c398365723ef
b71b64fb8db2e3933903605604eafa0271c0e66b	808ecca8cf9b394b22c394794dc1c398365723ef
0be13dbd80af80d48ebed80699407fce1388278a	808ecca8cf9b394b22c394794dc1c398365723ef
0fd5cf6d6cc41eda54e69599c8880d6cf91038bb	808ecca8cf9b394b22c394794dc1c398365723ef
4416ede917fdaf8b67b69734bdf80ae2b2d454aa	808ecca8cf9b394b22c394794dc1c398365723ef
2ead729228c2c90af768f46c8258ba466174f480	808ecca8cf9b394b22c394794dc1c398365723ef
aa48437b8cfe3d2d13f54ee21e4cc6da9a19f9c6	808ecca8cf9b394b22c394794dc1c398365723ef
c418fc5fbe99bf4761cc646c563afa57966687d7	808ecca8cf9b394b22c394794dc1c398365723ef
5ded6e2ee7b38da9c87e6a0dc312f724e18a9df9	808ecca8cf9b394b22c394794dc1c398365723ef
993827478fd74ea2ebdf70430582e98f9ad58cbe	808ecca8cf9b394b22c394794dc1c398365723ef
aebbfcd7b9e4d120d5e58f72c1bded53bb82883b	808ecca8cf9b394b22c394794dc1c398365723ef
cb465e82bd92e5ee4acfff10a1e74353a4b48cf4	808ecca8cf9b394b22c394794dc1c398365723ef
ccd38de49a4458a8f1003743c93ac98d7e583fe1	808ecca8cf9b394b22c394794dc1c398365723ef
d3ddfba2f8b5713996886b78f076ac1205a87cbe	808ecca8cf9b394b22c394794dc1c398365723ef
1b060fcf87a187cbc6170f1a59f933252d015ee5	663b2b23d0149aff277ca506e24b4a78dac0eb42
b798dcd2b1213e4272ed4ad09be1c6a506fd4c47	663b2b23d0149aff277ca506e24b4a78dac0eb42
e0011a6a4446a0341c55a3dcd1060bd822581dfa	663b2b23d0149aff277ca506e24b4a78dac0eb42
91facb757c83a5dd41c8b66c4f4adbfcb026c6b3	663b2b23d0149aff277ca506e24b4a78dac0eb42
be302f8ef5d90fdbb7678fcfdec338008f4025e4	663b2b23d0149aff277ca506e24b4a78dac0eb42
31804dd310bb2cc25b227b4d67d36494c0816e36	663b2b23d0149aff277ca506e24b4a78dac0eb42
aa532ccdb632ec015c398e7ecb92a11eb3170272	663b2b23d0149aff277ca506e24b4a78dac0eb42
6c657fca7f372121927ed5cd12c966d0d5e5c56d	663b2b23d0149aff277ca506e24b4a78dac0eb42
9d36b4decd26a408481a3c433fdeae75f29a237e	663b2b23d0149aff277ca506e24b4a78dac0eb42
c41bcd73252d2a3c38e1224337a2f65d7047995f	663b2b23d0149aff277ca506e24b4a78dac0eb42
a86cc4cdcda8a2c8eb2b2f4a1f82e79a04ff1d92	663b2b23d0149aff277ca506e24b4a78dac0eb42
2f376503afda89c28c8cd8eb3602ce6cc59d2441	663b2b23d0149aff277ca506e24b4a78dac0eb42
978579244e83bbeae9a366adc8e25873a9bd66f9	663b2b23d0149aff277ca506e24b4a78dac0eb42
85ca7b8664bff392d6d59311521551d57a450d65	663b2b23d0149aff277ca506e24b4a78dac0eb42
7e4372f78db4b8051834c61af7151c682f44cc0f	663b2b23d0149aff277ca506e24b4a78dac0eb42
7b7d7be6cdc56cf00496896fe1e094fe0b91ff46	663b2b23d0149aff277ca506e24b4a78dac0eb42
aca01914d5fe8a45dd46ab768620e4a3adc18b8b	663b2b23d0149aff277ca506e24b4a78dac0eb42
9a9e53fdd3800c112207bd99cfe0efd6c53927fb	663b2b23d0149aff277ca506e24b4a78dac0eb42
b91488e55f428558903c62d1509466c84463ba46	78eb190f061b5dde9739a6be8309cd20cde41258
76b057ea1a05fd815e6c32cd4091822618b05c24	78eb190f061b5dde9739a6be8309cd20cde41258
f5cef0d72ad5a9b03a683396fe5824f1a0b35746	78eb190f061b5dde9739a6be8309cd20cde41258
3662bdf84494803a0ce50bdece2e36475904009c	78eb190f061b5dde9739a6be8309cd20cde41258
95873eb892dd6c274c6176e1fdf962c81aed06e8	78eb190f061b5dde9739a6be8309cd20cde41258
4744e45197b6893929e62f8b3a792fdee8161ebe	78eb190f061b5dde9739a6be8309cd20cde41258
58eac8ee0773f77510c7a0ff59cead6678ad06da	78eb190f061b5dde9739a6be8309cd20cde41258
5c2936e0557d077d11a7b12c87d49eedff29c0b0	78eb190f061b5dde9739a6be8309cd20cde41258
be983320ff9cb52cb40e3776753c1b8700829d18	78eb190f061b5dde9739a6be8309cd20cde41258
368aabd093f138b53f43030211f2831abdf7d47a	78eb190f061b5dde9739a6be8309cd20cde41258
e3fa5424a6049b13ed5fa8d7b334454256b8cf02	f1d18016acb4813b39a5d7c36c42bf53d7ca2ca2
bd43a6e20b6ea8f5e3f9d7126eb787808fb19541	f1d18016acb4813b39a5d7c36c42bf53d7ca2ca2
73136e2bf0e2cc561fc5d2ab128c88f1c2f8d976	f1d18016acb4813b39a5d7c36c42bf53d7ca2ca2
121785fd162059008ec7ae13f36e8ac63758fa7e	f1d18016acb4813b39a5d7c36c42bf53d7ca2ca2
f7aa1b401334ce36d12d84c3a2b33f939eb42708	2521f4b369b8be216bf160b24eddeaf5ff42e7d6
337898645e25c5f35faac4adc2fb762b7ec9c3ea	2521f4b369b8be216bf160b24eddeaf5ff42e7d6
0a22930c6a87e0967cd7f472e4602156ed34b528	9edd1b53ce3b44b027275b19b096e515c8623bb8
6d98a17e744338a9ec31228ddcc0d62bf4218ded	9edd1b53ce3b44b027275b19b096e515c8623bb8
3f85162be6322bcef8aa8d4c06c504ecb142c8fd	8c1bce3a157e5fae46419d5b0b902d523c1b1ac1
4721affe397ab98c29aa43488c1908ca82ec8f54	8c1bce3a157e5fae46419d5b0b902d523c1b1ac1
5fa258ed198bce74ca6fa59c93e781154be28eb4	8c1bce3a157e5fae46419d5b0b902d523c1b1ac1
cf99146351c27623a5c5ee5aa3df8e431d98112a	8c1bce3a157e5fae46419d5b0b902d523c1b1ac1
c0ab8f803eadf67e80f7e96ac2f55a364593399c	8c1bce3a157e5fae46419d5b0b902d523c1b1ac1
2f49291e0859e0d140ad423147e3faa274867502	8c1bce3a157e5fae46419d5b0b902d523c1b1ac1
6099c189e7b507875f9c7bb9d4f6c366e1570c80	8c1bce3a157e5fae46419d5b0b902d523c1b1ac1
d6671ada9b966b82a0e05f2f68cd4c31ab5d8019	8c1bce3a157e5fae46419d5b0b902d523c1b1ac1
5b519f0e427476b3358e3981a21f95134c0b1f06	bafd8c2d2e130c2ceeaaeabc4ccad1212606d73c
614545823cc29a6121e9bbe63f4e1f55e2b91026	bafd8c2d2e130c2ceeaaeabc4ccad1212606d73c
33c825cc800037b22ffaf5d7d9c06c6511c6676d	bafd8c2d2e130c2ceeaaeabc4ccad1212606d73c
eb186d0e31d81879d9d0f6f4d5b2cc65e5db7492	bafd8c2d2e130c2ceeaaeabc4ccad1212606d73c
5257e10454cced81daa53e4a82d71dbcb6ff15b0	bafd8c2d2e130c2ceeaaeabc4ccad1212606d73c
c39ebe420f478190b2a5a9e2bc1e8f8270f0cf45	bafd8c2d2e130c2ceeaaeabc4ccad1212606d73c
a60e74986d920acacf6d7a180b0e290dab4fed24	bafd8c2d2e130c2ceeaaeabc4ccad1212606d73c
983d5091b826ae2665baa80457e004af9d539d60	bafd8c2d2e130c2ceeaaeabc4ccad1212606d73c
ff4340bee691255e64cc7d0d3d903e85bb461ea6	bafd8c2d2e130c2ceeaaeabc4ccad1212606d73c
e06973bee2b14d5791f0dc295a9bb0d86889322a	bafd8c2d2e130c2ceeaaeabc4ccad1212606d73c
4c4989d9f38fc0bbc59f04d15ba9f9e2acde500f	bafd8c2d2e130c2ceeaaeabc4ccad1212606d73c
1a79e311481b2ba213c9c5e3fe3870ba1a850918	bafd8c2d2e130c2ceeaaeabc4ccad1212606d73c
f8fc3426168d8bd55827864fb0d3342d79d815d5	bafd8c2d2e130c2ceeaaeabc4ccad1212606d73c
189d5a73f5bacaa495fa4bcbd0a860dcda700aa8	bafd8c2d2e130c2ceeaaeabc4ccad1212606d73c
5eb18887861611d2a3135f8b2565823678ea2af9	bafd8c2d2e130c2ceeaaeabc4ccad1212606d73c
993192df92d792781274d4c2ec82a57a61e926b6	bafd8c2d2e130c2ceeaaeabc4ccad1212606d73c
6f104c36165bab62d0570c99f71ed982bc3869fa	bafd8c2d2e130c2ceeaaeabc4ccad1212606d73c
825d6251488242e9695b7d832c477e2e99ac6399	bafd8c2d2e130c2ceeaaeabc4ccad1212606d73c
cb03e81b8435f550351e798b4a191604f09ac0be	bafd8c2d2e130c2ceeaaeabc4ccad1212606d73c
59e0f49d95ca0f24aa954e553d3cd6759cb79c49	bafd8c2d2e130c2ceeaaeabc4ccad1212606d73c
292b0832fced190632a6562a03cdbfac533b7a3f	bafd8c2d2e130c2ceeaaeabc4ccad1212606d73c
f90e064ab97edc15840c62a112601ab276ff8d10	bafd8c2d2e130c2ceeaaeabc4ccad1212606d73c
eec9eabf2bea507d15638f53203dc4fab5b25bb2	bafd8c2d2e130c2ceeaaeabc4ccad1212606d73c
590a6f7fb79b2a67115abb13da6fc1ceb6a53960	bafd8c2d2e130c2ceeaaeabc4ccad1212606d73c
771c6659cefc8bfadcb0bf0934813fdcfa92d7f0	bafd8c2d2e130c2ceeaaeabc4ccad1212606d73c
40d13eff45ea7370ee941343f0cad83853ed736b	bafd8c2d2e130c2ceeaaeabc4ccad1212606d73c
fab98c3768aa2b13110c0f0437963b17d81c4e4c	bafd8c2d2e130c2ceeaaeabc4ccad1212606d73c
0a9de442bf2b5efde5fa80dc4981bed9c0f487cf	bafd8c2d2e130c2ceeaaeabc4ccad1212606d73c
6123c357c1b9b666d5ecb94b44e69fc774c37fd5	bafd8c2d2e130c2ceeaaeabc4ccad1212606d73c
14ae46e9770d8de963dd0d11dbb28eef79ece990	bafd8c2d2e130c2ceeaaeabc4ccad1212606d73c
d9851e0dc01f8156fb232adf6c62942f3283733f	bafd8c2d2e130c2ceeaaeabc4ccad1212606d73c
c61345e0055f90fec0aeaef4de5a8f8531ef1c33	bafd8c2d2e130c2ceeaaeabc4ccad1212606d73c
5f60d6bc1e627e91cddfd68e345e73916fc19c57	bafd8c2d2e130c2ceeaaeabc4ccad1212606d73c
d9032d8014b669d848fb72193dcde67fffec9255	bafd8c2d2e130c2ceeaaeabc4ccad1212606d73c
5a414d355947510ff35a94c53e10746fc7cd42ef	b428a0a4ba76a181d4e97ffb5d40d9177b5ed49e
52371aa7cc6ed2fd58771aab516cb5b4e43c949a	b428a0a4ba76a181d4e97ffb5d40d9177b5ed49e
bbb6c5de64f9fc93fdc94216a33aa26a28399279	b428a0a4ba76a181d4e97ffb5d40d9177b5ed49e
d174c6f66d242899590615ffe5a6ebbbbd099016	b428a0a4ba76a181d4e97ffb5d40d9177b5ed49e
f2e3c51939d53e0a5be8ac5245b1763d5333a9fd	b428a0a4ba76a181d4e97ffb5d40d9177b5ed49e
ee561b8b48c424c66c08276f64c36391601cba38	b428a0a4ba76a181d4e97ffb5d40d9177b5ed49e
9922c7e6d92fbe8a313adc66a23d59ce0da807e3	b428a0a4ba76a181d4e97ffb5d40d9177b5ed49e
9371ba86a595dd6ed7015c658c9949a1ba7f1a48	b428a0a4ba76a181d4e97ffb5d40d9177b5ed49e
f02dd6a0ec6584e42cd660f685e679b92991208c	b428a0a4ba76a181d4e97ffb5d40d9177b5ed49e
05a5209f2594d6656e51aae341a3698bfb6cb4e1	b428a0a4ba76a181d4e97ffb5d40d9177b5ed49e
f35d9fda62cd0a103b344ec3f0482317625729a5	b428a0a4ba76a181d4e97ffb5d40d9177b5ed49e
0c71b90723bde90a674cea89d267c52275107aca	b428a0a4ba76a181d4e97ffb5d40d9177b5ed49e
c0a37305349447615ea2b80db39c9fdfc501b0aa	b428a0a4ba76a181d4e97ffb5d40d9177b5ed49e
733b909d3b4bbd714bf2501c910be40377ceef61	b428a0a4ba76a181d4e97ffb5d40d9177b5ed49e
bd5026320fc11d6bb65692ff9bce9d067a78481d	b428a0a4ba76a181d4e97ffb5d40d9177b5ed49e
79440ffc3d33d830d68106f373b489867fe7f883	b428a0a4ba76a181d4e97ffb5d40d9177b5ed49e
32aa6170128af09d61fedeb9174df1dd0128fddc	b428a0a4ba76a181d4e97ffb5d40d9177b5ed49e
2a045f4af912cdae73d51b7696f0f4e3486203e9	b428a0a4ba76a181d4e97ffb5d40d9177b5ed49e
eafba76158c1ee48b6c9fa810a7068045ce0a272	b428a0a4ba76a181d4e97ffb5d40d9177b5ed49e
b1aadbc4cd50e1266817bd67984e8f9c510c2b30	b428a0a4ba76a181d4e97ffb5d40d9177b5ed49e
385a81efbb91a92f8f917cb7bc770adc7ecc8981	b428a0a4ba76a181d4e97ffb5d40d9177b5ed49e
7a695c1c60c39e89af1b98c4219ca7f33f85d836	b428a0a4ba76a181d4e97ffb5d40d9177b5ed49e
b4321278808e5dc524c49ca568725114f1c95bff	b428a0a4ba76a181d4e97ffb5d40d9177b5ed49e
a1c862e6558d465afd8be2ae1e2bb325406d9874	b428a0a4ba76a181d4e97ffb5d40d9177b5ed49e
b45a706e8f3a48fe1acb29679e2e064e246dcd6c	b428a0a4ba76a181d4e97ffb5d40d9177b5ed49e
b3cc0e63a79c3fa887ca01f3be125064f3b8541b	b428a0a4ba76a181d4e97ffb5d40d9177b5ed49e
6cb31f703a0ef93d855fcd984db61807b0ea4ace	b428a0a4ba76a181d4e97ffb5d40d9177b5ed49e
47e76a0bb2a46707c0e8d16043a773863f31095b	b428a0a4ba76a181d4e97ffb5d40d9177b5ed49e
a0e423fe7c410a2880db525d7ed304c3660b1410	b428a0a4ba76a181d4e97ffb5d40d9177b5ed49e
42a38686aaa6a45deea2bf10bf4c5a79f6a67b8e	b428a0a4ba76a181d4e97ffb5d40d9177b5ed49e
5663228a86d9776fcb268002e0b79b972bb5fbd4	b428a0a4ba76a181d4e97ffb5d40d9177b5ed49e
c2ddce2ec34fe24164ca14c69d0e5f871df92935	b428a0a4ba76a181d4e97ffb5d40d9177b5ed49e
536f63461f74a19e803ab2865f6a58778f814261	b428a0a4ba76a181d4e97ffb5d40d9177b5ed49e
32310278c68c7e190f652062ecc29ae149020308	b428a0a4ba76a181d4e97ffb5d40d9177b5ed49e
bf2c1297efb86491f10460812b239005e19f1322	b428a0a4ba76a181d4e97ffb5d40d9177b5ed49e
b4173c28863dbcfe2eb09ddec7cbd62d9e81c714	b428a0a4ba76a181d4e97ffb5d40d9177b5ed49e
3be2e1ef9d9939fa9705e905e58ec928d934de4b	b428a0a4ba76a181d4e97ffb5d40d9177b5ed49e
f161b56fe899a1ded33c1f0a13a79012b2cc25f1	b428a0a4ba76a181d4e97ffb5d40d9177b5ed49e
ba73ce2bd987e2ababf4a1bcdca77fba12363841	b428a0a4ba76a181d4e97ffb5d40d9177b5ed49e
7f26b2f9b2c32592823413a3cf2fbe1f5e55aee3	b428a0a4ba76a181d4e97ffb5d40d9177b5ed49e
058b59ac1629f594e44ab00c1a95899dc16a5713	b428a0a4ba76a181d4e97ffb5d40d9177b5ed49e
0670ebabf67e76e7d1cb0b999b5d017dec530b91	b428a0a4ba76a181d4e97ffb5d40d9177b5ed49e
8566b5af0a6d2c0017d55f3b9445df37812d25c3	b428a0a4ba76a181d4e97ffb5d40d9177b5ed49e
728afc2de5e4d55ecd42646e7c63e3a98942920f	b428a0a4ba76a181d4e97ffb5d40d9177b5ed49e
2f1c8d47939c386697aa70063a377c5315427f43	b428a0a4ba76a181d4e97ffb5d40d9177b5ed49e
8f0ad186059a2b8369c95c65bef89507f6902fb9	b428a0a4ba76a181d4e97ffb5d40d9177b5ed49e
57c6597942c05e26b36b23d4cfc8a5ba42f424cc	b428a0a4ba76a181d4e97ffb5d40d9177b5ed49e
2bb1c4274e19bbeeaf3a8553dfdea300ab12720d	b428a0a4ba76a181d4e97ffb5d40d9177b5ed49e
ff825d06829ca8cccf2103c555031f6cb3323f9d	b428a0a4ba76a181d4e97ffb5d40d9177b5ed49e
228a5b7ad530543156c6add59a8edc4c1fd923c8	b428a0a4ba76a181d4e97ffb5d40d9177b5ed49e
1a7b11126ab6b91dd3bbd7fda5e54e73f86cc5be	b428a0a4ba76a181d4e97ffb5d40d9177b5ed49e
f6ed0c96fe95523eba1abf6e667d90188c9bbc8e	b428a0a4ba76a181d4e97ffb5d40d9177b5ed49e
d5709c9a1cbf88ae1d4466f530a03bd48972aa77	b428a0a4ba76a181d4e97ffb5d40d9177b5ed49e
510d75e0c79d3cec3c956743d36a2e758ff227b0	b428a0a4ba76a181d4e97ffb5d40d9177b5ed49e
62a43877562335b967785493ebacea9df24b829c	b428a0a4ba76a181d4e97ffb5d40d9177b5ed49e
189a2e979dea87598abe4b1ac3e4290517d3a2ec	b428a0a4ba76a181d4e97ffb5d40d9177b5ed49e
0281aad4a219488e26162787f1a34dc2e684691e	d979f5d899741ed93f6ae17a28e075222d53b6ad
8df5541794f75e19b18f79853bf82877aa0a1635	d979f5d899741ed93f6ae17a28e075222d53b6ad
ca725a0254373c5ef718a86f2e5df63efa68f5c1	d979f5d899741ed93f6ae17a28e075222d53b6ad
a88e453888ad464ed4fd4653bb0ed2cde33f738f	d979f5d899741ed93f6ae17a28e075222d53b6ad
1128431ae070b5d5250e1b82040736d7741298ce	d979f5d899741ed93f6ae17a28e075222d53b6ad
025bffc09bb77e17d96768dadca81a6cd0dbe2cc	d979f5d899741ed93f6ae17a28e075222d53b6ad
78f4684eccc39899a7aa50d1ed5a21cf27679c6c	d979f5d899741ed93f6ae17a28e075222d53b6ad
e4db3471a8302f6ca93e8cc135f0cb038d028d12	d979f5d899741ed93f6ae17a28e075222d53b6ad
cdd77782732f915d7999bbba04162b85910e1de5	d979f5d899741ed93f6ae17a28e075222d53b6ad
83fce92f803994d206dd359751960c11c9514dbe	d979f5d899741ed93f6ae17a28e075222d53b6ad
28c6e7c8a2428179e91884348f13fd7589e105f1	d979f5d899741ed93f6ae17a28e075222d53b6ad
67c0f6559b551f644ddba1bd95ccc8d1ad6e6cdf	d979f5d899741ed93f6ae17a28e075222d53b6ad
f6c16a794b4b3b14546ef1b7e7956924db546c90	d979f5d899741ed93f6ae17a28e075222d53b6ad
5f4a083fd55595a9c7e1cf9e9ed05cac3c269b01	d979f5d899741ed93f6ae17a28e075222d53b6ad
4850bbfabaa3a53b0e6dc7d3c8a88c477439f894	d979f5d899741ed93f6ae17a28e075222d53b6ad
1aece7efc3e66dd37a21907f01479657e3b767a0	d979f5d899741ed93f6ae17a28e075222d53b6ad
f567ead6327d11d64ca4f8c5b67478b75558db44	d979f5d899741ed93f6ae17a28e075222d53b6ad
d38e523494009e8a53e087bf6fc2e24d0be863cd	d979f5d899741ed93f6ae17a28e075222d53b6ad
6ccf7c114df8c5f831cba98dabf02be1e7f0ab26	d0cf5aad7fdaca805d7ad48fd33249be827e0ba0
7f6e766ce474ec7af8d7ff822362c9dfa6e4c22b	d0cf5aad7fdaca805d7ad48fd33249be827e0ba0
ec36469fcd92636065d0161824e13360eb7ba86c	d0cf5aad7fdaca805d7ad48fd33249be827e0ba0
499d42986ac39386f1886acc51f92d5d663f86ef	d0cf5aad7fdaca805d7ad48fd33249be827e0ba0
8d8ad585ddb19c35e17e520f44b65ec3139c9763	d0cf5aad7fdaca805d7ad48fd33249be827e0ba0
7be1aa158c959d9418575826bfab9151b6a95238	d0cf5aad7fdaca805d7ad48fd33249be827e0ba0
d1e3413c921501e482fe009d37632562d24375b4	86351626c55d29c71bb44fe9445977a9963be5b7
a92c23681fc1966b1ad2b98ca914c786d1a4a311	86351626c55d29c71bb44fe9445977a9963be5b7
ecf6034ab71f1f4fe18d7bb477e233d1f90a0aac	86351626c55d29c71bb44fe9445977a9963be5b7
3da8e3aa48d43dc149343e6d65b7e56905edae6e	86351626c55d29c71bb44fe9445977a9963be5b7
1683e545246a84270b933e705c25686a50e23a69	86351626c55d29c71bb44fe9445977a9963be5b7
caea71edd5603497b8e3bf0891f6fef9ba3c894b	86351626c55d29c71bb44fe9445977a9963be5b7
95324c9fd120a876367ed2907fb860ec66cecd3e	35712b28206b746beaa5e4a69cc4f66a9e425c91
442930d3cea121d1941598492afc4b385c4fe6d6	35712b28206b746beaa5e4a69cc4f66a9e425c91
1c458c672533dca8d13e940663840d4d5e46d91d	35712b28206b746beaa5e4a69cc4f66a9e425c91
3a6710c4c8a2798da5042e1b1127ff12b51adee0	35712b28206b746beaa5e4a69cc4f66a9e425c91
8a674729a2d718bf36c86df77af109d935fbb1c2	35712b28206b746beaa5e4a69cc4f66a9e425c91
c6035329635e4ff1c90b040dc2159d082d65f15b	35712b28206b746beaa5e4a69cc4f66a9e425c91
e692ff7e1b7910b0831005ab0f4d491b21df78f5	35712b28206b746beaa5e4a69cc4f66a9e425c91
7adaef477d0aac9ffcd4e67d916e8ee50a337833	35712b28206b746beaa5e4a69cc4f66a9e425c91
c721d6d503149e083f3a41487a25b6ceb499fdbd	35712b28206b746beaa5e4a69cc4f66a9e425c91
4517e7b0463121cd3e45fe4f48cafa8675b615a0	04073e73071b3d0a4587453a563c2c45393ce015
4f427e8a83e6ba3f91fbd77aef1cefab22313623	04073e73071b3d0a4587453a563c2c45393ce015
a162a1bd5c7ff7c8ee1d00d9f13b01638aa81216	04073e73071b3d0a4587453a563c2c45393ce015
85a0216a239dd1e062380a8e5880f717dd6d7260	04073e73071b3d0a4587453a563c2c45393ce015
373db2a0206114a274f0ea1b6f103f5f5dc660da	04073e73071b3d0a4587453a563c2c45393ce015
12c5ea45d0767aeab069d08de444d129bd006f8f	04073e73071b3d0a4587453a563c2c45393ce015
c717d76cc0f49b09baa4284f8851d57c924e2f2b	04073e73071b3d0a4587453a563c2c45393ce015
95ad0d9d9de94f9929bab465d4df2fdbb012cd7f	04073e73071b3d0a4587453a563c2c45393ce015
25ac5e9f43353a3b3499cf60349ea27523196d2d	d493711d1daf1976240a2c8b34e035ea8d647339
6909edf4b217433673f36e692ac9dc4e3d89ac4e	d493711d1daf1976240a2c8b34e035ea8d647339
7ed879c93bd04f80d0eb60642a38d5434cf96a0e	d493711d1daf1976240a2c8b34e035ea8d647339
eef4975295210318c9fcb8dba7402b40f432e3f2	d493711d1daf1976240a2c8b34e035ea8d647339
adc3d796ae2b2880f8867f6d6eb17e3cb3b70ef5	d493711d1daf1976240a2c8b34e035ea8d647339
6d0ad23a05ecc6f7465160d786a6c45bd1c6d3bd	d493711d1daf1976240a2c8b34e035ea8d647339
e7159858e25907204a0acf924086069ac4d5d6c2	f83787ccf498bd247df2e3f34d366acc5034b2d1
8f2d5217e1d81c18e6e41f93c27e38280d59c30c	f83787ccf498bd247df2e3f34d366acc5034b2d1
1825b62316483dac74380a22f859eb48afbba445	f83787ccf498bd247df2e3f34d366acc5034b2d1
37145a6678e4a4cc55042e2a1efb2db80d58d729	f83787ccf498bd247df2e3f34d366acc5034b2d1
389fff6b35c12918e324b8113a7ab615d84e2860	4e03cf93d33c7ecd593aa22ef752d2de356c18b0
e88047ffc7e7a3e2a1a213296ed0a059d4a3f4a5	7fd72cb8573f041d564f4bae41849bb30cf646fd
02dbc8a9f7176271fff071a64e37292169129495	62d3c1efa2d773056a07699ae7b806487f3dbaeb
9657e8e022c6298eca388189e8f1e5863b1d6aba	5148d1c52f5e5c076f37b34b44b0abb649374ed8
d7feff3b203929ef0c91141d16d14463b09d4b73	5148d1c52f5e5c076f37b34b44b0abb649374ed8
5132067f7c1e0c9235d7d6d50ea5e22a45063a6c	5148d1c52f5e5c076f37b34b44b0abb649374ed8
0843488107dc9455b5c83b750f505214b3051f41	19dfc801bded97a0b5fe5f0136b3d18af2dc08d4
50ba78ddb82636ff42c2f1df6e6d531eae6ee576	19dfc801bded97a0b5fe5f0136b3d18af2dc08d4
301ee5b803367713d4d8c147185ef2dd26e0adb0	19dfc801bded97a0b5fe5f0136b3d18af2dc08d4
c9db3d27b8b418e46fdd3333c79031aad3a7be08	19dfc801bded97a0b5fe5f0136b3d18af2dc08d4
dc38ac5dfdd2cda2c6dde224ccea8e0bbb78f01e	330691694b52e4fa6ce0ef03ee287919c110188a
18d96056fe5a8579ed9301ebafd7182cbd9e3c5a	330691694b52e4fa6ce0ef03ee287919c110188a
2d1d1738a50b3028eeafcccfc23ea5db6e8021c0	330691694b52e4fa6ce0ef03ee287919c110188a
524783e40c06e220231d0cf1ea2f171ad741d287	330691694b52e4fa6ce0ef03ee287919c110188a
60235e5355e3f1100f9cc50a03e3534e58ee8ecf	330691694b52e4fa6ce0ef03ee287919c110188a
e5cdcf14b30742feb24c7a25d4200bd586211193	330691694b52e4fa6ce0ef03ee287919c110188a
157fcd43642960c4e31dbbc8378d591087ec0dd1	330691694b52e4fa6ce0ef03ee287919c110188a
94d877b0c839dd023f7cbe6429c79b142d4a4efe	330691694b52e4fa6ce0ef03ee287919c110188a
b210887f705aa8d92a2c8c40f7f5fad90a5e666d	330691694b52e4fa6ce0ef03ee287919c110188a
0a64616b8e06734e84383dfd97d463972d614ff8	330691694b52e4fa6ce0ef03ee287919c110188a
995d1d3bef11ecbe4c4b22c6cd88d49c71fd4805	330691694b52e4fa6ce0ef03ee287919c110188a
70c5ec4f18042832366c04bde7e3d428e5aafd81	330691694b52e4fa6ce0ef03ee287919c110188a
452c47f542bc2775c01c324c3d43641040cbdfb1	330691694b52e4fa6ce0ef03ee287919c110188a
0be84f42606b46f982fbfb9d7ecd5144e33cf4cf	330691694b52e4fa6ce0ef03ee287919c110188a
6d42f2b095d6442b1185dfde4fc833125fe6cbab	330691694b52e4fa6ce0ef03ee287919c110188a
ef9254a2a7a23fb1432d0d737c8e5bc75834dd14	330691694b52e4fa6ce0ef03ee287919c110188a
42f23f9f88b78f3ab6765c26d68a66bb7cfd744f	330691694b52e4fa6ce0ef03ee287919c110188a
07b9623a00d3a5d0a740f76214e1d90e664d8246	330691694b52e4fa6ce0ef03ee287919c110188a
e794a56e0bfb42c13657cf39c1470a8cf1861d0b	5c481e0b87731058109a0b5e0b5ed325be12f33b
af8c9edc6259e521918dce786a789c67ea8f3ba8	5c481e0b87731058109a0b5e0b5ed325be12f33b
f9d0da5b7d1d97000f85f4c2250a08e63a2ce835	5c481e0b87731058109a0b5e0b5ed325be12f33b
8bc014eb439ee34db3c16898eb66e846db493414	ffa64ca8fdfcd463b48ff72b5a6ea6d457b87bf0
de2d894562fd53f0988b0b510c3be0c5cd8cfb3f	ffa64ca8fdfcd463b48ff72b5a6ea6d457b87bf0
c493c7bd4e47b4cafa1306b570a0d90abacfc35b	ffa64ca8fdfcd463b48ff72b5a6ea6d457b87bf0
4f8bc18c94dc0f894f3f3adfaed6d832e07080b0	ffa64ca8fdfcd463b48ff72b5a6ea6d457b87bf0
3ce2f4776657defd9ea1e1781d7f76aaed0bf4f1	ffa64ca8fdfcd463b48ff72b5a6ea6d457b87bf0
ee57ee15fa207fc86affaa59b69ce558750fbc9a	8daa3bc701df2c2ee590918192d0ee3585f70fbc
6537f1ba2683136c2596b7095ec6258535845829	8daa3bc701df2c2ee590918192d0ee3585f70fbc
1bfb7d09360f461e6f5bd5f0604b545497ddcbef	8daa3bc701df2c2ee590918192d0ee3585f70fbc
01618585f2c597d20e34d7047fad7e737bb5c2c6	8daa3bc701df2c2ee590918192d0ee3585f70fbc
cc84c030870c088c38fb5b002887bef93e6db5cb	8daa3bc701df2c2ee590918192d0ee3585f70fbc
a80a041e0a5b303c2ed21a5d44965e5b380fc019	8daa3bc701df2c2ee590918192d0ee3585f70fbc
54a56870c182ab3d93a0ebe53eebd688a6e3310c	c8cb15b07a7d73925dd4f2aab36644ea6b65e992
96208cd5318b0b4bfb84321bd84d274816d2998f	c8cb15b07a7d73925dd4f2aab36644ea6b65e992
6c5f121a46da51eb92ad8bf84d8900e858108c11	c8cb15b07a7d73925dd4f2aab36644ea6b65e992
debbf72644e11b1fd19b60f8a6845456b77e5466	c8cb15b07a7d73925dd4f2aab36644ea6b65e992
d816a671eb3263adfc43c21d20da21ac01e04b67	c8cb15b07a7d73925dd4f2aab36644ea6b65e992
41ff9a913d16b21a20fb02be6a6b21bfca3829e1	c8cb15b07a7d73925dd4f2aab36644ea6b65e992
dcbebf5008e0e205b13437f7938f6fcc65214df0	e923975e80f60b7fc960a498729971fb7dfadc16
95358b597a0456391cff9f8c81398a4a0af7cfb0	e923975e80f60b7fc960a498729971fb7dfadc16
b055889de7b47f100941b1a519cce1b5eb51e0ec	e923975e80f60b7fc960a498729971fb7dfadc16
54c23c096e38eea9c5a2cae66a69b6109a432e44	e923975e80f60b7fc960a498729971fb7dfadc16
4a6f4ba2c80b8dafd827d6329314e78e7fc6d043	23d282132bf7408d29c5b4bacb7e92b6f1719fd2
65c1542af2a3bb31a330a7a70c3972af6b60f4c2	cbf88df7f46f6b4899306a2437558461135e4ebe
91486d69ce98e13e983d4e21f2c668f06d4eda62	cbf88df7f46f6b4899306a2437558461135e4ebe
a0d2d40c3d57ad981a32dd35ff217c88c84a8b83	cbf88df7f46f6b4899306a2437558461135e4ebe
4dfbb3b3d3ccbd3ec97985e5128af3553be33240	d80b910c132f1c5967cabeccaf8b3f41f828744c
f6e589813a893b8241c68e79c1ab03dfb4783563	d80b910c132f1c5967cabeccaf8b3f41f828744c
c271d19630198d7cf2be2090396ccf2e0364c5f3	d80b910c132f1c5967cabeccaf8b3f41f828744c
5197dcdcddccfb36e203f492519e9095fdce72a9	d80b910c132f1c5967cabeccaf8b3f41f828744c
5bea120b2ef0b94845550e53fb1b18193b374d84	d80b910c132f1c5967cabeccaf8b3f41f828744c
fc650fe21eb8d5bd011b2e69923572b6320859fc	d80b910c132f1c5967cabeccaf8b3f41f828744c
befd0db36c8fa9c00a9f61f5a4119bd6575e77d9	d80b910c132f1c5967cabeccaf8b3f41f828744c
5473cbe06ae8c3fe59214e5a5de6694a41e154df	d80b910c132f1c5967cabeccaf8b3f41f828744c
d6963afbb50493ea2dde662533261cbba58667c7	d80b910c132f1c5967cabeccaf8b3f41f828744c
227d9f0168fcee617498d451b2d50ae88418edd7	d80b910c132f1c5967cabeccaf8b3f41f828744c
9d754d78657a0408d5c4ca64554000cb88162727	d80b910c132f1c5967cabeccaf8b3f41f828744c
b67c2f237957a5ded04bbd887cf05d1b018b3168	d80b910c132f1c5967cabeccaf8b3f41f828744c
2acf20415660eebe23059553d6122d350647ca25	d80b910c132f1c5967cabeccaf8b3f41f828744c
fd03c78079b740e9a5c9790e1d59f1c00c26b23e	d80b910c132f1c5967cabeccaf8b3f41f828744c
3a320047c8e687b51d99776027088599958935c1	d80b910c132f1c5967cabeccaf8b3f41f828744c
d1fe0612929c2514fec5c056348432f17610329f	d80b910c132f1c5967cabeccaf8b3f41f828744c
e50c1ccd6708001364c2d79306f126428e08a686	d80b910c132f1c5967cabeccaf8b3f41f828744c
de808950ef7faee8735b771d2155ad9b14f648ea	d80b910c132f1c5967cabeccaf8b3f41f828744c
111ace1e0998115fef566c9a2a78f1fb1422b4e3	d80b910c132f1c5967cabeccaf8b3f41f828744c
ee9edc356d3565723f6f9b494d6017223e0e1409	d80b910c132f1c5967cabeccaf8b3f41f828744c
7175349906cacf9052738e7aa143bd9fe51bb377	401ab680101c12dd66c2098716b26839fc144334
ddae717b45583f41608eee06f0ee1e3b843c9d65	401ab680101c12dd66c2098716b26839fc144334
09bc908f628cc545c45684a4c3f4e54bf6dcda16	401ab680101c12dd66c2098716b26839fc144334
2a3e3b53651ea86e594382a2e1f7faf197c7447f	b2ad6610fef19db2e4fdde55f3b442cf7f63218f
b252d294fb6777fa7281ee7366987df11e1a7f5e	b2ad6610fef19db2e4fdde55f3b442cf7f63218f
31da17d6077132349b85dcd38d8bccd506417190	b2ad6610fef19db2e4fdde55f3b442cf7f63218f
10b025659d810ea11df9a1d7b5edd477b3b4a7ea	b2ad6610fef19db2e4fdde55f3b442cf7f63218f
caa32429b73c54d370dc056ba9718dc84c47715e	b2ad6610fef19db2e4fdde55f3b442cf7f63218f
09c1350d83d372de2305e9f7b1be9e65709d861e	b2ad6610fef19db2e4fdde55f3b442cf7f63218f
19d5497b07c86d6c247abfdcf004f4087e8ebd9c	35f9c47797d7b3890b6a3845710a68e6bc37c71b
c7233d0e1cc8fe039c1921fe4d73940647422b13	0bcdd884fb24de2d0de667375fa89face3524edc
49256a97711fb863e28bd6a45b23759b5d3303a9	0bcdd884fb24de2d0de667375fa89face3524edc
aca5674569bad61d5257cf3e47fde8cbfa046009	57bcd07bd9c9e6921704b0b6d5ea7f42cee19d62
a641bf0b76f11ba73d9670cfb55904535fbe08d3	dd5b36ab6b739862edb604cd96314464a1607e6b
293592292a63a3a2b169bd2b4621ceff19e4de12	dd5b36ab6b739862edb604cd96314464a1607e6b
f1b89cc7a171888dbf9677f9b1e74ca00398b594	dd5b36ab6b739862edb604cd96314464a1607e6b
b9328f02d9f2f76703e4b28a69874349c0ffde54	430fbc5dac8da1d4e83971a98664686feff102b0
6986d3eb9d3dfdef5028e867e94119de6fed4011	430fbc5dac8da1d4e83971a98664686feff102b0
58bebb10ddbf50d21ac5f244bcae4c7c418d2758	b9bcdb90b9d0d9960495be5ac1d5fee5fda55a77
60c8343273838248cca01e5f3d4aeccfb62fcba9	b9bcdb90b9d0d9960495be5ac1d5fee5fda55a77
141b80f25a3eccac8f7c110865e5c780cadf658d	b9bcdb90b9d0d9960495be5ac1d5fee5fda55a77
56b641956bfbf8085ec03604b5f2ca53812f93af	b9bcdb90b9d0d9960495be5ac1d5fee5fda55a77
3cd3618f6778274b8d48460f8831f2435c53ccf6	b9bcdb90b9d0d9960495be5ac1d5fee5fda55a77
105ab05f73ada74a5019c0fc796b74aca405d868	5b2970f8c6d9fa9ef3df50443f96e8f738c5b935
375850f59ea2545083b7844d48c53db1f96e6391	5b2970f8c6d9fa9ef3df50443f96e8f738c5b935
dc32917277ff4ae86041843df58069bb6a4a8819	07063a00c950a42abe68b955f61344470de26f9e
0d806252de96138b4dbe45944a86ebf9378f11b1	07063a00c950a42abe68b955f61344470de26f9e
5c1b9e38f49569524c96b05695911eeeefdaee91	07063a00c950a42abe68b955f61344470de26f9e
b86f529d4bc16f1076a2cbade24265bbe17491f2	07063a00c950a42abe68b955f61344470de26f9e
7e753f61c3506ae058cba0b75642f9fd1d9d9bc3	07063a00c950a42abe68b955f61344470de26f9e
f2170453b11795ae614f333804d248c726e4aada	2b910308967fa0125ed539a68f1d335d7837ec20
48defb216879a6040825a63a9de75976a384a13b	2b910308967fa0125ed539a68f1d335d7837ec20
6bab41ee4aff91729e166f6c1bab858e1a0964a1	2b910308967fa0125ed539a68f1d335d7837ec20
12f5078c83a6b9b0a8d584b697aa387ffcfc42fc	2b910308967fa0125ed539a68f1d335d7837ec20
3dc01d8f467c892baf893e86aa9d14026505b434	2b910308967fa0125ed539a68f1d335d7837ec20
318ac30507c0e33993a5acd595987a45e1688554	2b910308967fa0125ed539a68f1d335d7837ec20
5487910d7366426b32586bcf2b949e3661176cf6	2b910308967fa0125ed539a68f1d335d7837ec20
57acbdd12216d90079eeacfcd1fef1f8f264ba6a	2b910308967fa0125ed539a68f1d335d7837ec20
28bfe295f86aea6e4e163c5b845cfa4dd185811f	2b910308967fa0125ed539a68f1d335d7837ec20
d2577e235af9dfcf71d08a4ad042f66057622c0a	42490de57105f5961656ea4a06a53308fd0106e3
5ec635ad6f4994c506a270785d40e36cf638e1ed	6448db815c70b0f6b8bf57455bed14a5f1c9ad43
7bca03c2d25e8f5ff85ca097c58ad298bfc78568	c58cd858f274ea9f317bbbf8b1b1c509c68db040
15f830eaa7e84005bca8f9e40a82cf1f691f4317	c58cd858f274ea9f317bbbf8b1b1c509c68db040
7bee17e3201fae828f91514530132fe306ceb859	c58cd858f274ea9f317bbbf8b1b1c509c68db040
94f1522e63fbd599ffecf620b215c0362110542d	c58cd858f274ea9f317bbbf8b1b1c509c68db040
44622b2e0e095bf625410c5843c86f9b0329e0a6	c58cd858f274ea9f317bbbf8b1b1c509c68db040
9340b269900963bab17b46523cb83fa8c79de8ec	c58cd858f274ea9f317bbbf8b1b1c509c68db040
3deb8ae7be7350f3210af2c8f3a83a7ce9711c3c	c58cd858f274ea9f317bbbf8b1b1c509c68db040
58977cd3a3c98521af7da4b3abae4a12d7c76c5b	c58cd858f274ea9f317bbbf8b1b1c509c68db040
a7c923e42bffd08791c096676db6100f7500b3e0	c58cd858f274ea9f317bbbf8b1b1c509c68db040
53524a5ffc40a2c5d06ed8dcd822d964d865ff37	c58cd858f274ea9f317bbbf8b1b1c509c68db040
3f5a33b5e0f32a955b89faf9699ed3aa45dd45f5	acf30cc24f3419161ebf2aed2e7bc87480f12bcd
b8433d06d3ab00a1b6ad94bb2dc545ab73ca5096	acf30cc24f3419161ebf2aed2e7bc87480f12bcd
d228f81a2f6f4ac138829ef94cf6ed9f6e2864f8	acf30cc24f3419161ebf2aed2e7bc87480f12bcd
5e34396266572ada74b7565381c0b3c6c5af8bcd	acf30cc24f3419161ebf2aed2e7bc87480f12bcd
8c7a0bfc931e31960d9120ca38513eee0a3a869c	acf30cc24f3419161ebf2aed2e7bc87480f12bcd
1516b05f00b361b76a9cb98c7978478efa6ae44a	6f390628429f1d836e07dbed9380ce6937ebf21a
d15a0e6f3e314d9b2a35f2fcf7fcb35e42160610	6f390628429f1d836e07dbed9380ce6937ebf21a
f6577d801f7d1b9660fa99d85b05408f050968f9	6f390628429f1d836e07dbed9380ce6937ebf21a
369807b6edda5ae05b90e2ed87c6baa22213e987	6f390628429f1d836e07dbed9380ce6937ebf21a
9326b93c4e756806ed0b15a50b88bb1b05f8c9be	6f390628429f1d836e07dbed9380ce6937ebf21a
3b0d2be4087492460ed68927a2ec9b585efa1eb4	6f390628429f1d836e07dbed9380ce6937ebf21a
1ed86eb81fc543541078e889f03d1142bfc84838	6f390628429f1d836e07dbed9380ce6937ebf21a
ae916dd2122e242f9e199be9fc3b2fae1b4ae562	6f390628429f1d836e07dbed9380ce6937ebf21a
937ddfd5c9e01a685d5d5f1513248195da99591a	6f390628429f1d836e07dbed9380ce6937ebf21a
a48060bd0cd835d15d11a8ce9999a1808108ad1e	6f390628429f1d836e07dbed9380ce6937ebf21a
52d48f24d97ff23cb19db565f01af354e0d95063	6f390628429f1d836e07dbed9380ce6937ebf21a
8de9e6444eae1931e50a991598f19d016cc1f1be	6f390628429f1d836e07dbed9380ce6937ebf21a
ea0b1ce5a28f7e5f3af959db9d5c3ea7b7af0434	5b4501fd4690adc9294cad8e1808ec41932d370a
35959c2d35f1245212756cb30b459ceaecacc752	5b4501fd4690adc9294cad8e1808ec41932d370a
e8c162061f6f88539fd3bdcda36986d028b8d52b	5b4501fd4690adc9294cad8e1808ec41932d370a
ef1d4a415c43981b6a07daf5b50d7c03c0fbf7fd	5b4501fd4690adc9294cad8e1808ec41932d370a
5b7984cd6a1fcd417475f27609fb13e4071922f6	5b4501fd4690adc9294cad8e1808ec41932d370a
4f48516efdefab59975abcd54aa4f4270fc4be84	5b4501fd4690adc9294cad8e1808ec41932d370a
e3d67f4bd40900025cdf9628fad4931341429e49	5b4501fd4690adc9294cad8e1808ec41932d370a
4e3623d65a42dcab246148e073f17c33cb6afc8e	a589d300f6d244a2f909d0c20bad9d1510065af9
95a1a9e1e844fa0dffde4f023b812fdce8b8de8f	a589d300f6d244a2f909d0c20bad9d1510065af9
43e12ff5c15dbc3a8de330121c84d312648a2c0c	a589d300f6d244a2f909d0c20bad9d1510065af9
a486276f3482778e51dba71b4ec8dcb69bddd979	a589d300f6d244a2f909d0c20bad9d1510065af9
3e776a6574dc044d54a25202f2e7eb711362dc07	a589d300f6d244a2f909d0c20bad9d1510065af9
55aaae0468428887149cc9d3c10d4e967b4c42a8	a589d300f6d244a2f909d0c20bad9d1510065af9
ccf5527eea4905a1a66f9fcd1d0c0c252269639e	a589d300f6d244a2f909d0c20bad9d1510065af9
641bb9c36bab3658427567b6d5b9a5d50c14d6e6	a589d300f6d244a2f909d0c20bad9d1510065af9
8016ce81d5c94764aecacb4fcc260bd1dd1e57aa	a589d300f6d244a2f909d0c20bad9d1510065af9
54a6fb1446d54ab2ed35aee85eb678658cbcc2be	a589d300f6d244a2f909d0c20bad9d1510065af9
453183130628a813c3592e35ebf23a6fe844b3c2	0a6c9b978b301d07041b9c4680bfb0b7e5bf19d8
57a62941d035f7ab88c35c798277366897562e32	0a6c9b978b301d07041b9c4680bfb0b7e5bf19d8
d27e55390ea3750ebdd4457426b12198ee1a13b2	0a6c9b978b301d07041b9c4680bfb0b7e5bf19d8
88d94b0a504780190389ac51b50013c7545a3d01	0a6c9b978b301d07041b9c4680bfb0b7e5bf19d8
43f067818ee1b1dd294e687462fffd615dcf5a53	0a6c9b978b301d07041b9c4680bfb0b7e5bf19d8
0573e54fa2abbfbb33da754f52a9e3fd878251c5	0a6c9b978b301d07041b9c4680bfb0b7e5bf19d8
cbd31429445dc11d59c3d95002256957d2e0102d	68123783141d0355b80f2d3c80c12e226b27da7a
06599d8e3ad6387f854f1f66ec3badfd652cd4f7	68123783141d0355b80f2d3c80c12e226b27da7a
06deed05ac0611b9b60c8fd81d3e089870b0d94e	68123783141d0355b80f2d3c80c12e226b27da7a
b3fa7e9e59f1e207d3674b1c78308e241fe1f98c	68123783141d0355b80f2d3c80c12e226b27da7a
b9743753ed945129e972298348add40248b74925	68123783141d0355b80f2d3c80c12e226b27da7a
d704877f11da2b310f1c821fe6e9216b64186535	68123783141d0355b80f2d3c80c12e226b27da7a
df63e653d7fb9f88df5c7cade9ed385484bb4232	68123783141d0355b80f2d3c80c12e226b27da7a
7a0c0d14c631e298a0da41f3766e05d3480c1001	68123783141d0355b80f2d3c80c12e226b27da7a
4798d9cb26facec03d9acde85cae82c3828041bf	68123783141d0355b80f2d3c80c12e226b27da7a
3dd73317aae38690b5471e7d8ee28012a84b40e3	68123783141d0355b80f2d3c80c12e226b27da7a
393f141f083c91116a4faecdffc44bb98931a89f	68123783141d0355b80f2d3c80c12e226b27da7a
f1b21b0447f461d2efee46192e8f9459f97c2919	68123783141d0355b80f2d3c80c12e226b27da7a
e2761421370862515b7c7b4b4cc8c13238776d6e	68123783141d0355b80f2d3c80c12e226b27da7a
0221402501a97235e4ffa722ab1ad5ce75e62300	68123783141d0355b80f2d3c80c12e226b27da7a
2d9cdd885aeffeef4ac38a3b3710117cda715c41	82821454261d3399055edb82996ad6c24254889f
411c7d2ed6da6421771dbe1926291dbc044892f4	82821454261d3399055edb82996ad6c24254889f
f3dea6b7e7fbb6f807186bce5f0dbd1f8206e455	82821454261d3399055edb82996ad6c24254889f
fd7e1e34b1aa043bdd8720a8f18e3b03183c614c	82821454261d3399055edb82996ad6c24254889f
ec89e1263b65e5f20809c57a09326210093760a9	82821454261d3399055edb82996ad6c24254889f
437145892c9ce562b77645cd024e0780cc338403	82821454261d3399055edb82996ad6c24254889f
f03cb03964955b855532de79f2022f0e7c4e037c	82821454261d3399055edb82996ad6c24254889f
c9fc0de0e0e8f7fceb7fdb07fb78087e05708e73	82821454261d3399055edb82996ad6c24254889f
7ed124be3d82b420774e2a99d83e68b49237353d	e14142643b25cf12d034140b48260e6afb6503b5
1ae28239133bc50ffc635fc0f4c1108e0b27dda2	e14142643b25cf12d034140b48260e6afb6503b5
2410ad1c40e46afec76c96fe74a0ae58be12d250	e14142643b25cf12d034140b48260e6afb6503b5
8f3cfb006ae9e31893eaa4675f4ba4b87c532c37	5851e0116f11952c308bc41a3505172df5d87f9b
3499b5cb9b8c5296ccbc501a4a268a9253bc46e8	e05facb5e4fcb4d1e5076721d203488b756c1e0e
701d892ca8092a866c0eed328dc4948c4b137156	7e907f7d00fc5af58e0bd71ff9bc51e42e9ebf18
83995ce2e702c984f6c3555f107a90d438f265b9	7e907f7d00fc5af58e0bd71ff9bc51e42e9ebf18
d0d212d68be00434e104047ce83d7e2bc3091680	11fa125c46f7b973a5c181f619015db237e2544c
52aa48f8c2acb4a2a51ef6cc7b850dac260ecc2c	11fa125c46f7b973a5c181f619015db237e2544c
d15e1792187b6e2aaaca571a8315c9250dc144e1	11fa125c46f7b973a5c181f619015db237e2544c
