2385c0cfd60a2757fd31b8e6ad7336081237e21c	3e3c60acac4462eecc8d2e47d96c0be02491cc39
1642d4de7374c9d258e2f22e2ef1519ff37afe85	e9df9d9aa706023a2808029b2d68fecc44ed6199
d58e3df36e1e7912fb548316a0a6d74cd09af08d	1d40d69d11094e92506104441c073664187e1a6a
367ba59d097fc3fe3284adb36cb4536bbc583663	bb38586b3b3ebd0da0e28f308df68e0eca746c91
7c92cd9052903fae8b5e7d3e05e14d77642b06f5	f6fb9e3379df7928bfed3422812d7845ceb3a263
7d386dc27aae5eda157cd18fd8bbcb6594fc586a	10f1231d11e71213704ae87a40382eb242856e9d
dd9c515aec3b2e56d24d2b43c7f5392e403227d8	9d4aaa1fdd20a946cc0a337b7a66f25fc3226a0e
d042ed172e7750d13efa4b2302b45ced37281247	552c02033c7d581356ede3c12e4b1fdfcdd697dc
172a1e757552e49b76938aabca60e281a63caf7f	540d03cd50fd4c9bbfae0b1eb709a4adf8a6a774
1bbcc192ce884f053354effb5c8c910bad91d553	261f94ca3ceb0bceb912a8dba346119edd088bc5
4cb8ce5156ebbf2efc337a09aacf781c14793236	80cc710fbc97196513a48c8dc9f7a4b9c5b74437
a1a29de4b4b750adccdf2a017946880fc7928d8d	029f2dcbb752484fdeea88e9840d867a28fd98f5
0315f21629843e1fe5eae93eafb3e26f6702819f	2023c7bedca53dd2b732b8466f89402fbb96a1b8
510481c81876d302ca5c0e5268236a696ce58230	fda2644f8813186b37dab0d43e8cb034e99012ba
a6bf0a443c661868f106fd8c5cb2048c7548f503	3cbc1bbd30ec52ee1eccc2600a226db106d20f7d
bbcccb244ffc31d49a8d032c6cfb507ea3050262	2094292667243d443d9fe7391d51454c8f2876f0
117ad2663659cccc7e4219bd18e8bae29cef46cd	5e3f20ac592c403006249cc8ed7aaf78f082ea41
bdeb98a9fcda86466fb32e3174e678c43ae221b8	b26c3266b7ce827cde0768e2aa70a64ac2705013
5c34e323ec3161f274012a71f621c4f00bb0301d	1fb9a4c3eabceaa40b69dbb38dde3efdd0b00b87
6bcbf0e32eb8010cf6f86a60730111f4d6913528	af4851c2fc6e88dc6bd1cf7154f9621e534a534b
34fceec4566223c2d5f869955d1a84fdac00a546	50eaaa0d2a15caca1f8428e29834988ec3ed89c9
04aaf71faf83abb7f0dc1c8c26a5b3efb2a0b868	d01c96740e5af05b01db943c4481b1609267db19
531525b3bbdfcea7f6296d1e28e64291c9b31a62	1d50b19f582fe3c82a9c91dc7c878d4b03f27887
3fd012cab2071893304c33f314be26b360ad3c01	f259626cf7e3553dc95503c4c1d0fffec4a4dc8e
9f10e3764e2084e4378bc26b1c7846f559211dfa	9b2b4cfd19858e92c1f92086bee23ebb75abb3f0
cd625b3f2ff94d5b128daa874c3a110e8bc7be6c	e54bf0e37dc7a2cf96af50706cd1857bcb24422a
f8a52ae97a762de8f8d33f8923b8af845691170d	10b7b0f969e0deafec0900e34b9044c152579d1a
898e934f3feb26999c8e37a40a358430193a91bf	d1a09139f2397aa5e1b9b53d91f674d96f96379f
4538b56990930a825581f86a135a7a4eee9ec20c	2fe7c949c1cfcbb937279daf2c2668cc4a5ca9fc
648cb9d03964e6e5fd2e4cd1a6077817be10d090	ca0b517d26ddbab934bbb53eca6c885188b31ccf
d31ca931b757e99a1d3928c70d38ba9b54ac76df	99f6993a7ebf4091a69612b0a1e5a43893c1442d
65cfffffd2e47d2dc9159497f08597f2114ae1a5	8a77051774d60a576ef3abff495e0a55d7a7b01c
628ba37a935dc6a305c3ef6c8a8abb635bf73ead	d4688df238500ecbdc5771de23e242e82ede82e6
3908c12de167a264d30e6056dcbc460f4b2ac20c	3d660a1c68ced2fddcdcb7f9665612d0353a5ddc
2789921e61cf7087d1109960ea8180c215b84751	927e393a49e54bb78376849270896d8af21ba335
1321358d0434acdb6fa147369d7fcc629df4c91e	565cbb661331f8bb7c6acf4658ba41b9841cd756
efa8528893a9f99db065a1dba9ef2cfa24b8554e	111e1b91998e5928eea31d399cf9b1455d44b288
611a8c3fa693bc126947d972f5543cd5421acb18	189f8d434c8d1be713cad7d9a107183e1247d095
b135bebaa5ea098db8da146e4afa7f8f160bff54	28d50e8ce047fdac370bb3769a5e18d329d8440f
9fae9cf425ad3f632e45499f2c5f9233993bfb86	f22536d78843f9c7d54725f787c7b6b5a05fb035
f9fb51ff9e6adf9ee7aacfea7b4e8bca0d69b0d3	10f2ebe6e7bcbf5fb79f2dc7c9a556ae2a05dda1
576b965202811f5c6bcd8285bd2c8eb29d79453d	a8a368c6ff95d82047e2994c0b3350792eda9257
90ffc5c20c203abe0b3963ede91a755b14e6cbe5	74ba1a08669c0c058c354c622106451786547ce1
472a1f7dee2806f6f9bf10233b7a903f90b578fd	9f4915f914c26daed394362aaca9d86e88832d51
bf623f1e838774e84dd384ba6e72aa068c753e36	798776c3ef6f51b69d48ae33fb23316054f8e914
1d2659e629d8f022db4c20398e118bfcd4849f8e	5fc790a7e1e1f004be8c93815a36248b9db1cd21
d14ccca3256c125b56dc5bdb38a0c724aa8a86e0	66d5b7fb01a0fd0b1046f875422fdf30c9a576d7
dc967085ffc04cab2bffe446e8d205fa8a6455e9	a31487af5eeff8d064fde04a884aa4a878007133
fba2e84348ab98f6fa8dc2f9cc0e94015d511e78	5aed8aa85a81656856b461c5453527be15b7bc6c
7da6cd2522b205bf89ba92570734225cc2ccbe9e	1cf8fe4cc35273e5753251afa575bfe150dcae78
c51973c42338668f669d63b7221f1cf4dfd5160b	8bf01401ea2ab775f2e88c5d6f9a5ae79ef4c48f
b4b38e048975e3cfcc6e81e94d29303ae19d9e83	4ca3d4d766d2de443582a6b03f06bed897aa756b
b2eba3f6bc21be7af31073f1ff498d3dfb43277a	705f375cf0275b169f62c64586302f1e1713639e
9669fb1d78f50760aa777a94118f7490bc951d28	489795c8f2c8d62c6adf4dfa7bfd0fda2522f24c
10af13daae6944453fbd36827afe334da039a4e1	e84b83507a5a1ac1660eced11635b949f7708cc8
5ed76d8952425e2d9c961ba46960bfc16b850eab	9db2c47eeb04a1acc7e275cb5b3f4f1ba3ada1a5
3bc715e6301c1c71499c03d1947a54e6c3773038	2795eb95b7d4ad0e96255ffb2d54a1fd581b982f
2e8f28bd3d7fa6091bf74168306f4d061f0061fb	ad6a88264bb8c2fdc2dc9ead013b703b1b590234
3bc5d96fbdbcf5bcd1c0d46532f089ae868b620d	d8dd45c1fdd7aaa0ee8042edd76bb6ab16d8f757
3e55601990f6b291a5df6bb5eb805d19d5fcd788	5c1260286d2ed3a1126d202177fa564ad3d07e7c
0ab3718593ee147c1773453d1b82a868cf90d117	12867a78331046b5c408d1e560da3e41785f03f2
5625c7e3fccc796eb927062db39f7f828eb10039	e123acad20f7ad912519f71eb1e14c483cc4fff0
d784627dd3271ef43d45770f708348a692f33e22	bb0dbbd1fbddcde9f6833a0d16815ff3a6f411ae
0be5021f9e62648d7bf284832ae6ffad2350f67f	353fcf9f690531510428cfca7aded6e8f9436ba4
e60a4b1464cc07c3b9625d20d171497589fce3d2	c41734baf2ceff6d82cfd173b7809b3e1f64359e
e73945a119c5ebf44bff442ef3de6fe30328af2a	2d15403f0b1fcf7df3593dd9faa353d4b3552581
91241540f4f4377edc6ca4b4384f05fba9cd3e44	0e9493c4a2430638921fbd1166366926fc908c0c
5a5f75256be79dd860ae9aa8beec3683b9fd733e	fdf6d628e6780cb4ce1d2388af14385867177cba
967ff9777f85ade70d957ed0b2bb7664368050b8	4f98eee9e1fff5e46156543805726971a55e9faa
6ac49618c271d466a60ea8fe16eff3dd7092578b	3070507916b0cda80b5418462cce992a3cdfb6a9
e22815dc93ab12a3947b8a4f25d14f1a77d17689	79f40f5dfd82375198d8253aec3d08ef50650ad4
db53c2c3af308c86fe594b9d3294e48e9fd29eb1	51b301770978d031ae86ef3e32d141f9eb94c409
71ee444ca733bf1d8593c4867bf3a0306c076dc1	c0ad211ec5ae2e84b4ee2106529a949a6032bb3a
60c1ed159a9ce3ccc8225087be0397848ebbaeef	33d41521f7df8a067735c2ec461ea9fde8beab83
c468308762eeb8dfb9156028d8b98c8d3caa68d7	ef95c5d745799aeefa9f0250d29f663ed1e596e6
98a685efbb38b8ea22e87427b4d96238fddb198e	da87d919a02bef36b8a7413661a1e4151af87ce4
2d629444c628d5e610af14408046334f1dbb547c	2f84cb6b3236b9e5648ce12463dc89c5b2c9c17f
333f1d4baa8099c9dc8884a2bfc0664b84790843	bcfa2b54c69b07cecb9a5342c8238fac8e764243
2de3c84c9941668b73f6c937ad12026dbb7bbdd7	9f30fc46e127497388a2a2211da5eafb8a957727
9e5f9680e95e943ecd8de5244c2d85d014dc27a9	e6905ce784edc6863cb1641988ca1c106cdde57d
cbbfd0164efb98d84a7354c50f00b95a00b126e9	5d4d429618ab0249774ab84b52116f89812a5cf4
f2eaf2b761c208196939d153a7a58d35a29f2293	431b2174acbc9b9b146e12c8d29c230e09149fdf
1c9c3a16ed0091302d1fef4df23d4b4302dc0aeb	7d4217878729765739b1fb985f7f44cb3f97f9ce
a4ea75e1f6839579519054816c4528cf4ddee257	4608938efd766e0f763ff42c42f879e548720993
bf153eae5c026b4f115a5833d59005b7eeb0a99a	d00d7b8af8c0df49002ce4efd79d2b8a2bf04b05
e6704a712058abba0a977efae53865010bd627bc	b8657b806c464551ec7af36955c93feea03e6043
67bca205b3baf033da8f5445c6dcb60ac8035bb4	9398f3d8f65eae347fba30debadd8ae3a76fc631
eef10ddcaa7bd9c3301bc60d590e70690137c0bd	064fe5363ae90da5812d68c357ce8c730741e018
787523b4d4a2d393e2d3ac6539b42f41303e30d7	ff8a95e4ea8a7d295b84e088004d5c834ae7a731
0a9ef0db41267a36d6ca77d58b2c80080e1fd584	3236ce9782657fad4d62a4f2bc1b29b254037e58
5629b2b93538b3db42168e76159081f6c5d660c5	ca90a58e4ffcb1d87b3b3a0fff28fe67bf715038
f1fa7d1b1463ed8f736cfd27763be2ff13177e3c	0d0de8ee1ef8bb3548188816b443499eda2f5e9c
7100c2184fad9217f38661c46f2743ce4256ce48	015f517b666dd019121b8c68aa907817709ca652
bddaba7526bd12be397f9aeb092b322122906c14	4feac9e536660530d19e64873971b6d1039ccc99
93d526c6ffda6bf17987f5787f77c24bdfa081a6	1538206b4a55444f969b6d4dc5fbca9ee818ec15
451e5ced7e84f8519488ee65e376922acbef3eb6	63b87fca6f6c7c7dccb6fced3710441a2771ea45
183481d8c0faa5c8e98b3972b41d81df23fed481	25b8e8f90832df2d96437f39c5bd914c9fed0844
585de70f8c402280e94ded9011304051fc94e9b3	f284457419c4334f4736311c5d7118e96be97f46
376e8e619ed9c8aec49a81fbe833ed706ad6ca57	d01a1a4232af0b889d99137c9b74e1d4f6e720c2
366858f14f0e20c3fe9a98aae59a09c8674c3b9a	3e1ef601860ef475d08702cdd3ea973cd4eb7296
63cb1f8bb046434c1ae5a4df042b3ea1a37976c7	f94b341a00b8b4b1cf2eb7233a0ee2212b78980b
d7e962f94b7e6f52fb62c848a5cd1c24c2e85266	2b9c207e1599229eacc2cdefd90f155297629bd7
559edc0741f0eef5b8b6078894bd9029d292d833	21f85b32941ce82c206f497453b809b32475cd0d
d20b0c6f0fc15df671eb06ce80246e194a084a70	041700d53423b375c84dc56ec580ca0c2619e698
007d1f9e5788fbf0952e05bf5ff4a7379d7b6dde	460e2aa3bd13cf85d4749961153c417ddd05e63a
6540055236da4627db2f7ba3c2268b94435c69f8	36d8421ce17d9eefb171d1be3660af9133d5285c
380e5725b4d7b62ea0b7065e5c03f4fffcfa75b1	e8b73a1fde25afc818f2a90fb79b16766309bc4e
b4b9fde862839b3ca9f6c525fca84f7d93ab4b7f	531a2dd4b1816ba378acc78be2db58b1f541aee7
136ee84dbe351f7ccd46da7a43189fadb053624d	a3cab76238dd5bb17c99a37858e828450490eda4
a590403af5005e47c41810f6090eed9366f57c04	99783420c6af92ae2621911ba2a1ea993b9286b8
1c92c0ac3d0efd4945c35798c24b87b187451cec	97133e6138259c2aa50591b360e78ed8a83c7366
729ccdd25397219ab6e720084966d2c181d879b7	43484961633db8221581d84e2538f10ffb163f03
2882825930860530036efe9f37be4f6ab3383879	9933941c66649996273f2bde7289967593920e9f
d1aed2602f68e1b2e0703972656869ee6f55855e	8ff59c0da60c7a2a30c92f798887f6b18b706edc
3b4f77088edf29d5c602abf7a8470312b2445e1f	e0c06142a194b0c10cbb377729363225b2cb64eb
2f1dbda0fd674943ddc02849806fc28c05914dd5	496084863bec1158447c38d6b64deb5806829efb
6a19784a119de0792a8cad3922b2a180ae8f2513	ea2af0954741f549ad3ccc1e696feb5dc173ad37
fd9705af9a1148736642e147344f95d16d551e75	e08e65bdd54899b9653d3182698c0f6c72b15718
85111fd02a9bfd24e546ac2ee5fdcb150b3d17c0	3be91453b7212424a35468444825d4828d30f0aa
6502b6a32a9ad8406eec3ee91c9f0edc61a14007	b5c087b1d9a1899c6ecae5e003e4ad3a4cee727c
3e75d3e42aca52801f7d5afdeee7e183d34373df	64fb5342592d5c78bba3c79cff720145bff06308
0fc3bb1fa24d808807b4ca8ad405c49b11bb2e98	8599119b0225310f672b6588d5ae15cc34a36205
de8bac8069c2304be1e53f984bf3123d829b7c85	eb46ef2ecd1ae4b850d178ccd3b8fb8c3a7d71ae
fe80f0772bea2430ea8f1c5c376928831516c9fa	afc95f3ad862ec34cd20877dede16771ff2259c8
aa85f6f818ebb68f803550d20d5990fe322b7751	b30737cbea2d3a004ae2bfebc61e8c9b3640e0ae
d8a3b93cc3dfbe5075de39740f8cc59a22161c10	9a448a94da04b9af529c3c4bc73aa9dc55a8f3ca
548e3382c111f37e83b519f5ba174229b908cadd	4a84e99c1fea107f0b04a258c1a77a0a9987cdad
d7c955f048402aaa6690538ad4d7c4b376af5b3a	2e0cecabd69760238fe429a2b4cfed15b0881d20
3d1681186e73234e61c4deb2dde0d132f52d1df3	6c1a2ab3de979863ee1735996508b8431ad349eb
730a8f8f3db927cc5cf63a57cf8f1e701bdbd44e	b29989c87bca23b6aa697149f3b33db7a6fa95ab
0cb388e0dc1152b3103a244a9ef7db43b5a3387c	213aafb6a566e98dff9aa93c19efe994122b933a
979b60d2f9d32a817228ec9e39d3a50aeb604b0b	7998ae15d608e7d2eaf36fbd6eace76689511465
6b1a48a1b6ff18c5e45074a014d98fc86c045b41	ba4422cf7978221dacd943c2cab4ea10d2b3bade
719aef72eadc2b7c4f5eef5dbea2a15fcc4622ab	4d40121747fb1b756d06696c1af7842e113db332
5ee73d62672f8bd0988e63c33332fa36b1d85e26	5d8e178930a97dcb223bff19f4ff46fab9f28858
cf3083f641259c277dd2ad2502a0db0ed6441b17	92935887d613f259dbed511ca12a51623f8a0a90
dad974300b3a885f13369b86f615be495a4e2091	d2d00aa31299d1a21defb7ccef7fc451764bb2f1
ca26f81d59d064d2ea3b5dc7e85fe5d4296d9c4c	068527b00dc8a07fe2d29f91f1e1fb3b141793c5
2a2eeea0f50fd5c8fe7f1b5c8ae617ce6ca30814	9569a2a9aff20062bb790becea9a0f74240b8298
4b4686fc905cd99a7f2b8e6417bc64cc84d32178	a12ee7a1a9d2fbdb39ad4ff302916f2b6161bdcf
001c8f437bb5041a282345723997fde1c38588f3	adf79daa146b71dbc6a5437339bad645406619e1
3006f4805611b226a13fc7bad73e2bdb5f5c88fa	4659655dd782268fcd2e681b20d1a9024be8cf50
91b4135d899cff709329d62c0bf7ee4805267831	82be8d299c9f3fa775d66b3c8ddbbf482a051dbb
71fe30cd4bd1ecf40d71fd0fcee196768436e194	03cf47a1f9388dab46f40a502b6b340a3b9c5d9f
1d47dc45687261c03c4cfbe48f3a5278c979da3a	3b29f86013077c78d3776529ccf0efce0a1927ec
7efb67c7494231f08f2a9135611ed45100f62f69	c3f75072b1a1376d741c9f5e51897bbc859d7134
d764903bb12d69a91b49bf0311e13c1ef1b4ae93	159dac4bc236ad5ed4e126eec3a1b1f72f9cd3f7
2688751e988660435fb6a74036f1d06fb0990fc1	b9359a21fdbcaf8d54883fb35fdf28ec94ebaa9b
5a3d1c996f52d6fbba413bae871f7017bc99b852	b9dd468d267bf48d8bbaaf04b7a194905c3a327d
977b34348bb81429fe70137fac5b34da231f9824	695c9908e25ef66dc4a297e9305e73b08bdd1b8f
0c08c16f0ef6a50127e66afd4ba365c12ce4a59b	154de62735cbf49cc19cb0ab590de536dfecc44b
84e311a7086dae8d71cc3a6a086b6ab5e43d0399	d83bb15a9360d6941007e74a8eb2c47ddf379243
cfe63fef43dea8f0bcfdc67b8b767c1ecec85084	d5e8c158174a96a988d13be3e35cf7e929d01e24
7e883a85a6494253563c78e89053e5401e69e3ed	5e814986efb467ddec431831b99ab74add2150e2
c117787a086f4edc988a2c0e9062ee4ddbd26f2d	5b734c3197c8195fd737fff7133734bc5ecf5f02
70196ea2126d515f9bad06dc8ab9634b9987127a	f8cb4071d71c2872fad3ad149952d73d3c45d1b8
d635337936fa6bc1ef35a7e6b4a82f5d4e4f60c9	faae1450e1401c16a626fe906760ecc3a37dd16d
a49dbc8e806d2106306b7d852727e69872833cb6	aa412f4ae7204be21e01ba19d12192b8b2d39ab1
541acfaf91bde17e6eb789438098ae215a9c1826	8b4dae3226385c48f1020cc0130464591f1cf9cc
445a7429688c83afd9179a9672bb392a6c0ca5a4	1a312f77bdf06d4afe78b432d4ce2c0598da4441
d320686c7631906c36fc28a1526d410170bfaf08	08e3cbb27e825e9748fbd57db9b9f3e667aa35c9
2cb05ba04d59d86cb3e3baa0b8a9bd0fd1153a2c	5d2a360ef6674988e1ecef42ea7730c56e7cf4b7
25221e8b86eea6bee46619e581e2b86ea1d51456	f2c8393b0c529c4a1cc9576a5191a2dd41f36a74
2ba75aab7a0199e75f278011c594544ff87db992	e3ce2b1959983d51c735c05c87107be77b67f265
d62ade9eb83d2aa7c74149863ea298f51139957c	534ff8ee361ffe79ba5240bc4c8c6692650a64f8
3e9c8b2d8261719d5b1c4aefec039210db860df4	0a9cbe889f0c5b56cbee38bac0fb49e765387ddd
298911d9dbbef3bce139376cd5423fcdb20f40ee	2c91bbc0c26cbb932fb0296f7124816f5c749eab
8d778dc9cf9a5cc9e0dd22c1449c50e073829231	50c881a6ff403a07e21165d7ef0f88b763960967
37e0c78f76c29cadf4a19042bf307a153508545c	c655beb00a7d0a8c108339d1898719d793edcfed
d3e8c20fadf24c151321a38aba385e528908a339	3eed14528a3f702041fc85f4702c33ba94e33095
9ed6c6d8d162fdcbc21a212d734ce169873b70f3	daf0846cd9b5331c4419f3a7905868d9ec461b27
62be1ff530db06d99e7a36c043f4e1afb7aeee4a	2b478878e01660c3d55070a305fa4efba4715b0f
be1171c3c38c5a75cf3cb2ef397f7f1c3d2a35e4	136296b1fdba0f1f02269e71fa085075b602caaf
6149cd51ec3284ba488da13974c34d835a75ee87	2fc49d06de718bbae1880b7dc4f05030fe5aa89b
61d650100fe1d0ea2acead721fbb8dbab44b25db	dc95a331a2c9a0f932bd9450918283b7dbb4d050
0f500c9d9a9d149d20e362a58d09b5a9c6809f0d	32e6ce9707f01487abfb0b6e78ab8cf0690d160c
3a1388cfc8518b7d64639ecc6aeeadad1bfa335d	7e263b213efaf595fb2f40e0b30a91539cf1bb5b
564051601b2b3263fdc90048904594013e3e1ab7	c02684cdc78c1e886e7433b26b2bdca626a4ef87
d278fc73d4e3689376d0a56f5d9e4fdb2e269d96	dafc230d5445c97c7b8486010694ede86ab9e6a6
ded0b4104ae8c91de97fd6c712b42f5e6b693ef1	e73cb18c079e255a0ca3086ce753d496b4f86451
12d4090003a11118857d7a5cfc7be8777b399aa5	d22e2c6142bc35f7d3f587d8cf0250ddc1dfa261
4396e1fd520b46c9933a9176394cf6beb2a525fd	0b5b11376c59478e5b013ccf27488e39a0fea8db
3255e28cce0122a1955859f5107a3c36084d0560	63800501566887e877f285c47fa047004cb158a2
0ce48c8b78b612c04325122ec9bdb6c801414685	2dfaa58aadc0cb3aa32e5deac51fe980b4999ab2
7851498f43fb886477e5deccabbafb781817928f	cf09368777ba473cec37b251a955264794465354
177cb07fc7a31b2e70a4d711e22ddc199e63a1da	a95ab587e047b4e06779a8ffc4599c3bf62b432f
d077750a2ec6f3d1259a17e6c3cca959479fb969	6b592d991caacafe89a9a33f329bbc31fbf6ef8b
0f0b9e9b989f5eccbb100d1ff2836bbc4d75834e	e68f4f4275b16f49c601c8c7a3f483ad469bcbf2
b7122fded0fbcb5f45b14a8aa7b06954e25b3375	9b211c39b03f0f337c14ff94e46996ec20d61a12
7389ff914383bd149d47890d4a332226ed475cab	dde4625e4749fae6894eb2ab99108b30c8560cb8
a85bc7496e2ab7bcd05fb141404976b13a4f5bac	e3933798c9988ab1fe31634cf3154455f3e351c3
5be7f52573eee65167a5e155447e621f59decf93	e7ee7c551ec81cb6cf91d669a07b8099c1efc495
c4646fc3a553bc18ece135e30568bf643d6ff543	4aecd61670008377423ca12afc6facbd887eed9a
4f36c29ab9e6a0531d6e0fbf5ad09d8f50bbc1e3	a545661f26b5b887cb3adf942c3a015812cce117
94cc325474a2855aa711e1fd2d31d01333552507	55e6182e281076289a6a1b709b1eb534eb36e1ed
631cb1ace7c54337139e554be5ec0d32ba19bd11	e909654440c20a4f88d2aee75740cbcd50fab313
925a7819d534daa217ccd4cfcfb0f46e91463b9a	68cb2fc8d0118332b218a391d1977adc5afcd5cb
86fa3945a97b89a49006d872d81aa8efd33d8f68	69e0953632c9f20f3ce045ab9317a9c027ba74be
f4fdcc2083ececf2f5b343a204ecf69b763ae724	6bc35801f9707136bbd0cc744ea2d3bf24620cce
dd2c36446e3954a30d751d72ea550732145f3e45	1b02caa97419e36f390335b7c43877351eb6bf4e
bd7e1835371eac14b3192c36d7a2b5b055b24640	e8f96ecb0c75ff229987ff8ae7ffe0f4caab5928
c5f5dd605d99880f04cdd617230134b489cf3378	3b4ebd25c7773448dbda0ab4eba4c2fa3d55249c
fa401f28cb9a9a203996f215273194f40abb8067	e3402f8d17a6817da7229ef8de3a8043ab6e183d
06973be987bce9c6d4647f40e86142d7243e1490	25703e5f8348d0c278bf7ffdff9f8caeab8a0bf6
502231685f5ac948eec17883d1b849ef95bd3477	13fbabca1cbd633344dc1451cc7b70119fcaf5b8
0555981fa34cec9e9f0c2b768c3ccaf071f6c9f1	d71de5cd5dfc81106373bed638b7d8c4d67a245f
4a4f5e52263d3ff89b18e2b3fc173608faa97bd0	13a664ca254025c981a266fd632b5940ffce9e7b
07bcde5d457a69a8f402c6ef39fb40cbd5d9275f	c1386fb0cbd217e4ad4009c2092dd63d67eb4ce1
c5c8c7a027d2efc3781fb56648b73de8032e0196	8f69c5f4d7b8ad0c3ae0d8d5c70c4d14e8340bfe
722cbf6adc513c355cff95e2b3ad964418ee2c4e	d29e09dbf2c964feedc6560d8bbe790916bcc6d6
2177cc2d77a575bcf7dda7ad00f2e756c44f0136	e15b9635b149b82a79ade8622053bc4cca7feaca
a0c9c6e39847a5b4761340799c280846dfecce77	057ea5be5ef5233645ddd57d31beac88c77e8290
db928ba9220e929739c52c3b18e79b185f0b11a5	f0db2a728eadc6ec31e190f8081b04917d357cde
1a65a9e3772801dab2fd000497787b4ca148a788	bd055381ec5f628855714c1344e158141228fc21
60e419b32fdeeee18c2ed58971d281d48c6b545f	05924a1a2f0a56dab7179e9cb8d4f1c21a2e277a
7beb5ac0314e989e38c6f09ac0bdb5a9fe4cd948	98ab8dd7e7a18d196dd2c5d8cb8c86c0642bf9cc
306e678eee061cc69bbe40b65370143b0498b489	f188da4b7b87bb8445df6af0a9d7297ca16eafa0
d0ad28973b883dd97dd19f1aadcc30e4494c3757	ee9eb34469e410af2d4da979ae21cb7ad4f02d6c
fc7ea95e7c137b835040dfea6d1291edc17673e3	975eb681e3a3bcaadec4e8ce0ef560699b781cdf
7b386d286e81d39319be03087f5445c411c56a3c	786c11f0c3420cf55ef0e1c2e3db020f8421134b
0c0609408058596e74c7075680c8dd323c56cd37	952a43d9d4b34117a5c9305fa18abe50f22eb592
cf1eb258ee2c59ef3b71b2194092f784958c0543	935951ac698a89014576bbb00125bf943144316a
63df576debb887a3778429fa7a99d563b1a54704	c7170f29d37339cfa84541192e9c0857f6cb7d45
d30900fe3f123c8790316503dae19eb935f5f007	8f6eb0b2294e3c87b6160a99fcf4c98f72f8e6ad
b08ad9487d2162729d63a637b2128e7adf93b760	91687ee7b6100a756e2ce8fe829710e7b5878e31
fe209a5b6369cab801c81cb7f1728834bf426dc6	548188a53e1282db814332e59b6f66c6f8515d91
1c77ad27d39fd7522133fe844e53ce25ffeb9992	35f93912e63cbe2ef4268800f3c407e0b115d3b0
9111d69b44b23aedee49c8d030c4d924d8e50aec	72fab8f48514a37655eb70acf2b394ed64eb0319
3a51d78503470d20093bc42cbbce8d578f738d51	943703f65fa94b121780e5590c4f64db9d70ccc0
d883abe4589fed2f664726e0a5d9c1d9049f465d	0bbfcd1a4fbebe0705d658ece2a0c25e6fd5968c
b006a3fa6ec9931b3b1fa980121757f8d76e8b77	a7b01387bdf5f6b43f420173062fafeab0de3269
664d2350c765f3678b4519f221ccaa58a2fecb23	1e252c733912fc7ea38402d64b32b9b78334a388
8e21c9f16ba31bcdc699c875d7943d27c94c7b12	0dd00f914f8be8e74d8ab8a6d8e44a3bc55e7172
27e1002d4abadce7427a39762f9ec11bf9164213	b2227248f83aa53a32ae9bb3796f6473bcf7a296
4ad283fdb0191cfd3fff241380a429b911978386	681724102ef1793eb499e540754cb40117b4174a
8dd7f9c4647bb89a2215db600be578077a52953a	fbf1afe5238be29892f56f3d7eb3d0ef0b416d02
61045a39dde3fc852f2bb3988b0c7cda6880e083	eb254f02847f5cb533d552b0d73ded07fcfa4433
4fe823b1407dd23870938b451c0732c06d1437a3	3d4f53983f9089dabf9998092c0c4e4c3cff699f
fc6adee4df8b931234960c8cd3039cb6c51185ca	581acbaeb9c3f426738ee33ae412350766e00242
06b1ae2a489698b2b1ce26136b82744b994ec04d	c34679e1b9584c8513b94eeefefbfa1c48349fe4
abe746418413711cd49456479ae3f7c22e8798c2	e8a52b7e0297072b1fb801f335b66b797dfc7842
c35af5e8e517c18e19dc629d9ab88087e5238152	6d871acefcc1d8c2c665de2223c178ff6dccdc8d
7ca24fd46616a91999405572003072d616a6c8b4	f88d58c5fd8a44af130b12a7998b19e92e2bf239
515f29b7d8888b66cd8c4c2569fa66426b71accd	28212258c9d41e5097cf9f99b47bb90d2ad9bb74
12bd9d160ea80357dc55e930ea44befabfdc67fc	d51a091e3ca22f310a3d3218410db63922ca7777
2638506d7c707284026316baaf2fc47fa7bd0ab0	979e47a2ee9a173dcb9c5f0cfbea59204e50c8e7
1f7be67deddb082dbf7e2e5a9040332a34f13e0b	f5d073e6e6cd3e53f6128dbbc5a0278f5bf9ce31
2d6fbfb4b73f16d3ff4e3d4cb8546456546f3851	f894039984afaaa20cd915b2132149afd687765b
e22c24f5f8ebfa4bbfd6d617db15adb7aa040a9d	be3da64002dc26699272ef6396d772e8bc7c51de
689b0ac5bf4aae012f5c5b2a60a8d71327827bca	a8c8ff4a124f9abd02040b7ba6b108ae3ccd8222
cd2d54fda88a6ee5f662a3d47af4b5bfeaa05637	7d674f54386f250dc8645b51b3136211acc1f849
45ab6925212122bbf73c397a5ff03190b96da63d	d2cdc6f508bbb81e96dc2673cac18b69a8bc834d
9595c5290ce693511b4167673710ef15ee944e11	dbb59ceeff9ba592beb4b2b8b6e6c6b0f707f0bb
18c74664ad60a20d2d076720c779d65c1ea05930	8b9e4332a581511de5342f52abe4e8e0afbc720c
dc77799ae2af3eb942b1a03f8b3bca236d9d0c57	e3f0bc4d87b965e30dfc057eeeaf7517724d6000
0b43dfd591371589385385040c289f892eb4744e	59c00fcd4f2285e0ce22080491a0d76ffdbc7693
484ff427995808e0e6c6515d1c3c161766ddcb52	c9f38af895ef459c8d9565cfcd59a072bb183ef3
fab1b99ff1dabf2b12f74e8fd931b8685de85e55	9dd997196a13fbb0eb891d56f8c77e44a558125b
543c72be27cc9a0afda588365909ccc205bde4b2	eb6cdb2693c86becb22718393f7fc127abe47d00
749c1a21a1b5fe297f5cc554c73d99cb7a118562	dc7702130cd34d157cd05472d2253496fdc2b111
f4efdcc77402198428d1b87d7c3e678464708ec2	54ffb91a4d4d1a07d23c1fe4c3c342965356f18d
48df0e9c9f4919a47a3bcd46a9a72832456efd6f	457d91b3752049f09e6672c66cfa3bc8901e7cfa
073cfb348dadd811e83b709eca9cfdfe712c31ec	d3852afc31dcec4a4b03ad67f080045e775f4389
8d9860104e006e492f48d80680d33e9bb1bbd71c	d26056c07e621ad52030d527224cb7d0a263c316
45e194dd346c8ea31ddd95891895730c7daeda1a	baa478b4df4d11f36f9545d7688b0b650883c935
3fa8f5bb0f72a26bccaf3474175241ea69d73c5d	e5774e143290814309d06f75448c02eb8ecb08d3
5a24e42e26f7863ee354b0f61ce95a0bc0969e0a	ca0e191aafd3e23cf40c8c69955adcdd840611cd
c23bbabae7880f4b8d9361ad9af6c69a0118f863	132a39239263604ae2cf26ec3829fa4062cf8a03
eb0cb2899f945b7631e9daf77368da4fb081e90a	fef171325e52519923960ac6dfec06c9bad28146
3c195758c8eee508ae5b73da27a5ce42469a2db2	004ae62c59a934a2e10a87d2f0b9cede76d0076b
958cb4da034d1f85dcd43f87262f4c440a052ca7	d878c6cb254ac810f0a24e1ce033545b0df9ce34
d0043b6b291113fb7f60b83585fd092cde571909	1a95001738a679f0d7d342f376e3b7c0cfec2f43
78dce5fe5bd28da70346cbe3c367d4b765a88346	211d98d00d89cbe391ec69ae4ba999234e3ab046
cea115f622d276d91a13c3c8feff493fec99cb26	bb95f4c245aa537137086baaf1611bd38573c316
7c177b29ccd81898d36085ad2a5f396172493351	ad7818518ce4e0ee6e9f5653951a393e9ca27881
59df00e6d6739990c61466e9eb9f056e5e8e1e2a	88c24f7a670e4f8b3986803740545d3820288b18
643c1d4e387981a8750983c332241e616f192ebc	7601576ab56528d83393d8823a5cb3447531a6f5
236b3e5cc532a6cd6afa37253ff4a3910c9d4597	ed1d9195310992df87e38b014fe0ecfdc688be8a
aa0c728993e74fb9950164795a64a2cab36012e9	82dd86e8b8f3c721e5609de2454b5462394f50ed
7b7c88623dafd18fff16c0f68eda201f4246997e	9a56ac7d39e466dc25ddd095b931c2f50787bff7
8cb2ccc04957272d9bafc408a404ee12d0050051	87d9e5522382c8353b790948ea683637be4329da
a7744248778e477af127cac849b1069cea96e5a7	19af76e181e376717da20519928d755faf89d734
6d902305787ac69114616161b5256459000206ce	4f6e229c8195f5d8cd025114ba1132a2b5dbeced
78eca8f9af52b015e3cab4cfc5f931280da8f96d	313774ca7d7a5f5e3650a8588fe90480bfef0dba
48fef4a3d1e2a0c591d65c6b922f53844129df44	549245f35bea6e7e0c496b1cb5f99fceab4a3ad2
9bc78fbc606edf5992d0399a7b9719e510958679	fd983296c57d5578aca4c93475ffaf01a159f001
5ae45552c88c716f3b3475a8e400a2b83d74d556	3db93a13980124fa2cb01d5fbd1a3d543235cc6f
bcacd6a658eb2c0c6aa144729044690e81b07246	83b80848f07c1cf109e977415b0e1b281ea3dfe7
1ffa075c5f6fe7a83e311a0f83a89e27b1e8705b	82e8516a1d0133b6f6362e9c20bda5dc1b34465c
68b0ce54aa88d60206bde9a42fffa4773e0b8cd3	f96b52c0ce546509b34438bd108d7b0ffef1f6bc
755fbd8a0e03763fde7883e30695d9474aabc5be	4fbd71b3372b2a718f888cfd7b965dc25878bc91
7cd7893542564e11784679fb60e6aec2f37d1129	84763ccbf9230c31b8811aac19d6b3acd59c82a9
47942c037f36a150aed43c66fefe51da11466f11	7b5556b67e2453bcd80dd772819cad97b808f826
74b748c2d856296cbbdad485d8d7c6afaff65bc0	30a13b353f0d6671d4444a066aa6699bdc7e1f42
f539e25813a2119ea1e4bf8f1d53624395dbbfc6	15eca9723611f4ca849c1208d4273ed792066294
cc819fe2a841ace1bed4432e8366954de9f541a4	1faedb8463b541911e9045a745621468cc3e8da7
5e6274adefa76142876c0bc799a7808b5b11696a	59813139684cea1ed2eb86d2575d3e598b596241
ed49f84b733a63581922bdbce1ab34e089f65c77	b9aaa3e11b8f91ff6ab277e6664aca14bf4edd90
776dcdba5335e593b17ed7ce6c85d9e5c8b7e5a7	d5b31340120ece1da2603ede2e4b2e7af75a42b5
97a0e33abed70c48ccd5bc40e61b9cf592e73ad4	372cace1f88f7298165a2a59581d272314ff8fab
2c4357816b772651bf79e29208bd57abaedab11e	f11ba3966ebadae5d24335cfe4169da98c90aab0
bb9582acb18c69bc30b2da4c12c6271676b9bdfa	7a85b2950813a3d845c33a3f41eb3a520c505a86
c5531dac96204959cf6c14d88bb341a88b29b3ed	3ba9a4bb38eb45231b1b4a080a0bcde181ee4644
64bfbd42af29f32c6b9eb6b789de35e6c6d06dc3	ce09e486be2ca75b006df23af7324cded7ee442a
343095a6e26483464766a83de847e8260d728508	2c259325e32412bfd5c4ecc875fcd68639fac719
f44159569ff2829d839589454c38689895b7885e	1f271534285a9be0db1959e206e5e461eb4742eb
3585926b174769f55ed762548b02df385d72dfbd	294edf2e7a76771f6449f34a92c42fb20d70ce2e
888f3b8c66ae317d74da78508807b76331fdd568	510fbc15356a056b631ee4184aee11c6a7ee13eb
a73fd287e728aa58d8c7fc4c5f593729f948d4f6	93cd483b8d49e1abf4329c4f6b7487d17c19aeb9
f5348b768c9d24018475b0734c8da8f3d6ac5328	37f929dcbf3c044d3b73295d87fa4dbdc4500cce
0707f02b07205c66392ca81fa6e9703680f5b376	1b6249fdaeb836a1c835a26a95bcc9d9da9096e8
027c2632dc235c879c8ccba465136f06ce7ef2c9	7f7523b574056b58bb8053c290af978f1f84a5d6
5fa7b834c3a7a131691abd9b559f8cf134539756	d15750b5f95fdb498746843d42588db38fe5278b
34b8f27fba0ab5cd87cad7a4602a92cac209e68e	dc6c73e32afffff7a53b1e4ade3afaf6f23f92be
5e750e49216e4d56b74658b57f619ee36d53c041	7331be6cb9b2a32cf6c72e01cba91e8f259af23c
5f82e86c6fb8ade4709ab99365bea83a1faa7e78	1d910654e8248d5917a8605379d1eb053bb06e4f
db53fd6212f0952652239aaa6ff2562a65c93f00	81c6b0b4e71ad426694b62273b2c2ec6fa90cf95
bc8631695e8f63915dbd6da5239dc0fcb76b2d0e	6f801353af6989d6ebaa5bdd98bd0f08ffe6fc2b
4363af932930709dcabbb670af2531bfd64f88db	2e42667a11b3c7892db38756bdabc9d641d910cf
3c30eada47cdc6256c9ae742277ba108f6661dcc	f03b2c0207608c7517194b7b3433e319f2c3a823
6f84046a45b036600cd5e3d4110edcc896cd57c0	8a9ed09e6bf7f0e0f826b751167d8c23277ba8dc
3a174ef0513d0d61f7c6323e95c09a5da31acd2c	e71a6fe99c8c81fb62f278a8825672e37e28401a
74efeb414c784ad34035beaa2aa8879e38e6ee8d	ae1b9ea11d944d5f0c3ee3843e426e2bcd924e0b
836a7d8bf5d7fbb5d70953fda5529b1bcd656443	df68dacf8cf8a57eabc7e9d13e89225840fa09fd
3a102c33a38cc0527f797d30f71156742a639df2	42ea1f417a6dced4b95fe23683b4bec775a423f3
ca0fa30413e117e7e3b7a8c01d8e4b47fa3ba127	b97c87d1cd786710a49766f5883d492a97cea74c
8577c075acaec307b1e077596c5975e030cade90	00bc75e01fdd9250fbd8228552ee8f0391e4c85c
87b3bd78c13f83da2ca70a9e20cbb03d252b0131	4e3cfe041f38e586953199372bcfc26d8389a2e0
34fccaa4e99e2ef9c25565bb980c7231a214bcda	9f4f6727cbfdb3d7eab4e3d672144ac8ce184b9c
36f7e0b6230c7d3d1e0d08ed6ca926b0f14b8d16	92f13a4c143837688c3da18b491aeeb342e48e55
e1c4e360d9fd55a5b0cdadb9af11f2334aa8b798	97c78527ce27c1bc149e72859d6201432a128275
b153d31d0f578a89ed7ea15905c4cacfc06c037f	47b2e40b25fb1996fbcf5b2348126e914250eed1
5a60f7208af1391f9d6b5aba2927fc3dd8728247	a335e0289f9aef1c342e24a31e63b0067bc17108
47685fc6243615ce166d2c6e365ce0e565db7e6f	9754ecb0ac3190d31c87257796aecf4b3abbba75
66b32d349e41cfad774a837ee347096bab1a6873	866b1ceacee063745492e047872b0912ed435b90
d4e107d85c2a652f1095621ed8ab5ba025019280	6393e4ac8f5b154dab51e7f2afb7b8afae702347
428819f66598777ec0d39d05a3503ec07a5769b5	a720c79d15f0911a9e75594dc850b7f7eb11fc55
77b6eec27e15f898c7de04ed7ca232af5d529ba4	fd5fcbd3ceeb3f75064cf5ce312f6bd06b44f123
cd043241a1beabaa47acd9657790af1e987e9dd0	c977c1a3d0c7f30d1042c67222d250b71e4f43bb
e9a91c29193879f6b8be2f4da7b765c6036f20da	28213602cbd09bf15371ab5c79a51357d03f6745
5b742a5111ef7a40d2bf9892b976340f83e95d49	9c5fbefcf78d06ccccd0cea9b8d9d7d769ef3e5a
eb92ff518b6bcb537b1cfed7c41e50856f21773f	fdbcec1fde8c19fa663e8ea4b7b690191834458c
89b88307fdebb2368f57e9db9976f1e16f727dd8	ac1a99f9ea6bc0e264b5d7496e3c96c6d0cd962d
702ec5cc037e0121a38f2b5016577bbf19745e09	29a31dd63b7625da2aed59bd990a4acb1396cda5
8ec9d597730b884368deaca556a1fa4b021b84f3	15f266d73bb670433fc0af45326c417c32d5f5f4
fab790e9ae70e2ca333aa22b9191c7c89674319c	772813f0335995134ea9bfb6d3c925d31e2dde0d
9e13390f3e64b190853de4f3f3acd335d2d3aed1	dda59d7a1a19b4e12c92876896d05b749ad6cdae
3a6e5a83d520c0f97b72ff82e00062edd6d72c00	4f8408ca837c0c79d2b55765032e104ba338fc2a
9cdff8358767f02dbf20e8aeea62386a558dec2f	a383477011c49374e338eaa57fdba679e2edb913
ddecb9b36b8d30a25bc3112afed5a1f5987d794c	51d5a235d6bdf74f61e65ba7376865bdaa1bfe8e
a3afd137debb797f981071003bc981bfffad6283	309603e7f1362acfa1fffa53ceab2861a6335b57
07dda515dab6f2a312f69807cd76d38247991f34	6fb1655883c2c633684472884975c0e1bc5f43bc
84faa882a34379be4156ce5492b81296f66c02c3	a136ccedaa6953013820218c7ac9badb998cfbe9
a06787ae10d5f0bc8772c0d03b81328a697a7b50	e8576619b75ca51b55ab80b11b67f0709515dcdb
90eb4d46a09551e26629d10e6943adaf195800e1	50fa1411bd1e429aaa7295a49d393a47f2c98606
9f68b51029a783144b5c93637842e8de907bb4db	c6eb93fabd4ea0bee4823588cc5dfaa72e85edd0
7a984fcfb291ca4d828e037414ec8518ed022513	ed1d55c6cf5b226187b6cbb0e3c0cf7757ff3169
d59a52ef8c8437e17c435031b1248ddbb087735b	eb27f58668bf406dbded7333e741229894f2f6b6
83490b1741f0c0baf0d01f4bd3d3e5ce3c5947fb	c9040e292fec2bd543f950e2d4e03b781d983da9
ab64119a29c41053df831048b7f12197cd29d57b	2831f019f1ab606752bfe5675d2ebb956a1b5f4a
5498f161874f7fb95c98292c0713e74739d308f1	506ca13b6be9ec7b886c65d843c15de5bc5d6381
9856900fac7ee58cf25728d6222880e8f2dd82ae	28c175c7f34949fb960f1bce7d4eac433dc3309f
4c401fb90090871959b7ddb121909fecec1b85bb	436e8650f5bd37ad4683d228cc94e083404d697d
9287b9b86afd3164d12802b5e625ddc5d3d9fe3e	ca9828238c33ac7b911cfe46e39a2e34fbe4a7e6
f9fe8a145f6ed7df606544ec748aaf35804d693a	da292e8c23afb3f19b1fb47d1b0041c507a5825a
b602cd5733360c7a0d098be6594f5ec122a4ca8c	64836ff2fc53ba1579ddd57c6eb1c5d705578c4f
8397ebc0ff30f3d2f0895a675406c9bf0d17f6af	a997c0d22f3e986bb387667c1a4edf2435bddc02
b4c5e6fd38cbeb6d5cd933fb736a0317598b1ec1	637303683e32d9504bc7dfecad2d468f4504bc84
797afa3f8a5a37a2dd89be4b1bb4b530944a0b2f	9beba6f7ff49369b2d7e75645ad5060c8c7e5369
9e8f0324ce55abb2addb2205be8a240cccbc45c7	90e4159550a9ca8474b56d41991db99787461f78
a0560843d8f3943740488cf3fafd29f70b6cbf04	3bb2bc3e2d7b8b948133981dbc2d97119cc477e9
1e7dd7c0b2451c596d3030aa616bc14e43131dca	f16b4df84f25304cffcb5031c8df4664801996ec
2f3f5250ddd637dff75bff43a28059b2b849698b	1a8c87ad06297190a255bde46295758e81acd9c3
40922f371e5583094fed4e48398cd86988a4578d	3dffe727405dfb9f93a6505b05c5db627c67db4f
f1f46498ebbd7e560d74253882c0e563bec5671e	ff364890f1c7a2bdae77e9a16d9a314285494606
e66660b5a8b99efb9492b47489ad3ceae389dbf4	f3f9bf0695fcfa85b35b740c242c138bf42b23bc
9d888423fc475a72bfa6bb2821b13a884bdb9ae2	41c79d408a834279170c1a87951a8e3dd3ee922d
feb9da7601077813bb003b1f4d4bc273037ce7d3	9e532b0a002bdc9b1f1d04f66360adc67493ea3a
3061d10315db85d988e6476db5120a4deeb9e464	d3c204a3c11768840999f13a8307228c991b112e
21fdbe0ea86b587fbc9629b298eb32f84d850772	bd2fffc6a1f525bfe360aeb43b7c376f4d377ad9
43b13353f7025906fa9797b4fa118df9d7b6dbe3	e2dea41b7bc2122845a100a350cacfd459b30075
f937ea9bcde4c3e59cab01482aae74f626b31636	5e81ed28f58e4438643fd09f77d3eb37a01e9d1b
470563870e7454adf5a893f0d185a7ec86478811	4154c9dbad53aa5dd6aefe648efe3c0396ea332f
5bb09425103221dfe879127c8a9526efda0463c6	fe0477f2617dbf3ee8b72d8af248a40287268e4e
6d133b4349e0f4acf0d1a56ae793f69692991ff0	5ba7edf922f5d18f6372ed8cadd7d11f5cb04161
bdcee2c0b0db462fb1e52e94072421448a23273c	acde30c794699ad42422ce29429cdeed78fc0b71
bdf8f83b61ae90ac5b79364094950e4753e0e691	8440317a29372cf1a386d37dc47a1dcdb02b1519
aa01ac1c3c5c691771ea73ec7ab228f2960781e2	042898257a8f1c3d109348d3b9ca51e9ccea898f
f439490969d2288d160d55a8ed593a13b5d3784b	2f095db9f5cfc97f3322e6a6e73461478c0cec89
18ecfe488273df3758e8f501a62034ad19961180	bbb1474ea62d73d109e131003a5e6bf59ab412cf
cd702b0cf0a962f511e1574316128376416fe336	3e3dc0463ee0426600e0d121a7fac6ee8797997d
7c1d6c683b49d4e18895c427a6418e093b0cf379	82547211327c9b09e1afce65c211b0e0bbfeb281
e0b71e2503d3e511b9a631d6c3eb6cc7d66a070e	be3b706f8dd4e1c411806167d0839b108f22b1ea
1f7f8fec507ff3221a24795d622918ff98d74997	b6324f0cb361e7bc395ea02863aabbea61523a60
f90d6dacdaabfc16d430768b94660c0964e1f1ef	b878c5acd1db593e1b04f1487e50b830c708a468
94a8a2c4ea97ce20e77b511a86bca8fae312a04a	6e2fe56315976fb9ac123454dabea44e89843122
8ca1e219b56093b9bc83e0339057c608f9d366aa	ccdd24614ea80db1a6bfe78bf8627d2faad67d9f
0368e07f2e53cf5bb682db91cb3f2c9070b9ee78	54e4501829651d61da0c333e879d206b2ea62de3
09f43651ffe2b54a190db2e9be86539541d0bd74	d81e01ea2f6ab4ddce1b1ea18d1181647186dd90
01d4f63082b5f3289d4f1331df82cbf7a13555d6	1abeecbc9a0f31d614f10e365b1b1586f7989de1
a485c80af4d019beaf9b5cdfba73b0030c09ff91	9cd263737e62672923ddfad55128251a87194786
918c3672a300039476a929f87bedd5bd28e5a074	f693b3af1f0088682f10a0c3e23e1b240b027cb1
1ee796ead407474a0a60d9428ae069ee97276e77	dbffc54d91a281e2fdbc5523b2c4d95e1d48ddb1
d7b954d8b48fbe0000e2443c806ecfd5e4fe9849	8d9216d9334cfcb2c5ab9d75c60e283a0e59d5f2
b52dfa977e0ba05bd163b0e2a451e152a05e489b	894b699ca76a5f4b443ae6f55b8d8ff599e1d920
c8cf07c6727038e887965aedfd1d43bf27fa387a	ceddd33c1adf884f20f52e8b88e15f656bbf51f0
8292695e7e9d7d7f8b0ba7fdd85701fb0859d267	7572bfb54d9e859998b76a0fe5ba89b4ca9acf60
b08b5046fc6604c003f1736a1734b05e68086491	15baa5b6bb323cbcb4777fd04283ac30526929d6
68d3535de646de824b82ed3747b5c6e27237aa52	de8fd4436cef5cf48364e812c64f90dbb0560f0e
26f6c733897ea610bd7300100934ec46c62a624c	91eb4da97b2a316234a3f4a8991e5c1c823007a9
28ed67871198727e5863212ba4385356a61741ce	7871411b2accc07219c33af5ae605dea2e8aacad
a4548bf029dc13d0152fa45a2fe7c0c7eeaf089f	2fb74502b4aa51c0e51b4331a1129242ae06b7a3
5a642d3caca62a766a55fecb696d250081ac5e02	399de07da9adb1e36a3aa21410cee4c514222ba9
63092876ae624ba1c3d710dffa097ae55a3b2f7b	9977b3ea2e24d83941153ea2ba09fe133aea9899
395244b5cc7bf72b7307a8d9c68108e2504a1b9d	343cf3a885c77cea4529ea2263ddfba0c2ec1beb
01edbb8fe0bdc800143848d59d76b32078a94e50	f8598e748fea6af855fb1799b60bb05e27d57aae
45d7b808d85e4377bba1fcb79a1eccd5e8d03a5a	ddb3cf653ba2184b6fffd607c2b5bd0b1436e938
d75340a899e5e9d11e5efa9dd3005e9fb8adb4ec	c82470de82d8bc8a25cc2f6b955bc82aea210ec8
ff5cd465ec5bca361437a79b21b45b8261723eba	ad920e6c34688aeb4414af6111d7a1900ac99009
596da5e015f8083d9314d1350f260d1bd89a710e	abe406c03fb4c36ce8ec1841141a4bc260c890a4
dc775674f4bd05207f9071c433e8c3887d84fefd	a5267b525779ed78397d93d3aa3ce2072e2a76ba
955936cb3af404cf2785ad62705b229780f4a48f	32ec65d94e4bd729a42ddca969e017af16a3cdf8
a898e859fed792221b4b5fef805427609dc9b8ef	f11c0ec0ba4a83d4a83748380e4e088d768099d8
733c0cf3a8bbb29c7c455ca3f0e7ec97b98c244b	3f66708314ee884854e15b47181b80a5bb120257
48ab9c3118bee92d540a7285ce8e6c9835b72d37	1ad8bdc9bd2cd4bbdf8b5998c6895a4c8290b7d1
544d5de1cf8099858c3b9772efe30fe927d0ad4e	5b3404c1ffbefdd018008560ce44d6aa5f1f6f4f
c69526ab3910c4b3b0d1f316d68ef2f7b279a3fd	a4a8786f1b5227987493835747c7f67f4f31441d
e8503b51f0b2f4bf9825c4aa010c1d69518a6099	94eb27ee949caf5a3e4b31b5806afa74939d6389
284d17b7740c3e0920122818e04ce9bfbd626dc6	57ccb3dc5b1193c13b792d5d6e5da9a5ec32ce9e
c19f9d5c59f985f8cf0a6bd567b916e662490195	4004d7860b0292fe8a97df7270733568ea11ff3d
dfec67e0090f87c60a3c4113238daefabec89841	3acf8ada7a39620fbf37edb5d144063f81b3f99a
fe1fb1e603eb656b68553d524c81181f39c8b541	094fdbbc5ea107658a7f9957e660903b5d6147b7
7df40fafe60cdab834f6fb2d2d8b16c562eac7e4	7ca2318d8bbe1821471bb58e12278706ea28d0d6
397812ac952ed4d9b1456e6a7289722c1c829d86	98095aaf140ea16b24561f3c1fa3adba6a700503
ca76af287564a96d2889460f42757b8276e603e5	4e7f639b143a673173ca05f0f43bf7bafd33d46c
2957779afe8fc8be825c1617d899d499aade03e8	46435ad08828b7a76022f23747117cbbdb5736d2
9bc66cefb3b2256085c31b33ca8f464739bfab00	fd97c208cacd30c08fd02c7aa18638cb7ae2d00d
bae0ae4957debf3d89b32db6f1bb35b4446f263d	f5a141040c03ccb7e9316b3039ba5b7d90924934
bc55d35b07318b5b88ce70bc65d8467e67b1c27d	f2b996fb53f6b3d3bad12e4df25c474dfca81591
9c30a04fa3befc35b8568a8ab938c36f09c034ce	64193de698da6ba91821413d740c5aee1c7653ef
ba86e1bc75f9e7cb2eb5f32d855ed2fefcca41b1	560622b67bce092ab7242976cae1ae1c635bb32e
0f8e610d16cb22c1264f0513b6cbbf67634ab10e	f5e33ae4eb0f31809a6764a639817557a9317823
11a340ca69b50bf5a18cf13f30e1404b6654894d	bc6b314e382fcf8655e28ebc5315600844da94f1
e1515147f2b13c104f052f10d6746154a6c9698c	5ba61f8f5924fc998ae8284fe7cd1d80f2a0cf8b
fef4f9e19e62a3cd3f9090c1590f934b8e2b548a	4da741edebf638ea2b6a682063144d437446b615
4bb656f692e1d25134ee2e37f6e27ac4a98319ce	b1c1ee5ba22127c6cd4271ecf2b91340afc0a817
27e296eede2c9d4389f44b45fd45a9cf863f22d9	3d65a932cafa2b46cf0177ac2fd98ab92ab0bbac
bb970def98904f5f8d69543fd6d603d07cf159ff	b026da724218f0322d882f2e2970a88260e267ee
7078ef0b7dab0d3e4e197c4a19d565f983f03edf	7a35bb6f2c5aea20fb828c98588d8cd71809db9e
58ffdd0af2ad48e157cd513d25a51a52162aed0c	c3b42867b680f47d544e5f750ec24e1f7ccb8d2d
4303da00370da2adad98bfec4daf794d4fbd0cf0	079f229df5ab933745f65217bd4d7cd5c3f92e71
1164c980c52b3bcfb5cf6a113605462a1fe1acb9	73f9511491b0d1415b711fad6d2192af4c136095
0389282848825e8f4ffec5d1ffe8ca90e6b53541	4fc0e04292c40c71dc87e3a30cab75bf352541a3
b8c4a7e1d5fcca00d6d226227abcbf50aedb4993	e9ee418aae12fb4024a72fd1b1b5e723a6a25e65
b3323e1f5db1e99d32fac24b285d55204cc1ee2b	38ed8aa08efcafae8b095b9ee90e7e674c580042
5f52351acbdd9c088c0c788dc568c6cc349a4b2b	322f19363544a7268c554cc9f0153886168d6b2d
24af19d17605dd3fae4254e4a99224447e2a68a5	841991adb5d9c44e653fe64ed89e3dd62c2dc225
d06f076ab439979dcd2ae9bc407a7ed95acc1454	93c39e2d4b53b724277599656a6446b6dea6c336
7343614a9d5d7bb5c4e8c1cd6e0d0964b0fef5c7	b5562cd625eed064f545b298d3e0e620b9b119b3
691d62afcf176a2575db6d7903b3134ab8277f93	7024c339684f4e8ea947ea2deee099218ac69be8
3ff1893ff37e458cbf5a0b1c36ac019a819c25a4	1f6f1c5c9fab5fed2d515fece067f49446b4db2a
da44ce227bc7e806cd0e24a662a69812b4924d5f	e732134dafccf823ab363080522249d4e44b81aa
6e9f817b5088905e286fcb4493cce834c99174f0	3597470e75204baf0a6530a96aac23fdd0042b4d
f569bde4beddf798be19c9e808830f53c1ded956	e92f699919316ddb29c47152cfc40e2cedb618fa
8cbb4b07232228611e81916809805c010cf140ef	76afb3c070c5009a7b4f6da32a8226712d2dc38a
0a17e78a068df04376e8614193d6f0e032062e73	a0f637db34bb7f41a55ef715c8d07a2c1ac62231
2eedf9f5bd77a42ac14b84a4e84aaf2e05da39e5	e4fe1aa8281b9b2aa677c65f0af21735888e6326
62b6af5ce4ea680eb9e09bea0de962e6fb01aac1	2e405a3e393abc67633456ffa49c4665ba942327
9c7e04248840db21b22ea790a2cb5919bb96c659	70f072c38874fa47c745fa5b3baf8964a83c38f0
4b1e33a404fa65e118a9eb1cedb5626be5bf09f9	a1daaa92d6242ad82d30edfa06fd1779b7f2239c
b4752ad84a1c218697a5589c0e0d89d449e888d3	54d45aae75b7583f2c245c23fe96ad04b7aa8d6b
532fb289c86aca6165b65696a1b74c630f3ae717	6fbb873b198ca43c80fc13cb2acae11465513f9a
d6eee3b8dc6ca98b282a94a278d94e7234d5195d	1101ea9fee054ab3a203b489dbf2c5dc20a34592
599debf24eb9fd662fc6b5b15a64d6de28c47e82	09fe9770767845d646a1381c1585f39a2ee80c3c
f8c2d2294e71cfde3389eba464a20c5e9ec5db1d	ef5761bde67a1bf2b9028c87add0c992b75045ce
189240aa8660111fdc32a7f89d1357dbc864e6e9	6c726046a6f086c116f57c05ec2d7cff81f9e082
6b1e8d92711e2c636885eaca2e67dd558f860339	6daf77e1f9b368f02273cdaf092310a70cd19135
e839306c33d4659ceacd2993269b5cc294c62d1a	cdc1d7f34738de0ff8084da4b9b9ccea40d26413
763bd4370a71adda3dac954e3c20d6e35aa2a36e	4f1fca497315646cb48f429175cf4de776dec457
69d3e14fa2dc167fc58ffdc87985480617e2c033	0fb9e419f2cd4973220b878df029e53cca22c7c5
3e9e3d143ab83982c855b2ac8f84d37e57ca40b4	3465b52b80fe5ad1374d0c39d33d2ea1ff391f90
0e4a8afd48842026300b525021483306fde63d1b	3b42a0bec6f61a8e129d5c2cc73e54c8d46b6985
414ecc92cc495f397c40ed4b9d492861f059663f	579f94af5ca3e6d879063d3970cdee4bdfa2bc40
c1169fab43639de6da27384219e843ebadb3b5a3	77b1fd0df3a13b3643faa72660c44d0c94100b26
d13b87653a15b9a69b5a86cd3d6bbec30fbb1fae	a9a6b97311fc4f9d55975dcae62f19d29890d888
e74e6b2d9c2ea321b5d7b0aa641d27170692597f	db9b352df7002e3d3d86e8ffc8733a858e223930
68169a6113ad9639421e25f5c796c9b923ca1ab8	16eceb623f3f06454c5f095186fd5b4900daf6b0
ddc43b444710fadfe2738c0abb255bf93b9e243f	70419659bfae9e6bcbed3611409cc702beb84a9f
8ceabcf5415d154a19d06b91403aebde7d447b29	4a380694ce8d647ed3b39a29072bc0891e5b14f2
1daf9c9c675e0d84d281962dc0187c753c4281f5	17b8ca4f91444825fcf89addae84caface0f1527
8d11e6836103738647195b951966155b2c71b555	c23a1463c7366eb4872d8dfc183f3a1c455ae7f2
e29f8c8685ed7cfca9263ef5cc8b482d5c54c31c	55c90cbd04d657028aa8bcb97657df60fa8f14b9
a9d9add96843f666c6d4bc9c661e00696987827e	ba969609bcbd233a047e04933d8ab5a838539ad9
46c2bf22b3ea8b55c29a270cdba49b7bc98c10bd	39d65b45dc0d43776739cc2d515d6af65dc23fed
e8982e82d27125447db89780a14a27317e89e1ee	5ca22501419909311da80bdb40f3a8b1b8c1c712
dfacec07b4940f659846cc848a3a1650ef3f7ae6	d79f9265684025ce9fe8f24bf2671f4c5da8f45b
f74d4f40d8e004bec3feeb8a3f010afa6865e432	a9787651de733143c8e8d4530812cd06ddf035b9
48c6ceb1cb0315790a039933c62858731b32e73c	8b17384c0afc61160a230e1568229a4cb35056eb
1bb1b8e9aa16e69a3c5f75e502b75e7c702c2bec	a802ca96183e1e83b4094584cc833f265fce96b2
d04ad62362afe1f65149faf3632fb4f6f101bfa1	2481c1f33b4d52e7eaf2c77d61d8f64b0e050409
97b2aae85d8e2d826a0a7dd8de067bdba2d7f4c1	b47e2e696ae0e73f1a9ea955d372c9e417b43cab
fd83868535540fbc7d6f4ae50c6afca441b08755	25d26967fea574bed355ab6cdff2dc94f2f6ab20
cb2c2c646ae2d3052ef98cbfcf4342447e6bcc36	78577273398af964d807979040ab35cfcf815810
a7feb3f7097dced1052ce9a88a5fd2b16b35780e	4cc8cf50e64df38b47009050ab8212c88f9f7065
ce4b1e451df62666d54dee2d1d8bee84acacf7a4	b52ddad2da0d9bdc9425d7934ae81e75701dfc3d
2299fd0e06c2507de7a394078fbb194c46cf5d1d	a1ccaed0cf6f37f2a627d57b5aec35677ffba97a
2354bfb4d9007681e14e3d28c752e163092752ed	359056922684f3c8b4c87ac799fa65d0e61351ed
aff899784806db11100e999d2514580adb51765b	d2815c479dad15e49dac6371f3decca354753bbf
f295bec0651a759e44a7ef685f50e842a35fe5c8	e572bcf6ac474615a8824f752c8235054ec7c633
ca53b4b610226215d9e1ade38cc2724dbf04f22d	0eb01e020de54e070591ff0c9b6224bc3f2b51ee
c84d8ab12d03eb3ec43566f6d4429dce7a272b9a	5b28b09eade8bfced5ad4aadd63d8e990cf5c8ea
5f73e5a952d01a4fb54fd6516270f6f68a283d37	91c1782835d78b2ac87d053f166ec71fa5f326f1
49de88bee98c31bd778d6c0a6dd3fc3b83c87bba	4b007867b52bea8fc668738a865894b47dcb16c7
02b5164c4580a5e8f3120354164ff34f41e18592	ede79ed1d579573bfc3dd6afe7914f0d952d7101
42e12dacf66a830476f364f2cc68f88397f346d6	4aae835efc97c9c7b37f9ed0bc4471febe13974e
9025a0200a652f2e209c9f34ad8b5b169b49e045	4ffc6701a7d37c5a43b68583e4cb3a3759a884f5
379249cd830f9e61bbb38a34b88eadea8f08ef3e	4133a68e52d7dda6f273ce50aeb5ebc5c0db69ad
7144dd85f8bfc68123910fb9fd5ea7bb1c147b1c	98b85f93e46352f805e0a950a626f6e944275960
a886ce985c41c5747f11d5c095720caeebf1e5e4	93e1f0663578ec9f2ccd0b464e386135e38b6d04
159dc4da259d94ddb5d3e6ffb92e231e17001c72	6c5f6a77fb2c826fe144ec9825c16679fc78b90f
ccc5c2fd18db9a1bb2e5dd2c2e55e775dd356b4b	c6382f5613460284c79e3087fddffee5ca7f3e5c
603200263e610d3131922de7a430148f15796bdc	473bfae1f7f2670f50ba742ef4193b7b05bb1952
675a16b5bbded3d108b7cc5affac31a5c3a27870	3367c3b436e5839c085a4566db94c7ad76eb1039
bb42eb07dedeb2832e4edc59f83f7ba2616276e9	2f948eba5a63d010713d67b7fcf1a151f3be8152
c324889d86906adc77416c185e21966f75a4a268	299efc73ab9194cb15bdf2f3173c015bcddef48d
8849e7e558e51594348268aee16799dffcb24b14	3c55e3d8a9d1919d973c068afbee32e51ced705c
3138b232f8199f76510e6891fe26538d10f2948c	3d5ad09115afeeff29830fef95569788d236167d
49c9586068103dca0a6ed53906f0863869b28ee2	64d92fb1ee6d9f1b40ede2581956c39019bd26f7
1b650cab0cd73b3c1c6de2f4bb53acb1af9cfbc1	06be51607e0b0d50bfd34a772bb32009c80ed958
d554c8d9002a1d13b3b84e5065e4e9b455cc654a	9d84465ba76411829c6bf31490674db400408787
de0cdac1edf4dd1775de5acb79d258bf61a696ce	fda68e806ee12b9d30e68cbfd020f23a748d1f10
c4cb9ecacece8ce574ba4bbaeac3c27729746b6e	58f4e8bacedf6a0cca29ce7907aec26ca767579d
410f776dc4d60cdab00f1f80b78c1117246b3523	fd90916c9f02e9ea059147b09d25f99105412053
a7af1659c626add76db2a66346787a2566f37f9b	5b775808e5009a406e4befd086ace58fdde40973
85cd526bdc275d177944d8b6288386b761ba5e58	44f092978df223bd674e099521df7ec6ea42fd32
1d6be84bca3f8b2c20e74a51561bb749cc84121b	461c3fd3f98bb54464613f4a19f87caf7705cce7
307574d6730e20bbfff6e9ca60dfdc3808ff9bd5	d03ac8c6310d8298782cd0b05aa7a9d3cbb9f31a
f5d8dc851271b76e26c1b85e39189240fa2bb13c	14fc287a4e4b1a6940269f356403dbe729b02aaa
d9612905c850244daccd3b06318e48cf94b52c89	a9f217dff437b7ce678f31cc9a881f62be6456ee
4c17d6050ae9126e446051de211525355b332731	8c83a4fe261aeeb496a3b13db2701133f2618a94
4586c78f38eb86ee1789eed22b11d4aa84154b87	fc918d22f0f92a846ae01c3bfcf238ce60e7d47b
547687859386631fa52b16af5a9cde028d7ae87a	77b86cc34d68d3e88243e3cce2c44b0e10a71c72
0288f13c6e1aa1d29c401abec532595aefce7616	527f455b34237ab4a7d8ea3274e440fb1721f097
e24802f045580dbcc6e4b170cbdeffcbb9969628	83d3f841c202f07fe30bf1b3cd5df69bd382972a
a91ff8b52c0668db4ed759dbdf92cdf74a5c146f	8522570fa1115e5c33cf91b42aeab220304eeae7
fb7158095611ced7fec7ca9e90fec0349aaed8f6	d443b9382ef84cd1638b8229827c7461d65dac7d
972de0e35200da3ae03dcfeb9662896679c8e251	3e349de37cff23d05700031c1350ca3032166136
e0792bcbcbb82aa001e9dea2ddb5b26a99f1f4a9	3c76c5096b367d802993699612deca7972b49306
4233dec48ff519335b845be321b70e12ddde98d7	615a739a4a634646a12defbe78cc816d8f00499d
be5ef213b3044f859b28f2841b2881aa16268fa5	a72ad1f1649c3890cdd85d72ed500c80a707c805
266b69f77668e501ed119731266b447745f4fda2	8349dfa6bee5c4b5c81eb1f2040ec5ddfddaafc9
3950f1334a20585b746e84cdd1c6188f9a6a5669	78114d9955a9c24517efb50205d7a5e86f29ef73
292686055cd57b5ee5c0dbab13ddcf23e2bef7bc	1955ea6a172a9df0108bcd293e597fb4e37ca0c5
b916f24f4137aadede917a29036a87305719e8e4	9e2404c9788dc3d2082927662b59ecbcc87bedc3
0713b570625a6ee3dba9d591b21a89cb3bdfa978	d89ba1243a8e1e8a7dfe9d21dc545e7eb602033a
31ed0a42cb54b8f2a3aef29242d2fbba374b7c17	2a0029b8d2470b415920656260655ae0aeaba6ad
30458dc902bebcc9799d2cebecc392e6e3afcc32	b081ae12b007363c11ade1737b73ce75ee619368
0130b5b9cc85f85a40aeb7185b0a22d2c3ccdcd2	ca7b5752c782d2cb33c7f7687c2393ee84be0c18
8e25d4cda4822814931c24ab25ca2fefc2944eb7	b395f607b07161e64396b12f4f390b851099e5c8
b38d3f4f239b3269bebfbe13b33f9c1a57f385b5	906e63f595e06bfda941a9773f51936960df0265
ea69a0a631682622c2b7baec4d17d68f22c40817	430b2712c3461b3ad6f70bda7233e6f6925e8d22
c96729d74dcb451b4a15f3f72efc3206972a6079	0aa40e2b190794366599dd57c6d6984ff0a266f0
de3ca5407722f7bb4f5f1d001b7c86ee32f37a16	1cf5b90d651c75be0cfa78abd458b3c503e9e01f
62f760e3d4beaf7beda0c7d66a753ead76fbf317	305c220082785317de4dee577a2ad428b47cc590
fcd3ed77f858f1b5cd8278488c787ec1c15ed213	eedc072baa862d92f8edc440dedda76b308bfeaf
db36cc4e53564644665bceb69e334a2934c3af44	c85ad5834d78667ab6e473a3d6be5e22eb3569c4
79c866ddcc324086d1bca45b489f82e965caf45a	3f5972730d1ea755039ee0ecf86ab094e6bfc4a3
6c15ec9916706e6d8f13341fff875df885ba90c1	0fc14fc2ff0addfe065fdfa203c2ad61c336f30f
5a17e9ae5682f667120a89dc2c7710c18977cfaa	7ca13b815b168af17b592df24b9f71679ef8861f
41bda20c18616e2460edc301f86c16c802d40c78	c4c7055643aa7e5c74c577cd88cb27787d6e2006
ec8a1e9c784c86e806336ef4b65e5a95349cf7ad	4da8aebd5f1c0662341d5f18e4cfa0e6fc8084eb
6452230af45a1496e112ec043fed7e9102060438	eed60af7801111cc917cb77f0ddb3f6ae1c9f163
7e7f16ce11728716527d9097a214e1c52bfb1a6e	c2b30e552c90dc7e2d5efd4e5acf1c6d030a9615
075e3c7e744fe20cab31b854a17118da01d08f42	d60d11bd997f7d727a5e9e100dc73af1bc955a4b
a2a2df32bc43017b667ee56c3f3faa720dff75dc	1c233e9ec0ba03b919effaad7265445b33fe56b4
dcd894f67c0831823b017eafc1f929d7ad6ca8e8	f5dcd874f7d3efc06f432fd04a4ec3a3c93988ea
0b8d3d541bcdc8ba2495a80701dbbdbd0d3ccc6f	592167e0ecd23e0bfbe18770d070b3009a305526
9a08c7ffb23d7fad32a0decd76b16ca91139a2b3	1f1367be39aebbead59ff1d9d9d4279f0e20739f
bbde18b95cbec05e9e76b2e231dcc9cceaf8d3b5	282569c19b23c92d926ac80e71f395e88d244dcb
0e582dd36c5f5336717d8cee6067de6b24d12548	0234b235a26eaa45fdbd7875ab70bb79a5c490c6
a18eb2151e00dc4ad59649baca78b1e9e4527562	aee0f578c22d6d84d80da519e4b2f7634ae4ce59
f1ace70f3ee8a12e9386c25a3357ab792d8e6994	3a7dc94ce5f96b6c2cf401b80fecf1a423eaf7c1
9820e4e42bd8292d52fe1929418c4271949a15af	bfb27dbc90dc87b3e0dbe7d8d10da9359e9f9aeb
f19c6ea99640a18632312385d3eabb558ae631d6	10cfa1e66ae07fc810eba5f8b5235f396111662c
fe04b553ebdc72d5f2176577c49ae14fb039e210	f47558782799a7d77c9763cd0bffc15d954d3057
c221e11e1ad46b25d6e4f37784c3861c620600f6	203bf7a6d1fcfa53a8ddff8a77f26d959397dc9b
d5b2e33d8b94182ad6e861f5b23ae09833140b0f	db6501dc2cdc3127c005fde6e07d4ba8c9b59334
9e37e7ec8cb4219a23f43ed9ed740827e9c0aeea	1c13c1b067fa2c6cfb06c27ca5b10b99c7989343
ad169efac0408ff713986966673a1b4661ebb023	d586479aeb5b822d77e4cd7076ff53eec177214b
b553dc49a6f4abb1d15e20204f426fc21432da82	38ee89ee41ade13de38a7af324f0e336113dda36
21b40f3bae2edb1f3afd79ffc06928d9635a42b5	896e5b0f03537969afeae8aee3e4126a4cc2ee41
1ad1f858278c64e4eeaabd6d2f81ae70750cc9e1	d2e8b8c018b31f1fa7c26a32029f9de43417b574
b9f1cc8f64a46efd87c2fd3ce0c01adbde4a356e	e2b41dcba8e34ea8c3004cebb8241b43bc125036
f566496558ed5cd63b986f26d3490ceeb1be29ef	826458d6eff32bea0b48cff3cd610d37804919a4
7455ffcdbcf08d5c9c3da804f5c88cc3431b13e4	1fc10f034f0376cf47222b79b031b01abb750276
4151e8cd14b915ee85f62309488c096ff37f93d8	ef3deeeff98e63a6cb10b0fa1fb4b1c505df2312
8be85b8ab7f03dbe346438ce31985b6d0cab7bb4	dc0f744aa96b0dfd6375a02843d0458cef2f07bf
6a1bf7caa80912c2f0d1ae31265ab952035e9ae8	a24f71ffeae89e03a7f4b08a3874d02030dee002
49df38d28db4ae9de19b7c44f1d5ad213a1ea0b1	9a11d24ec0d1b28b4727711a68621f2dd75bbdaa
239f1503f72c631e15a7b4a583c0f87a5cf801a1	57f02ebb903feb793887925c231c4f88a7fe39aa
4fbf43f95effc86bc6c2b81f7e9bbf7a4c3f0bdb	7b4398264ee774319c5224a1ec97ee6932e1d43c
de6b0dc68ae3d22cf29e331a7bf46d77d8c78b8c	5f236140278ea0124eaf80dbf7343263deed8063
0849ba36f99969c3fb3eb6300f928362b2210ada	b64301a930a011685ed687e592f8c3813cbba028
5898af63d904bd9524ca3492656a81e157b99a73	63bcdc48b001f0f2823c28f56173cef6f35d4252
d9f46cd01be57f7fa79d6aa5381d2c1178559901	fc016abf7ec2c74b712d87f2fdceba6eef9a7c10
ec82adca12e648f5b361f82769f6c42560f54819	441e64c8cebce5c76fcbe79f7dd3f1ec3ea066ab
cc8b3a6a27b213060e5338874bf691fa6b7156d8	4ae8cbe0da2f3bf3f71a4c28d705caa5da873c72
ae7e1b7c873dadc53a492fa6170e80671f28c854	f47f7e7f7992458291fbd46a83fe40311fb96e45
5b339d44b3c2a00d0dc55521e20fcab77340e61e	59b92c58816edf017aa34a5f0878d95cafd1c0b9
343647b1d9a9301e89cf64c1054d69d4de78caa7	49122d3da82bf2263dbf6b285de787c7a26d0e1c
632fe6ca99dae145e7cb5b973ee95591def55bc9	4f763cab122f4ed9f448b6ad9dc234f9e9c3b5da
4e2b6fe1976108b198dfde2991219459a297b538	7d222a8cf6bffa2d1c469be8a30103bc80692bef
752b255f3273c03dc32372ae2809fba98431e6c8	23370b70fbd50a92158a01c1740a3793e1f27bc3
b856c2f93f9620e166b963d199faeab1996c7a27	1fd491327d03e5029fb62ac5f8cf97fa67ac31b8
49ea129eef6276a8011cf802b3b9cca4f7b8bcdc	06083262e7d1f4ef13f865f0e6bab42fa205f327
22a27c012e2c1b4c43a351c80ef78af9d8732e51	c91ebf112519bdbc64ba60f6775f2baaaa1e97eb
0c1cf13d226ef0d5e2016c469fe42a5df10140cb	1b8766cfbeaf1e7c616a73dd496c6c1171f8228d
170b62dd3413c18396ead88d12f30bb953e4f76f	d5cc23e35f0aea8b1f518e6cc1b6f4fd0bd338e5
dae3bbeaadcb15a5cf434cd80c1505cde472ecbc	09f24cc33e5e8bee2f36bc59fdbfc3d11c72a7a1
a17831b3c90c89c4b44ef5dd9948c04b4d137d1c	89aeb8cf6db76da02b9fb15573ca62aaf13beffc
42a3de88867528762af78f5c355c2525a9d92780	9ef539beac1d8f5e477ba2eecb8a6b7bb6cc2863
332d9d57f2cf1bf637381832effc96eca0b1401c	463901cc7ba1692232e8bb0fdc4c82d0820c7ea3
6e61b100250496b31f6ab1df86a1b1762fa2ef6a	5fa408440e6b1764994876885d70b69c21183ee0
6ce49e876a26373b3a11611cac63b733c9368902	1f7d2e766f649885ce417956825301194d845947
82af4f15e8ebd1115db055eb5435b44df3da1fa4	28dc02b2700a772915ada83f4e44054c78affcd3
d3543c5b374273efb8861adbfe32cbae1cf17176	37209784d715bc4950f24201477d423f879be9f1
7400ef380045a5b7e187d9b782a9f937dbc4464c	d5df9a9774959d3797fc44db20f7d858b08f62ba
9f7b8113bdd0ac860b90279ddc98379d3d796e6f	533fc3c853a3fd3b4c206d4e80842d9258428745
0feca2950fc3dda9a365d41b95c6e7d1b092795a	3733c0d323a796e68ee2e2dda95de0e9bd90cee1
266938a42083e6d8d663bdf2736ed5771b6c61b3	55f2caecb680456cb616a28c59934adad330d219
0cd0467720838efd26a38cf231fb8876bc78878c	c772a3c52f67ba21243138255f0189229dccfa8f
80b4fc4a428b9488821bcadf2161ee7b6bfab3ba	8a4c04bb91e07ea65c0bbfdd6aa3e6ada5d82080
b56db355d7c50982c13dec44f137208ff12a09ca	a2b4764e6b1ccb7bb37e090f7a6ddb26c8f018ca
aaeaabc103de8380d05da10b167413ac5dbbefee	94e77280f4be9e3a328fd31f296184f0f82892ed
87f834b3b081acd7fc966255459b45337392ff0d	1462ae62512880b7b1201667a4244a43668b4522
90bfbfeaf2f3475e829bdcb541e9ae1ad1554b55	7b62541f567abb19ac6b8673160c58031456bf9c
77e7d0e4c134cb24b8b37a5f786fe74fde420156	9962c69ad45f5a8f286cddbfaab666595b3bfb6e
ea00bb96d8957b81a952e5ce9c9452c90faaf057	226db302fc2b6cb011acb3ba49929e7bbff1d2f2
489345ace9506d964e64e4ae7236cbcbd8619aff	f2ac03a1891a328db76962171bd4483d9e86aad7
4a8478b6e928b79c5b2acbc5d25610728b5edc44	6893f8ac6797b69311a66a8feb2f2a609bd0934e
8187b0be02e7c37b7dc45dde02627b2ea10cc938	e3f8662cb418a74b218c48ab160e034fe362565f
8ba362cc76f77a9c5d801c15fcbb2ee43904c1ff	8552414046c4bb31f0f0864d2dfe82e36f0aa69a
1507c977a6685c2bb83c7181164700db7c90373f	244b28c7a68a2e31121b599301cae32e265949cd
04ec955fd1c90392b5e2c90e0eb0ea937a4b9179	3190429e9d5fb91dad352a7762707cb0a7eb24a9
5fceeb4990c5df8586227644bc044f600bc64427	96b3136756824fd9c36bf6c7a1eccdd73fc70e3e
fce6a4a52734dc9749fe957a6ece661221388a17	60721ba017887e8254eb434bf124b19458aadf74
58cbbfa9fa70ec2163d64853d209badbfb9ad9d3	69f3303c9f7a57c13edb3d64aa8e273581a160d3
38dd4b810894823d98ea436006bd5044301e8cff	721dcf0bb29a05ea7071c0743af5cfd6d9a9020e
62f005a852edd3f87455c0180a25b0c3ba7c88c7	32ca9b7ea03687110e8c66ec3d0f8d64f844d031
43eb57d43c7ee8824d3545efaa330d6654a56f91	8ebc83c57a88f4911d158f3d56d332de707dc892
c37898ea957b7b7b8e7489996cd235c56539af34	4af88cd1aeae3ca8d991dad19e39c068b517c497
dc9ac0ab226a9c26e3c8a2084e3b7d8490310054	9be2a56c42c4bccd1b4c2a7366b553d434e74cb9
077fcd271edac81f4a531e2c1d4bd763d9f42f77	6de99bfa089b80771bbfa05fce381c5b16f06ca6
2f1a4ebf5956d880759e8be81ed71b9b1d6783ff	40afd7e52005012bd716a4ee1f72f0198d794712
a1fa603314e7cc5eec71ef31b1fad4533643f541	1b20d150ec2c3375af7f50e73e54127f12e5ac02
e2dd34bbf89b716fd772e1ef475ce36c2abf8f51	ef0e9b501745fd89cb0a0c2aa280a1ddb8c0c3fb
6ab0446114afb066043949b22c62545b644071fa	e8c0845882251df1609a98e4531f8fc7ebb67570
8dbad523931a49e6285239bdf002f81abb76594c	8de186d0b8101287d219b9c0a860156b0d01a072
1b05806aef38485c53c5a836af6d535ba0b25b64	03f03e258b722966bc973a1e8ead12e92e69b56c
7489c026152b8a833a6dac527fa52cd8dae4864d	cc6b411a8e68cf010ec32b3b09795c564d7871f9
677365d79dd4b36bff8706160454bbf1df8d8bc8	78c97cf98b620d6a87f293eb1666a34c10f291d4
c6cbcda837b16ddfbcd799be83f779f8ac7fe9b3	6f1ccd7538a4b415d4a6808a5d128dcfad8872b6
a45a37c73d06386cba2fbb9e6f5c37dea84e0129	8991ad7c5f101b1b55d8bf31b8208a20af98ea8a
ca135b38d0dd2a63f8cc010f7f5dad761a31f9a5	6c4acd08fd60a5f5e6c6bd0f0996a5b63771c890
4af8341b77b1f8f8097bec30751383f098a308c1	9a5b664b09a4846775bc62cf5835f71810f77cff
6fb0d0ccbe822eb8e1e99e71aa8d7a8178007860	ca846e136e2850ac525d1cdd4af1d5338ff4d2a5
13755ac25c2e0736531edf1cb181f9f9d33dcbb2	aa8591014a24a7a35a75c97ae5dc1febcc7733ba
63009b440e35953d35e35b1c7b73498d0b103dfe	1217b688dd5a9b6d52e30d209680248ee1e807f0
11564b4e6c6cb20598bf800f4f6de4f1e82a9ce4	7a11b78f396e93e2ca3de48b4f05657719b89198
4ce02d8aa3522a16ac8db5e38ac2b2f1ad9b510f	9c05d44bc5c304ac67be1d6f41ecf0b1db847356
0c645d673f22a284a63679eca68ef1b526636927	b4181ddf0198fc8e27a338045b1f65390e11d576
0ae8368218cedc4fad01a8856ae69eb40eb21569	1a7a6a3cf9be934d3e30837474e58b9b8d40958d
d4482a1cd4de2d31e3d6e9a547f14ced7c3d4ba2	7794d0a2d73fba391a1a1560235908c16f75736c
3f13c4ead79f4d084fb11a120dce149cd61900f2	e08ee1434a819d33aac27cbe12f9ba0db0da8c6b
b06a842b3f6ddb8c451eb1e5b7874866d9a9097a	4783d5756763c27272141aa518e805d4ce351448
c8577f66f7f62ac68f44ab79708564ac933cc6b3	da9425d715fd689bbfdcb3de052b2a89462a8ce3
30d7ae2d34d123f2edfbd2954c330e2b2a95b7b8	55af7dc8d506dc278d30fc33c71a82a4eaee12d4
d052bb2a900343ab70c275b10a13f2aebf396919	7fad946181ce1e47b9f70e2b92532fae84992b50
d6e6740b7c51f1f833f222bf62f9a1be8711c11b	d5f6076ae2512077c3551e7203bbfc964bd804d5
c51df00cf1f263c5745fae3d0f2fcbb7996f30fd	19cd8c9cee30e2bf0ae6e0ee99cb5a6bb2fd0b89
edc5585cfa0b80cd1beaae8570e8bc6b64f23da8	f155947af71d325b37e10bdffd01496a085d9c3d
ecea629e8286329fb44167730d65531f514c87f7	8efbcd21bc7dda60ad2b647787cc55a0479479f8
c3b345f1d4c81d5481b0bc1fdd6e40fdf64a9417	bd2087cc744dc0c4d0642ab3112182b101768b7a
934dbcbea4618351bc4a113d9a00c131701df274	f6a441dd936c5c31649f8420202ca81e4f50d1e7
31256a008ba717fb5727450b4d669653ac9edaf9	a346716412c570ddf74220de5cae244ab93ae39e
d475f15ca0972f92b2ef85e49a48dcc2cc64626b	956308d608b9d0d1003148e8fce5bd69f02dc975
dd8cc267f681b498dd2242c86c8f0cbef2ece3fe	e3fc5db423ea555cb941d045ba6e416cd127a4cd
21eaef5249b6061c7e9f905621fc197d6712cf37	48d92db299e21dca81c7fdf11d6965657463315b
497566f1926a1822f204c4fc74a0097c8796bb45	bff109a8532ba0817203c09bebb724274f9e6a4c
f92c2d3df1816afe82b480981744460d757361c8	31bb3214331e1b053da74ec3b4e6735e9d7531da
9695ae5528dc6adf6e659f2213f137a0ab26042c	45c258121ef091752003496dca4e40ef1292bb23
846bc0947f9f46e23e983a54d1f68b2c949b73b1	532cf6f2fcbd65b9ec2d806aa7e25053da62f512
b0194cea39344f72f5b7de4584bd5ed3131b96e3	6a1ff7cb8c338b125c276da5b9aa297f99558c31
ac990fd1bc15d62b8c6c80aec1f20993ca7f60da	f12ed4746a1ff4a4697f5b53d9696f3426aef302
f4223bd5914572fc236b9fce248c2d90480e8cf3	9dc77a50a8ff222e80cd4b2200148edf564a0a6b
dc454265186392a8f7c2c53fbd15771ad3fbdc1b	15a03ccea4650b5e6329269986916383e304b090
c21d68e1a71b9aea875c28154a3db2540c1317a9	b7524f68f639c437a7ec316fe4abdaf7e55ff03d
9689029ad6b18627488b836df397b912fd86d058	8f41585c96cdf2bc23614e6464e60841fcf175d3
3093a66cd6fb2fb6c48017fb18efa584e0daecdd	735246666ba35e1e953631dd7698bd1b62150f5b
007ff0631573f2d5d765cc7e3bb08b35078cd358	850661361b7a17bf507f33a160ba780e153e38b6
a45970e6fdc67f4c25cf16e55c57513e0e909975	02b7aab7ce04de00047403214dcb33a4fa6fe928
42271381b719c886635ec7b71db46d696396e002	08bde5473a9dbe666714212f3cc15f54d476fbb8
c2dba89f15ede38159853af1d281ce08ea0f5bab	8cb0743249ffa49fd607513349e4415ff4a4eca9
53fabed26c76a874969621dbc1b28eef043bdc88	5ff8183facafe9bb4b41851128e5f84879d49d9c
ebba0349baa5fd051d5fed35e32f24e5cbc3242f	36dd6eefbf264012ee602bf0c794880e5d9bc359
59e1f0a5ce4295c7d3d19a147c781193e6f1bce8	acd68c4e4a98575891297cfa240db798993b684b
060eca4b47a4c6bf8f1e7c04f9dd0aa704530fb6	a40a18ad20c1f6e3ccce20616e5402c3a930f744
23ee8722bde5d072e16f75c61eac6fc4415ce95b	d9d03b756a97c1f687db715e2ef8df0035939b5f
81995933ac33e7637e94bf3280fce11bf2cfa011	6480f3a09cd960f6e2dd00fe11d49dd3ae20d198
d8d11078581f31c0a750334109fe0ac324b7dff1	c1e1c08f730add7028f85e05d3b384b0d4fb04b4
37509fdb2937cd51f8e08350e326c5f4c9c6d657	95b4e24d0e899b9513810883b188612d99c98fac
297edcb35530322883fc14a2d3b978105f555fe1	8cfa1010c62f78370d874d3048841e21fd30791b
02afbdc0f202bebe668501fd4b57927e80f95c22	e42e38969387c9b433b910d9753841e101a8e7df
0b01353f512d31d0bbeae2fa041d0981796e73f2	9a68b6a4ff5a690918e37e3de69d5b9c2627892f
e4211eac4abca8924d41863de5056dbd1d984573	91cbaddd2fff0f7502fb8012a0f4074607d5bcf9
1f8119a82ee142be3ffd0d72023a9c8ef261ae5e	1095dcf473e7bf4ea69aab9d77da4ee6e728a23b
544c0a9d38538923890c903a7a9dc859f80fcbc9	7b46fd198f0f159b6b14738dd5f9774aecec907f
0d7d9e606839d8113097dee5e67e98504f39940f	cea83c76fb90467c6abbfe3d28297a49bd16f0bc
2254e9f5fe7e67938b91bd486788514876d2873e	1c09a19b868035071e7c9c85dfa4063c23b7054b
1608481f3cac1c97761a96175a02a839052e3813	0ed5ab7e42b85df17407fc731f901f3cb41ae2ed
50ff2ef3fb24e819fc2bea4c3c2841757cdb9d06	5203253c06f4915cb5765e954942dce9cf2d0767
05ce18405cf1bd76243ae91601f4ef5b4a7e955f	528b0cd62dcc7bd115e9639e58e86858fef6ca44
916c0d466fce5d1d7d0f1b428252e05307c8c7b7	83558ededc5057d801a5f67b666f3c812bc01458
f3ac5abc656c6a7fe7e0a3dd94fa972907632b57	f7bc19ef230f432b2df2e7add7061c9174a551b8
1b230be31078d5e0e87589133b594e0774746508	0bcb76e0b24d780906ec447a1e900b0c010e6354
2fdb79cc5c27ed58fbc6c54e375e2364045f0a3c	1ecc91af387068ff5256aac7c6dea68cdafd9203
3f9fe0b804ecad3a0c3c8c663b8dec135d48710b	fdc69feedbe58131b161066a1e1431a8961ca308
dfca574096bf79bbb3ca60c620ca9983f7897705	223712c478765a23ebeff2ce87648bafbd663a0d
a20bccf9cc5e0145da8c0ebfe95f387011cb2f21	07b59f921f942792517a30d72b52b817bf1125d7
602f42894cd57108589cd0e6a709c48f88ff92d9	df0f750fc56c18f7bfb14517eb763b2f94b8a0d0
04db73ff71c7408e7ed917df4726a1361c3363eb	fde06c59b6b0b5ba17c09ee44f85ea0fcafb4195
4d7edec8b2d720ba15e48ea5ea643d68b2437d00	1e91ca769fcc5db2b309b5006de989d91ffbd043
3aa1af136bf01c0a2f64f0507d8bbe36c1a8bd80	1a3c151682648e05f63011b6fa210d8dac3240e4
e5341ca10e277e27273d8fc8fa49d6cb5ec00ae8	7aa665fde40ebabcf5331608d494feb6f8f37391
88bafe05738406914f32cf84acc931565b2241a0	ad77709335ee1f89a4b3a467fef87f0202b1445d
12a425cb8c8a687a19bed5248b74cae9d67ae80e	30bd00636c61141291d9ec30df85bfed22163251
6d7a961ad65f2e8ea3ce9e11660c7ca1119ee0f1	1fbb4eccf2485b4f72eee627d236d85ccb312023
5a83e4cd53642b8b1116ae58bb6afd54cc80bc02	f099e94f9fddc6d33ac23439391595e76ee02502
11cb2fc68b264c777d758af6aaf1e1673de370cc	a27f7d68b593d67839b0d38e7ca9bedc6b8938c4
c38878440d55519c1fd2ebdd99b6ea78db7194ba	db199322d9395029b26c2cac6fa2d127ed18cf7a
a7af1d6cc39f87fdcb14e10101e04e6b808bd5bb	bc48001a2e3c0f3139a6d28a56a04289e28346d9
bbf1d2598dbb583baafd4c67155689cf7f027513	2155b7d1c1650e3d5c587c497bc37547fe02ef23
266938e0c98e013bb59daf0d2f2e90a4b6e48be8	b4ca0d0159e73133f288230caf950a1c20b92580
cd015c3b7ba5068bcb8c4045b4e220e24487ea0a	b2e4f0432841721e7aa29afb534fa5e2a501dc05
e276841442fd9c0516357bb8124be52ebd2b8fe3	1f3763a2b1323cda199d2e29925e577be511d2fe
f28c96b53003848c2529f561726b8bbc5f3936fd	624fbf17b1e6159c965e7849aec3c4c0e489e39a
ee8e2c07344e8dac1170c3a50c13a74544b532b5	882143022ff503ca7c7a3323ecf62e739f8a5b29
2636f5e49cce60a07dee0ed8655b69712eea4dda	bae90ee42ea6296ddc39dc6a7e9a9474288e1d06
f70a1a0335aaa68df970f7bfd78ef5dd165b47cf	0d3945e7bbbccbfc210bf51a4c87d13da6f5ce6e
0bca5a403b565f45cae4d35325554916d2c464d3	82ce12343adef1e9230c612b839d25defe13ea10
d8fcf38d5f6418906a92221bb19c6f3677e7148d	3b02f3f5a7e9cd13b3bb5b4f51a9f4ba3b28799c
6fcc20c9ac81a36ca17e5a34a8deb1b60f69aa06	f0de4a9ab515c1abd9ea57e76742e763bf89160d
6aac21f97429f3c7aefabf422c54ac9cb775dc34	3391cc0b3728d10896637904521425f1d53951f6
f67701621892292309e47ca6778d3c8a44b9733a	f9c73273ec94849642111003b478ecb171b4eeb4
61663b4bbf8995868e77716dae68b64556459c9e	14280dd1cf1d2b7c58c5d7fa8088c69089af2110
82ac23413119f001240f46dc9626ed0b33783ce4	47b3edceed864c5e9aa893f5a3076a65d081eb40
ed9f2adaa7f1f40f2abb751ba48102acd5cfd482	359d341940f95a818e3fc6f8f6bcd43318772a18
b26b66cba0df51ed13872d56b58b3720290cbdbf	1ce4b824ec3a78874ba7d720071cf121477245d9
df9aa45d215d671f063e192aa82e5588b4da7f0f	cb3db8ee4adbe453b9d7554fd1eda59655b31174
188a37c9c4b0d1f6ce0c0250926e43ea1e6f28ad	4fea20e0f64a557b4ce14bb36e37e8a849a61bc3
39ef785dcd7ecbe545718f5ab36a54c5916ddee9	4e4662f5b631cad43c1a7be4139cf06682548a34
69119c67451704ce7e6461f0f8bf6c5d834e51c4	44099ff189ff12af93680ba773adf312f72d2eba
000371341df87eadf1b8cce58a2818be16a1b6fe	f0b3a92faa2611af27371d67c7743490af0878ec
4f65e408389098235de539f61f6c1adae7c7f3e8	800cdc5daeb7fe646dfe77a2ea05003c113b349a
8c60e03f947ed90fb9c2a9d50cf587c884dc5004	f67d5cb4e1595fc822c0695b8220fb27a7b3e965
4ed4026a426cb02ea9610776ef8f6c157c4cf9a4	865d12c07f3ffc4df7437efbe11144528f43960e
75232ba6d1c0484e9f6534e17f4f3d728448b865	c3461aad049d6ffb81058fa661416568140a72b9
2b575d821efdfd0e2aec6bebc38378ec05136253	7a304d2745817e22549b30abfe84397a07a8066c
6a737cd16a53ae9f7a241c3079f6acc5a0646524	9c44cb5135924b5654f26e57067f18e1d0428fde
49dd5dd96275f79ee9bf835affe2e2835d9e7cc8	b57d505be1955a48fee087af589dd63038fe83f1
a14b5e0fdfa63ae392c7bd1f8b0bd486e482e862	5ac0a214f5bc9f9ee26b027cc240548fe4c6e6c4
2e10a551c9fdb599c637147997343492578f66d7	bd7770373b24696d6aa9b1a3f9698b317bff5102
0cbba5c8c4197dc6326d1ac93371982c54083077	8219d2d297891a44a6a9b2150bf307106e61575c
50bc7473195436e48ed63097f42d08378965e601	90e740c9f87c264e62d1936db1dcdb460161b51b
526c23842de67ec73920cd0a049508e409a88ea9	c31ce65113719390ca17e4f09ed55b818e6f3314
21eac3c9a87aacaa3109de7b52d87255819de321	0ace2d9ae6e93ebf11abb5f41041f015b255bbe0
b87f3bbbf2cd422170d85f44276608c46b8a696f	b8e255278ed4512504a3e00252af29e4cd842855
33293c7004066442590ec255492580176a48f30a	d22ca568cd8815a2ecb82a20eb64045de408f364
bde0d25b6c0bb3f064deba53c2a4a86904a8c724	e9782feee3fd9842066f41dade96be7f0f82b06b
1343b1cb6e0065b96aaa2c8b066e3d3504be63d0	f8a4ca67c918368d13eb7bafe25d38e777d94565
fba027cf6d987dcf5e26dcc7b229101344883d2c	c31bdd2b20ea76620e391093fd4edc36c2e5e8c1
0959064756f2613a72b928031163be1b60d85c9a	dfadd85245060b340af1305953f2e295af2023c8
b454032cadd0ad3bc97264c280559b80e4e69e8a	efa06b4b473e1d35732bd50a1ca512c240004fc2
0e6f5e4460edc7bcaeaa4dc9c0e7d3c7362aa205	48fdde7a508092b1b86503950e25850034fa0ed1
3b3fc00f8cefdcba528d1afb2eca7adde4c24313	0f36e77a4e97da2d8482207b4e893c4527d37848
41d4e39f9a583d74ce97059172cc53f0a60b4d7d	a401a7d4102b05f3b7fdbf0b3cee4624c201da9d
6c26385b873a03d80565321cfa0274daef773856	d99178987477ea0b17d5ef4d8ebe7f191f9e2e2d
e0f2c9aa53e64ad3487b70da9693fc847b09815f	0d6d4b5827069fc4c9d483057496e296c2f80896
185e26ca808e85c6719a9603746cebda683c522f	95b66148c729f8007eebe12491c114ba8bbf48ea
2498f473f5a2ff94cf29d769e1fc63dc1b94c927	a2e7370b3342c03fb3a148f7c1898c882b7ceb2c
7a82503099a26aefcd545f0cad01e787239ab3fa	d9be69218df3eded7630e7c5a7a7f831bd47fc20
d01ceec643506d1342961f2c7b764a0db23ef9e5	1e23eae4c8649467ec2fa24d0fa39303f51d5555
f77f3f2e6fa5fb9844905efda99ab8382cf37f86	e1eb8207a4aaeda5117d8964c2dfa22a92f6edec
7976011965263e7e9c5f99dc3f02e14feac61390	3a44acbb1d1855cc5ee1faf85565179126b0b3f6
dd6ed45929cd440dd13873bc1fe09b5c97322da8	189ed5d29adad39469b2664fcd6b15a38bcc4dd2
9ee6454c78c504e44bf4ea2dfa0f030456c19d81	e9914173d49d4dc200dbb17cdb610270006502a0
3a6f400c60588b93d24fac2a66bf9e16ffd9ceab	c19940562c6d174fe8ea7bb14872acd1430c38d4
d6f6c5183f6d5ce95f92569e74c9fd6e62cd1d12	e7dd416a4416c29a83f9d2123f771bbde5c559da
ced7655338a98fb298a1e04e083f9ae1b70f60e0	4b247a1bb63f22ff8328ed2a73cbf549513f180b
3f5de287d361f605ce125b1f720ab98047110bb4	6e0d2058e792b41aaae420fc3ae31bc9780d5252
d14f2eac11936dcc4b3736d069e85b8c1af1e70e	db47ada0a7a97b63b4f6f0a734ad30de0389541d
b5655b9761788a0e32a1ca203ce8abdf9724e223	7400a05475cbe571b1e80a77d2378e8382b4ba04
69fb95ace0b89c3ed32e1de421c75152bd82ae81	a534fbfc59f4c13cdadc0000eea260a12bc00cdd
13f1e49b6f3e878bb00b9672d82cf0d4b07b0872	4ff559bda31bdcaea1eae4340eb03a4a8f4d7b8c
9d707953678423b9752c84c6a421e4fbb7054bf3	2ffedf6c38fa32c2079b27ae296df907b67fa814
ad9dd54da53dca9e63aa2d2d3aedaad5b02f4071	158248dfdad3702762556f8bd19d1c8a869c024e
2d22b8e4023727f2e389c66cbf3d70e4821bedf6	4f07870404db99562e9d6445402c6b4066418236
4307aa7cccd49513bf105d00360168904cc0f7b4	58b1d9eba15db0fe41877a4fc0943795cfcdc3c6
50728b9c9153f3c769ca91ff19550abb54be0d1a	304b73743a547049650dbd661a3e04940f1f1ba6
95997cf14f2e7c0159b66e0984c701475e8f0f79	ec6bb5e025cc92afc32d01538f8288f3143eb993
5428e8fb61bcb27e626250b8f8ee341ce49ffa7d	e1c8cc35ab36444d40fe738c6aed3708769fa024
74627890effddf9f9bd2e36fb876b97ae6b77432	42da89603385801cb8e02972af32d6285e1196a8
fedb09506769d31d5e55d4b12df6f904ef0c172d	6b98d372e2d0ddd36cced946cf670b0902ee4c42
aa14b936c5c569c14cf1138ec94bdbf10d517035	46c7bc34372691fe33477c84ce96e54eef6ab433
a2c5f8ed652ace583d7697e608cd773f6b15b869	700c691a1151af1aaa05acba4e192d15df9f0d66
e1bffd9f6edfdaa3ed35ceca6c7135cdbca83727	95c2eaa3908328a2a6e4f269678559a28fa36f0b
5726bc846acbf547e2e26db5076b29c24cbd60aa	10e2ee0b6bef88800a2750c83a60814c4e66df4f
2738dd1ab6e70dd941cdebbab3f044c13f180607	bf5976fdfaf9dd99459312516d3df7de5825c5cb
0e58d71521d2d81216a8e2e3cdbf6c6e5d8697f7	48da32819c3453c022eb4da9a6eccf055527e7f9
ff36c78e512990b08d07ae6f86b583d4536cae01	42fd21305f1c0541710f1b5392b50d5c64ad817f
f9c84000a64c233f6944823c616e1816afa54487	3216cdc4bfbbffd99fd3e022de5b8f1f91e0b1ed
c796ba8107f125065f54fce11df2de1360f85153	efea6c47b3e7e5f97250c74ea8f68433845892d2
d2d7f86785689725349f778e03405cf087fb09b2	24512059414b11eb89d62938805f6db12a8b09fc
936f99051d0c71afd471f4ad3196c85fa3e5248e	5dce979a7e884eb8119788b757dbbaee3c3da69d
eeb52f3fa74e50918a6e71650fed4d94759a4e3e	01189f91a7589c942ece4612a87b5f75e88f73c0
7431dddf218b6dc17c9bdff947c4ff3fc2b8850c	becd9244c74d80f3d68153cf7a28f9c1e5e95f04
80e8faa2ed658757acad96aab4abd2a5205beab8	11dde19bcbbd4345bb051e8f9444fefafde3cd2c
a156d8eb5743ec4dfd896f0625734951f2af355d	c854578bbd94e28c36184c4653c07d742dc5d0d1
50dd10e00d4dadec2bd2f60054f6e3cabee21993	598c353f313ef6c7e9e610f3122abe13d9b220e9
711a696fbd8fb53c8678fd78a5a5d0fdf7f4d44d	fcb5632938df5eba4f77bf12250d217f8c9386ab
165127e72e94f70b9439bb09b3b28578413da5bd	5f77a89f26fdadcf4ed3bda123997a4e023e9d66
d08e469b084ce62a426261a42526ef5b10d89b55	a7410ba8ab37b303405329d6573467980f39238f
70dade0068907aba93c50f78786cb2a68a0338e9	8e9f42861d6e6f4609abb4dcbf4815a36756936e
d802cf9b8a1fa044d61f110bfb92c5a6682297e0	10f307cad5d14867d886103935fb8effb4929124
4684ff45e81c5ba946b4b0923fad6a72d7f7a7ac	9b06b892a2491e399b9e52de37f819edfaec5a40
661d4bf16e2f54929777399c0b257ca3996dba89	a60be70f1e726073b9af5b24185aae41e089e70c
edc36d3e8d6b9948afebde63549975c3246777d4	6984812ee8c8f595ad208e8f0c482daed4fe2ba3
6c3083c527a71d96d0a080143f73f592aee79e58	014464280162cf11c0565e98fb126dcf301af3d8
4314947d92e8bfe12beb78d4801aa02ae39f0673	1471f55592976ad8df15e4554feff6038c2f8a57
fd93f7ff38af3a64031aa3dd29aa4ccc644f8707	02e7cd6f75be31e5381c34b7f0dfe033d51b6783
f32f6c26dd86e305c6c66c8510460dac963e3ed1	6dd729125f9d9a32b58df62cb0ce096101ae7ba5
ec856af77a49df830a5268e92e541ae34c1a4ca3	d950b30712691ef8cbb41aaad34f1f0db9661322
77dd750473d40467ac6b14b3ad4382e789d8ebe2	6f3145bb601c3d95fc07c15440c60a6e2bd0a3e0
4b722aaa2471d93c686d808ff75988604f71fa8f	0bc52d2261d79d5c9af1182eb2520bce4d713885
47047d6fa0148d921961a4b477646d71c6d1607f	8249b12cc69323b5f71c5e54dd74917aefb3ab47
e8875cad3582e0bb980cc320e220e8454769bdaf	533b2786db7fd39602192f0a9e291fa78612d8e2
49f4b7175408f3b549952e2bb32545ba26defcdf	42c7d091eb07c0ee4d7b0c7a2a0b47411d3ac7b3
dcff8734f4d25e8cbd1e1540d64708c0151f19c5	85b4fac695a9c8cfa1ba9992dfe864885ac66519
97000f26953e73a5848a89d7ef3a926467e7350b	701d446f55ee24200e2f398257592c0da9ebf134
086bbc81bd62ceeeb57c58f7d49bdd978a426c7a	9ac47f9b3d8c40bdb5671b87dc8ee4a1eeb60ff2
0f875a1f018917fc9f3e47fe83b690d8a41c1623	61b980668cbcdc4d47738dbfebeee74217d05da6
7c9ea9a1fafd1fcf52a813f1589b84da4da74772	4cfa6f654544ade04524bfe51ceaf2bd99e3beae
afb3ceec5870bd6870c8f7031259b0385a9bd12f	fe2260d8ac23a69ed99381da4be926e4a8f4dd77
33db1b504a0448f53f26dfcc96a2b6f10b758478	c2c2feed6d6726366174f60bee210f88111957ab
26cfbef822fe95351078268efd64734ec4673d85	24149bd2f7ff1f871200898d37ff189e9f1fa5b1
bacb5441e7183ba56040e24f07251deb3270b97b	b2ef73f5e3144fc111e6caf765282ff43da5a4ac
04b6ab5e623df92fe7c696135dd624b1fb59a20b	287a8e579e5f67d560d86545e44c427dbd49d26f
4e96ee22c5e890e145d9b58bccf4796f5415f557	18f68b8c573eb8d2b741379f34e93b044f03f43d
11a2842ed3c0820c6ffe2e5403074bbd8214bc7e	d4e9067023d41a3eecdf7ca2b6d8903250e31f67
7d02f7679599f225139c5a44894457d4ec3b759b	e21a4abedc759981ee33fde8f134dacd011c97c2
5933abb6932d64157c1bb55a25c5961dc3d79474	2baf7cd304ba6e8b4ce7a0ddb4638031a5ebd085
e474790577c7e5062a3471d360b69fbdf360ff3f	fa859abf5935937fbcd2b490961c9711a5e13420
2f8af475fe7d8eb83cb0414fabf24f4d80bf1ff5	c873919140b1d9b8c02e1c102451b20c3bccf89c
2cabf389bb6c160970e79a88b54df640f46692fa	fba72e45fecf1e6861a1eaddecb8da98de606efa
a2f28328e3be91d683a1f4e383655a1968143ae8	f3449bd7c418a2343598df223819338d14b07211
8e2b6df879efb7f05afe4fcdfd70ae9980c68173	1b746b92c19b96dbc83e10857187b93a62793410
e5e2837b79285b3b56a1ae9f423f397873f56c89	21978e1543df575ff87fd1896793981816fda25f
fee4d622481e7501c89a33f2d33671e31d0ee32f	014fad79518a4030f5bda371cd3a16fefbc02ef9
41964b5cdeb029c869ecfe05e57a62df2011d0ea	7b9ddfa2644831091c6b810c7736ba403cb606b0
920c24ebb16f7b455dfa2897d9db5fb2d74315ef	83f9d5a52323c08f68dd419c41933f2d586c16d3
14eb2c5513ea0e9fa9ee02e45bfae28083535bd8	18e80c3b06ba573476df313464efaccee7f1f664
d1db0e47f40bb0c083a6cd2c9e41ab665dac038e	cd6c9f3a47e3eb90c3d7b0171e13656b4f3d79ec
e4bb5e358fd61cd83e82ddcc4a9077f141f1d835	58a92729826021ca8e933c42fd56492af9657481
97b5249269baf2af9049960448ef3fb1836b49f5	3712b38a0873c84da3e1ca95e783fb6b61de8f2b
c90678cc7f70af368a53b385925eecb355bbc19e	18a52c3a20be119616fe221940f0aced46625237
15c9a652afde3224f681697437b2c865d2892ae2	5f9c8710fe6d8a5f0ca16f73d1be5700bda002af
6e1f55113a44ee0972d23a20ff1a173f485c21fa	05d7a920b083bc46e4d6ca758a3a286971383f11
9680555012378b6e5a83553f6d09cb67005eea2d	39d63ec977ddeb8f62d7d72de250543ca55f4564
9579edfb918a97182f59ed0b4096e9d11d8a328a	0c9a87b68ef95c15ab717c419d1b80ff1f8c1025
8746a17a7b3d7acec6d3078ace4a0f029e7f908a	aad55bd6830cc6b240128dbe472d8a47bca0a4b5
26d2a97ab1ad647d5a97ff9fe7f4310c70a2e814	1ac1a3bc3c86a58f284c58951423227cb776d765
32b2d463e5f6fd21570db874bc4945b5ca11c35c	977103e7c865cf4e3a39eeb9ef53e7f6b91adbe8
eac228768d8627e6a5a8fcf18de8c8bac41b0425	d0390f6949d4788c227bdb2e1c09afffc8b207fc
96a45c2b5f63718737c549e642cabe3ca0809ab8	1e17d26fd5db63fd12d6b9c7f4a46b85e1114b5d
f9696dfd24a20c24f87a25e62885173f4192a647	2a1d7a044b6f7d20ba41fffd030490b2e9aca167
4d72e0f68c5f70997ab3cf93ced074e900372266	f35769d39c2d7b686a17cd0e7b54deefc60e8033
bdf2be2744fdcf73e86771a3464cac9b951f22ed	de2e591a01ac0719fe6088a2969b2526b9208cbd
92e7497653963960ed06eec6bb9c9bfe0be5498a	ac3430bedb065ba75616a24a89bfec55bd1ca3a6
02ae27e928ef3d5defe2aa163de7ef94f23a985b	9651e19216e517129a6773b4fab53bc1e2f4d9cd
f5b7069b77df16842b39a86d0dff03d924840c90	1a16fcbd3a9f8cfefda28a2b7d360f74c9f7349d
be25d367a3289185bb314961b92db045688f1393	613c350058d520d77a044cd9dcec11ba86147349
6d88d166f2186d2815a24eff6dcca080c8d82d2a	0b734aca5516e53e813a50144d4532dd3bd2d3f6
d9e30ff6264c2c5f24dc741b808a1d89464ded38	fe3e45ff85c727db58ff3f9611449ff56b7b1193
b270bb3fc79367fad2ac8edbde0a08a7cae86fd6	3a33b760f2bca5bb1ec341e5aa54ac5d9a1e2a09
3ee93b2284760e5cd5d37c148eeefa520f209350	25c7b2324cfba2ed586057ca63c4b7a5055f2fc2
dc5bfeb17707a13338a566439903ba66a1fb956f	20672576adfe666761d91877bfd02eb2cf1b9a2f
7f76013c95812d7521effe76034fa6fff3df5c0f	c14c9fe6bc1982e9dd582eec4b8eae91634bf24d
967bacaefd14193aa594c95109135ff9fcb66e31	d2068fb40bf73da04c1b88701219a3fce2d3784f
95713b890cd3c70f10a7063a9953f388f9af823a	179f676505fa13da014c2b257330a6123bcfb7bd
1d5b70dc22d55e1987c62f9a4b3837f58064efdc	639f52c604b4e0c57801e63aa321a4508c603fbf
a796af98a90cd9fcecbe98aa05428279dfa284f1	1caaf03ba69da835240686ecf76de29c4f7b3e3f
82238e02a9d1195d223b8d745085ad1f1c48282d	236d112ad138407616c79f07694e4c1292e68640
f60b042d4edce421766be985763d429eb829b5b9	40396a18df124fc9f19c9f2e8fc1069dd14224ee
efdc182867c451e64aa8d12ae354decd5567184e	72c44c7f03111f4ac410a0dc68f72ba7d3714377
3fbd2bbfaece5f50971cffc0ba7c77b00845013f	4446815b4b0ef2d5876fdb5d98324c5b18922575
174dba697b72ce35165be9eee2aa725128fdcf77	e1b49f69422a0e64c72fe02e147721795f2d162a
702eb7b40eedd7f9176a274a463c905368b1bb85	3d41e3407045998d974264df3877e0a78dad5394
1ee9b518faf134a99f7a089622f8d8bb593859d0	e46d84bea71f168e2bc3d3952da9865944f8b89b
b9670f9a3c4947d7bd2c18fb515d0dd11a67a0b6	a94cdc605813a78d4fd6978fee03043c6de0089a
4e4a158ad450123209ee2909b9009403ddb514e9	89a28455b73c567c7d85c3ef7a4c271d2e5971b3
d267be5bfcc477f39b4f1ae5b108a148cd7303be	d3e60e3858010758200f5b81faf10052139989a6
6e765f54271b0e4f8a618e3ac8646c816b768745	7054e701b9943454bea1ebd0d46d6b38476e5f40
d493b01314a200bdaccb17bca2acbfcca27023f1	5b2587a13381eab05858743279a063e9a6387c65
053d8a2c80d02fe848d1233e2eeb7812a4e635be	09502a741fc33285dec3c3210774abe40d47f291
c79f551928846be3c24457e54dadf665c014a459	64ba650f3058c985cf5112b008b8c2a1900589be
8e70500e509dbd10f20488798bc67af707ce61f1	219922b419c616c11e21183e0b48213bdf2c4bbc
bad6b54c0d24a4c780341375c3127263b6b41498	2cccda18ef1518a666edcd0eec0c0bc91fb3d2d2
a6d0b5b2d6b7f05ede9d30b2d2baaeba913e9dcf	8ee3148d61f39996051772d1f0c21f62ecbe9a66
7a24427358d9b5f385a804d5410bf6273cba2055	571f551ddd5460fb5c3af6e2578d03f90ac236d7
6e9da02ee980c82f2533774e941ab82decbc2d3d	418151016a68583a965e1e1fc1ed56c2429b6908
b65d3f603e96d279c8c4d8de42d80ef05eea8b8c	f23169f795c19cbb9b6e1f491827d3bdcf1a3362
5464e4efa24f84aaf118a15e364b39c1204900aa	a58cda13718dbf613d7c13d3e1d0b91c6bb6d863
452e33ea4d2e870643606e7c7c00e4650474a6be	39ff84147790d415ecc06abe6ee3aca58d805845
5d51d25fa5056dc1bb743544a6dce5b91f10cfc9	7fb4db5ae1bb99d506245ca3c1aa3d40c997566e
86af4557bc1fcff7bce043aaac9d35d68dd90d6f	31c3f7b97e7b764152b266e619270963c65bacc3
683a9ef9219b2a08a2efdec26b77493def43a269	647143502bb79d99b00534fbb25a3678b7f34280
6b2dfb3e9834371cd61acc0fc4fd20554daa96a7	a11f74c8d9a38fa989e045cf18098c295301042b
b1e0fa77356b118eaab5af2dfb64da03eaf20b64	05f287de0057de0ef59af2896b5e011dfca3a626
9a1a30d072ca6dbcca3879607f1fec44be0b1d8f	98109a733a6b971651da37f655a18a413ff0d255
7f8e951c5b4c2ed43e9bde970a1734e6a7da79c5	2a062a0f55fcce144539feb6fc8ca76f8393c3ae
f8125cd8d720f1c563a35857a67581be43d08702	1a322ac62597ada1bf100839a4f4ed2d38db043a
762b6f9e016104672fa9d4c8c35ac3d0063c55a6	aa3955b2b7c07d74f545c82f19d12254cc2d8232
fbc383bf7de3f534fc18e9779e582a406f099046	080cfb4929a6a10ff615b38e7a85481fe92f6260
241b93316b7d242eb5e0ff0699b4356523e7da1f	d844fb62d640e7a2d74a27e01568cf43fe5c9eda
c12cab145245dff087ed8ecffe69be0072ea5eac	13be9bd485516e5020a28b5cb71dec3a566741cc
015f3517460efec2691107f839ab8781708c69bf	44942a5e1f3206cb23734326edf6378b38656a75
b01b87f81a6ad261b382f3e728ae9798de71bf14	b5c68fb0eb603c5dee478731eeb7406152c98156
6fed290ae2fa3c81a941a57961d74819e812772c	d901241a98f1c26cb2f73f5cefaee25e852675ba
716fadb4cf0415bd6059ee35673dbf58ae7a6b14	5fdc7c75891bc45c9347a94c7c27452ec6b71df9
8effc6e322a56ba7c0481abd1c40927b071ce1d4	ff297bf36367cfdf9ebf19329bf41e9de902c8da
4bc429271beca22e6862118e9ed40dbdd8767b53	637cbaf672263f92fdc8e0e7c9e96b9523c6a601
8976b7a799944f435e98c4ea854b24cd4f128b43	3293d91b180aff0b63676e832c055994b58e1ff4
cb00a94e8ab9c0a89c9b06584d8209991332270f	a146ae4cf03b4da1a0bf356c987fbdeeee374617
6b8783370d4b1f537c986639f3abbe1e79db6b36	fe278ddaad82cf0c93f2c52e5f2464392a60dd75
93dbd292ce3cc5bd4f733a0746575d6ebd447a38	23b5423468be91b9566930ddda03da588f1e24d6
f3a2b1b3de477b48f18808fd06285c880186b6e4	9094bee2157f7267466891b85c53c255dca6ddda
979474fc3129d9c9299dc81686f0b1258185dfb8	d6e3f8beb1ab09565a703530b58bbdab2d0583fa
cf93f3b75d5a29b63754d6b7a76cd3f5517d267c	9abcf55d0aea016f0f0c01d87835f1bd07e0d4c3
934edeb2135dd526ea5471984b26f1248c7e694c	322cce9149057fed59bfbc4a9b57b95c7e787566
75ad62e45eb4eb878079ba1b62a5fc8d6f2fa293	e51cc76d4c2cf77366e47d4ab8fcabdec14b4b3b
5bf07958362bd0c8c6c1b7df0cb263002c9e41b7	352c31616e78a8a3878f2ea6ce022bd4af17c8e6
54c0801f155ed9b55bb13412ab4ba599a95ac437	942e7600f856c9ba6046afe0f03edd0f55e39cb3
4487f8f5c6832b8587affce57da373666bdd399b	1272e581e94e7e7f38d0c3aab91bed2c8feb45e8
511e052d13a6412910d9374a42569f0d800587a9	1d77cbb344404ed7d1cae0aa7333b0b61f9f95ba
eb16438ac52433a962d97eadd484e0baa6162cb5	b2706009050fdd2899858b5cd32c3d90995f29db
8c792b08084dfd08fac225ffbe9f1e9efa333889	9978832b425be1d39bcd9ac42504e82fd8feddc0
62defac4be73eaba543b7284440ae3e6b194eceb	1f6dfb89b91d490adb89a6b197139a7831fce1b1
9c29cffbe684df2516fb6e01beb840afc4985130	709845e1118b129099adcc89436c029ebafd7959
dc5cda40c316d71035cc070814712f5e39e74ab4	9ec252e45c3933c187efe4a956972c81ddb74f35
aac294c9323564ded08c10e051688604511ce1c4	3d588d381ee64d8334447be924f841da65567ed7
8c25dc9c61773d1e65d3f27e6aebac8548f943c6	8033b3bf7100858bf452b57c8b9b3b9218ea7c1e
4e20de58bb735db220e924d88edf9c22351f8209	fe51d244b4214fa924068d9981c60c4ae5c66b09
7340422a99ab70a637ea6621bb89ad26191615c2	06104322c2b8bb39c3e1f69d9aa83f3358e17762
300dd88992ddf3c34ceb503fca397aac5c62ba66	e63cb37aa887bf5b51decd570bf43a30aa9d9160
c5d21287bbe7d10ec1f02798a95f142a9488583f	d84743bcabe762c325ec324eabb738b4e222f13e
63b336a2fc7693148c70b4770d58cf0955cc6fe2	03e9dadfbcb24662dee1cac8feae2dfabb98409c
bef79c6f936218bb940de1431d76b3a5a83b799c	1f3d34f80d2f59adcf9f5dcc2ab265712a0d84c5
4d96dce52ef3266f356537cfe947a189d75e0642	7da15360b83eed6ecb5fee8bb07b7e02ae2010a8
63d6dfd987136d610966da809843741a1acccaac	fe75d2764304ece75892dff3717cd80b9a29fe3a
9b16faf5107dccced26837bd66dd3e9b0a9ab2e5	db7e8379fad6e6db6b2b84585273503612fc2048
53427f4bb8274bc191fc80f72b1ebf466fa83b7c	9066d19db35aaea997e13724c9138f135cfd26bc
fa379f0c4570926401e403b05e675755afd9ebb3	3080646c2719d08e61e07bbccf033bf272cbebab
91e5e61c79b2465f0107686b6e5faf5e35aa7ae9	f88afa998db757c240fd4ce127e5606c4966a62a
291cffd4db2a2eaaee37cc35ca646e402941af98	a1080fca501e4deae9ba3b439f5bbf1e12a1fe33
ea10e6064627c3c7c112cb4c76358b3345158661	eee235f40865a9616e83c4539167ab91f02d1538
dfef94acf25b6abdcd4effedb75231a0a14da909	2f0d9c273a9a10ee07da74eda6d8c03523695e71
ae25c21bd4826311579ef03fec22e290d323579b	13d16efa3cc20c5e7aedf44f8936327d8ece8fe7
cef56dcae4f9ab718fddcc7fdd4e436274791b7b	620dda39d9cb91ed984e94daec97aa3a4d879b34
519f58052c570d9f2b2d568a838e2f41924cce1e	d42b9c6db1758c87b708d76c218932938defcd27
ced7bc21bb20af0bdbe123a04b1bada8ae772d18	a0172f2eb0b3d3e93d8a70a4b609630866959e68
193bbe35d94f7c68afa4bd9d35cf513c9c0563c4	1dc87e17581dd3fbcf79fd69d2cc10cd66c2eda9
6da0c86d28656119d939eb8bb7548d9f94161124	241f7f0ef9846706ee598341c5fcac7831fb9843
3bceaae172d12c2575ce6c9e708e8db7c4e90fcd	f9be87ea4d9faca3db9975922de6ef415c61c4be
a5efbc884b7af94ecfc8336aa36721028e771635	d0755000e431e23bac975ab3a1d549c40e8e34b8
f479e0a929a918aeca802367ba36eee4edc8f44d	48a9c9eb2317cf82c0f4a7b1e5c329e388a23bdf
ac870000d9dc6b32e9eefb558db00b0a7c9e2c53	61e9260f77c9a6a56c85bc140bb297bf45e508da
60747fb304208bce632ac425237fcb0e02b327ce	976475aea4b17c413a0af6b348060a7184441a63
389b2edd99c08d8034814d9fc20740a3a6509550	ee1a445ee64adbf73ea7933d7092e8a8aeca8ecb
23f8c7bd549db9d6cd04f59930ca87c65482359b	1bb2c2b8f63434aae52ad8dc75869a4803f1af14
c3735251e1a60dc1fbf143d7cf802ad02f8359d5	464c8256c78ec75e5a36d05af80757d619c18933
ebcd2aaa843e4d76d0d62fc6977729b13a1b9af4	c125698d8232fb447b4252331a17528c66b5d076
947a0fa6294e4a9716f2053eddf5bdd1a05fe592	ca7f86c085d35b3bcb392027a1f25fe591d94e81
1c53b0f0237c2b074c00b8f4007664d3a5055729	c47200743f250172000aa9db2854704938a4e4af
be03a804ab02423f0341bb7ff8a932eeeb58479a	0c250d8205667422e21cd1f52820b094b3ed10a0
7fc2e24a34b37bb08d289871472e64ea5c77c2b7	c5ac12d08b1cb168ec852483b1f997a1e93ceedd
4d65d81732b854341c9b3bb702c2cf8b640876a4	c32f24aa27e842a56fbac9b2236bc1bd1fa4724a
c5e4761412968b78a8d406df00127f22ba315f9b	32580fa063ac39e88475eefca0669d11a77b66e0
346014444bdb11a0e9026a62437684d281afae95	d0b15cbf051af858e2db1adf6f3e9f183dcb5269
690e7575df57861ee897104b73aaa92960465ec4	1eeb17d96d4621a65bb600537d613645896906ae
5d187f9cd0df742770716188faa7e0f7b00469fc	b7f792222e1445cd5f235ce3b1f990b3147ac870
b5e556468956b0d648d0309b02646b39db981a46	b3300247b14e4b42402d9e5443a7172f78b5de13
04c515f077cb9425506df624bbeaa0d53ba5e615	4b4826a75f3a38a0e241b8a95472b28024bd4cfc
0fd9f1a094330d047692184d3a15d7d84ff3f027	27f50fdf1434ea86d5aed9ee2d0491a5dcd97098
47bd99b1931949b64862a7900c58d6ccd167a68b	9462bb501d30e2ca40275b1ff5ca51ee10a5190b
62c2e1254b404f066e44899f17d6dec7331f1e15	f2d527194730d70456176410a503a07211fd9909
e06c9e189e3392de553620e1114bc5421713adf3	6ebcf3ce7fff76d750a86cae76f4423f4a54d8dd
cbc52619ba1f33249dc83769704c579b2cb8dabc	ef524d95f44f57df16827513fdc99798b9526bc9
36ceac3867a5a3552460b52f2bb159a3855b4eb8	63ee5df95d91b139c63e2499c503024f728cc63f
c212c8a7e2f61d354075449d4eff1a16bbf0e70c	e35804246ffe651fdf25f8e3b93c2a777cd2605d
4d43fafeef4670cf86f672cb0fb500681b9c2b4e	9a0af5cde7705272327ae06c969636ffb4657325
affbd211fd1ae89ab5cb51a17fd71499aac9848d	fe37a79a671671cbd4999cfb2ba8090016f4d0bd
1b5240578812e2293c35219f5b8b6ed9a406d48b	3a43a0d0496c1f981c585ec7cd729f894b099cbf
215a6a426e43e7c5e51584e9deab4dccda1bf196	15cb5cb1e5e3fe3815b4b43fdb30fff1188464ea
526983c911fa6d8286e8a1026ba347650bcbdb8b	a9987d6770348ca7be52c5a1b08f8052eee0ab5b
ba35a999b445007cc0ff822647f49b8032bf84b6	f9bc3f1dfff4796315c7618ac35437ad51115753
30d63026469e22adedd6b9809149a6b4dd96ea01	c79eecb04378e443194640421d7fda795854e29b
3133afbe7a901a5335ba678b627f0f1c806d4991	d3e452501090cc78bc80e573853ad92c558f5551
ab0f06e4388192db79c51e3f912efc3367580f4d	76fd4ec3279b7c2b1c4c142a9aabb6b69294a881
75410e8074282fedcca1947c0f01d6d6a5a861c3	39f572c577bf122e70f27e36aeba173d662438b2
24f0a7545218356b416aed0ab750292b49aa719c	d63cb3b8deb85ccf7f40c1b272202d70fc422de6
d6221a70147ab673d3551a72613abfceacd7240a	37c2836ea8582e99e23efae9289d2585aa1894c1
5eebceceee8e98fedc529f8ec150f8c014b3fdb0	7ed9783fc554a97d6c541cbdb13a96e88853a40c
dabd67533dd5e8dbf0c8616b1615f56d9f07d94d	dd96052cb1e7bc25f79b078f3c23619f39644114
ccbfda7e30e0fb3a16d455d8287ce26b99b7d3bb	a2123f4c285fb371fa53e1e028d43967e1e0cb2d
6608cdb57afaa267e206c51aa48d0c03ed739224	de956435d72baf6327ca1335529f070b9bea6a2b
e1e200560c31d0b74a787774db3cf3dc3ddb17d6	e96d7a8a95291804464bd517a7d51b1aaeb1e6eb
a74ae7b5730014f670f84521925c06bb71d373ef	9c74bf5f334eaff2b7299000d377370d20592ed4
20af731596a59c196ac95bfd82318f5f6b48a564	6642c8f48464bccb3134e149f35463c6b8905a34
b0508d13ad94d020a18aa34f6f4ebb3d80a91831	57da27368fd27fc0870966b432e72aad711e254a
1d28c70724156b8e8aef29d81e686fc116d144c8	081d2cf625852cb4d8275822c6195683ea6517af
757f624141645006e6b6d2b86c93bdf6c1736e1a	051eb4b4d3fc69116bf006bb697ff0bac67ece0d
bbae69f4aea21e52e0ea804ed365c8628600a967	fb8cceb24b25c6f23a76ddd3a3a44df513633bd6
53c2374026806e1fecfc565886dc0d6122165e90	e76a1fd154bbae7e77304e6ca8181b45c77a525b
7cc34e65d9bd10b9f9468181bc67de31b4008932	4d8d6eb243194b89777b2b5d5d5d5bc2a2ae167f
9e9c74bf647a19aa276b74f1982f21d45ce631e2	3b9797e400b7ab7d375272b6b01db3728ed814c8
6bfcf3734b1d9f312e846c5a891ca2e9dd5d9b48	6c3e169e55698c2777ad6270c7db788bf13ecdcc
77b2261fb374a17f6c8566a34ab11295392956a8	ac8246ba78597ef8f91476a04e8f5943539106a0
dbcbefc142e92f08f2be1852435887c3f1c2fe5a	8ed3bf7b516e0265a19d617fe6e57d35f103a77f
b4acd25c298adfedb2af121fea2f1ff7f28d5040	7c5c0a47780e40d96975ab2ceef84a8f0dfe6a0b
5355d74b8c0a9cf4605cbcf63ad14aaf92eec7d2	aa0eb65246729f10735a2606fa32c7e45e03e6f6
11b639615b525d78a4d06b4547d77be489fbaede	94866ac5c1a138e51c3d11e1370904c45f9bf3ed
55d393153e7943d631532b746af14586eef2e99c	d3094d05c407724e72949f3e933c797862b66e8e
4d50c66db27a23d24f3ebe88f7c7f386db2fbe36	8c6b7615131fbfaee5b84718870e36d632e7e857
27c648bf529b175d7c985a065e34df20db059c23	68f2897be6510e4da5963a9c4e12638a8ee6c824
88d7f4fbe1d0bcc88dc6c13940ab1bc42728cf73	4a4aecdfdedf6c6c0d0d1376d5413a1532333c69
52d6c0f1ca0b95f74b1061ce4e6e813dfaa916e7	bd587aacd3a6733f08ed3011b456e20abfd062cf
515de525315be199001d2c18eb02a7297618bf7e	cd7cb2c2408914a7b69f002a31bb96cb8e394d03
5e58a1a41c9541b4cc201ff4e70cb2ccd47d94fc	ae7ab030961714bd7b3b22debc19c7c542cfa899
aff2fde4c2d5cd16c9e1b4141de55665f2766e96	618226e0541ae658cec7bb4a272dfe5b123023fe
c595ad42a1dd526b6f0a06dd5b46606033636746	6c4b5dcb410224e9b42c8283b111412d69d26f78
2e97fb835b74e249f6c5aa82f1291983c3047dc6	139c72c9b01e6245106f4fb0c6f82d52dd602ec2
46127c773592a08f60e178aa8a3e106c3827c558	c874cd717ecd12a4489088c9d099de87043516e3
c989eb6d0b1345ef5a1e00549ff7445dc8b08f62	3b88cb6566b6363f49ca8aebe8acd87a5b4e0a17
36603000986b5032e819567d4290cdbb8a3a6a35	92498d6298060e63c88a40a0bdffb8db7fce0542
e901b57bef89ee60a954803cbc8381ebf0af1cd4	ad179e35f8fd00ae4c12980a004e38859d51f07d
aa2c76bca00b2e53d9a751b73ea4cdfb5a4ca3e0	f6e7354945d4fdde51a9acaf12becf2600075f58
e8d37136282c1cd01e1870823d21b676b34f3ad5	f6e7354945d4fdde51a9acaf12becf2600075f58
382fc1c9348fa3450a95d2a003d263c5488e3a8b	f6e7354945d4fdde51a9acaf12becf2600075f58
d21ca8f52443a733cae6fd8322b324e852bc1e3a	f6e7354945d4fdde51a9acaf12becf2600075f58
bb2a29602b353f47a9a18cb38134d4ba52e167e3	f6e7354945d4fdde51a9acaf12becf2600075f58
bd28ec52128ee624cfaeb7f63cecef7fe8a52abe	1b0f4ff58bdf61d3caca9cfde2a1ea1386e80650
555d912e1c9eebac5da58c44e201db5dff8a942b	1b0f4ff58bdf61d3caca9cfde2a1ea1386e80650
f83e06de35fdff66ca7bf4a3e32a1df809c70b68	1b0f4ff58bdf61d3caca9cfde2a1ea1386e80650
15cb251dd1ef356758db78487589f0d7bd3917d1	1b0f4ff58bdf61d3caca9cfde2a1ea1386e80650
f528d11ad1388a822ab84181f21f05cd148d86fd	1b0f4ff58bdf61d3caca9cfde2a1ea1386e80650
6678ec91463ca5119b1ea869ecfc41edbfa39bd6	1b0f4ff58bdf61d3caca9cfde2a1ea1386e80650
1d63a9b530fa3b7d8029099de73f65ea6cfbb491	1b0f4ff58bdf61d3caca9cfde2a1ea1386e80650
79387e3e4c04df1254cd78a86d1e8cba2d4012a5	e97301104e153bb78e4225ee043348ebe3d40e74
49445ab2c623c5a252d60deec91857e465e75ceb	e97301104e153bb78e4225ee043348ebe3d40e74
f6d5c0948f25c549115c4281deef575725714058	e97301104e153bb78e4225ee043348ebe3d40e74
e42c4d5145b33c2f80261fe252411b65def71405	366fcfe0f327013f25bacb3edf7854a69c41d091
311c1fe8f2752fed33249181611a9b661f255297	366fcfe0f327013f25bacb3edf7854a69c41d091
840f5b4a6d8dcb96c2302485e2b3cc0096e7d979	366fcfe0f327013f25bacb3edf7854a69c41d091
a5ba054fa2ebf8d86a2a2e66231c7d4a51976379	9edd2b657604bcafbbe95fc35113867fd8a2400b
13d2013a6a8095c2dd0a36612d008bc8ec373ef5	9edd2b657604bcafbbe95fc35113867fd8a2400b
b9c2e0708b399225d9dbcf416e6557a3cce679d0	9edd2b657604bcafbbe95fc35113867fd8a2400b
72d1ddcca90ab09befa02a85f83446d47bcb28d0	0d6dcad43c8c98ada6d429809e13fc9eee083cb7
b6ef5a0e61a22392b569307b1744aa81a92c4340	0d6dcad43c8c98ada6d429809e13fc9eee083cb7
cc4b5277d85391748ae64ad52ab24fa2980e9caa	0d6dcad43c8c98ada6d429809e13fc9eee083cb7
ca67c60d52dcc61b5d8635a519bab421aba80507	0d6dcad43c8c98ada6d429809e13fc9eee083cb7
77c035a4dbda38cf1d61256799e57e37f4b57ff7	0d6dcad43c8c98ada6d429809e13fc9eee083cb7
e40ea322302045a8e622bea4c564eb9b367634a1	0d6dcad43c8c98ada6d429809e13fc9eee083cb7
36960f74c4e7d01a468e9ef0f234e07abda3778d	0d6dcad43c8c98ada6d429809e13fc9eee083cb7
cebed2eaef5ddf5104d657816b7c38cd231e42a3	99f106451b6833d1847b5d656cf2733e8991bb43
9682cb0f65cd543bf9274fe9c622480efc22dfc5	99f106451b6833d1847b5d656cf2733e8991bb43
7f5ba72b30e3e52e928c8b0c0ae7193cb4d938e0	99f106451b6833d1847b5d656cf2733e8991bb43
9dbb13dcf75a363499e9a916783bd04787bea63b	9bef6fc0c8429e415d15e269a3ae31cfd9b10143
4fbbe706c4bbac1f6e57564d752d156f5bd2241b	f2bbf2ef5aab9f7f8abd59ac1c2b9e3fa6493499
0c1ecb552cb270d7419df2306d10468c30c907fa	d0ec5163d8f986059c681584bba5ca46a2d45eb8
37c3259247b2bdb5c372ff75cda13bee6dd66ce8	deda9282bdafcf25afef9ef82b99f51ff3032307
3dae9f9451e4df9009b8c6a017b420789ab145b5	564acdd5f5bb38adb306a6f178961e005e8157af
c304c8eab3539acc1a9540731f07d07c148890df	f86c9b4f89f16cb102ef0849c0b012e287f8fdec
60016db8b933160d1f967ae18d4191ff13065712	3f36a0632b8b463c3e72642ad94bde87be47d2a7
eaa7a6b28644cc33bf04fa920a26a1df9ea40c4f	3f36a0632b8b463c3e72642ad94bde87be47d2a7
cf398e31098d6cef59c25b1e57cd78d0640e3143	3f36a0632b8b463c3e72642ad94bde87be47d2a7
0e7edb02f0b11851ae27cb6015c84cc4f85de399	3f36a0632b8b463c3e72642ad94bde87be47d2a7
5f70fd47c9a05c219a826d2161ed87262f5b2a6e	3f36a0632b8b463c3e72642ad94bde87be47d2a7
c529a0d327f7ea09ebd3230c641f202a6196351a	3f36a0632b8b463c3e72642ad94bde87be47d2a7
151d7e0128d4d7f0f2dcad20a68c7a635cbe61d4	3f36a0632b8b463c3e72642ad94bde87be47d2a7
d17d8548bbe739059d544d4d6886190aab59ee75	3f36a0632b8b463c3e72642ad94bde87be47d2a7
ff4210334fb3d800d50508373edeeefd0bea3e69	3f36a0632b8b463c3e72642ad94bde87be47d2a7
1b38e464bfa0dcde5eb735007b283d7583c65f28	be15f89c43f122ea737fa454338248d53db499fd
c00486792c95407d4cb1017cec33ceb29afcdaf3	a331208a6fdf6a318664a63cdf0d6b3e818e0506
16127c9fadd0cb389c28e4981fdca8aea5083e22	0c98b47f241e8059518d842298b0e7603a17c013
0f263ed1cba4bc98b34ff90befd7ea86ebfb0275	0c98b47f241e8059518d842298b0e7603a17c013
ab7f8bce0ea4e3bffc8fcfdbdc9bbc73e1daa910	0c98b47f241e8059518d842298b0e7603a17c013
fbe9cc4b00e734417191b81921056c72064f7b60	0c98b47f241e8059518d842298b0e7603a17c013
f4ad22343d776da883fde464ec044305aa684bb6	0c98b47f241e8059518d842298b0e7603a17c013
a576daece4a78db1c9c06579e610235fda3f15f3	0c98b47f241e8059518d842298b0e7603a17c013
cb34d9e6f3928284d1b2a028b99cb98ddc0c164a	ad5f7ab1c656759c127f76a003044304c801e003
1fa23064ea00863b0f858dedf47d3fe4fe9bee48	0e7c168577f50e3de78c88aa7c5152544d3a0fe8
756f5f51d3448c57862fbe70986f1169f5255c4f	2779645130b8480f8b2f00c48e195f0a0072c0ea
cd1fefbab675bbbfd868bfd9d545edab2b2c6d73	6fccdf392b52f216fe4cd2555608a70005aa3ca2
9dcbd3cbff4643f64e0380c6cd8c0418a333bf66	b1edbade317c437e8eb08fab4315fba2775492ba
c516c8f73a5a85550610f9a1b432fc79b12dc310	ae3fafe418743278d9239f928d2cf82cebe0443c
76ac38c743939fef364d7cc8862750c46d9d326f	44fe47aadbe2ae5bd6e442e78e537ea5dd5d9931
65cb9b231f3f399ee5c8fde8b6dbea09e6422582	ee9576e0c96695ccfa40b5ad7ad6a69128991b53
6c265951e0cf4bf00613b1e2ae5bc37ac9eea22a	332cc8c6fa68dbf0f8adcad15786c57675806171
b54670599e43c9b7d87bd0e7fee899b353e3abed	7ee8cace97d609ff52cb10bba684d6a5e8237aa2
0789f98c873b704ce012e1f50f65ab6718e45248	94f98424b4822c1834e7abb76a14c00b28d61c7d
346e42e106e564ebf503f37fdcf12d5cf77648e0	3b8de3c6b868f3efcc8a342a7b8075a188abb299
23fbee3b5f77d333256d1f0433a00de3afd6ced4	960c48847b3021124fe813cb6da9a3ec0f6cde9f
da5caa755b04ba2cc2c50be76a1349e7d20172e6	948b77938841146895e2c3920bc4716d9d4ae9bc
969a3d94fb48c503d9503c187a362917f184e9d8	cb73ca1a4fdf25ba817fd4bd940ebb904ffc8605
9ad30e0c0d14bb5601c8ae185c97b070e731a329	124f16b936ecf94a71e6a2c740c7b7882c4f0bd6
cac88123ae07bc3278548086074a499ed47dfb70	2b8439a76477df06c43e7bc24eb724d0a5f370b5
6fdfb9e24343b23fa59523775d93f9cd643aba75	1388e56eb830f7476c4f7e52de057227354797f3
05d472d4be5b2c52d198f948a568ac1883c43a02	9d9b1c088a4d5761311bc948619556541d8af8e2
072df7ea549c20f32762d4f3190eb5b478ab64b8	3b43215dc2b6908fdc269b94a6489c512bb85e0d
078d24f1cfd138a525b1408b6133fcb36dc8ac56	2682a6151a507c860082ca02d4c55a30c7e11e68
f61db3a86a626e662e114adf03f3a016f170004e	a2ee235649c1d5084c4577bf1bf2dd8853b487d3
4a7f244e379894678c2cc49ada39fbda44a189fb	33a40db5e260726e83e7acd86877ba89351e25e4
75a77224501734e2efc347cbc3403c058f21f815	8749fafb401090972d6bd59a91299a34f0b9a4f6
28badcf334e508dbe249496c76b778b9589846de	a777d9de8459b60c4c98665b8e95e66b77161182
01773838dafc9d5bbe289488ef2220fcb7740135	a777d9de8459b60c4c98665b8e95e66b77161182
c07bf5fa55fca55b4a5b6334fe4d323068d6f7d0	a777d9de8459b60c4c98665b8e95e66b77161182
bbdf6f394fc3f32f2112e7548c350b5ed48e2551	d5466384361a5262a430623bd8d64a0c21c06765
6eb28e48fb9a8276fd444d10b5cccf35acb6e94d	d5466384361a5262a430623bd8d64a0c21c06765
0a68e1c9c5d7d8b13a8efe63130d29feb366e402	d5466384361a5262a430623bd8d64a0c21c06765
2426342939f348480e8d6bd6ae4a2d9a069d6806	d5466384361a5262a430623bd8d64a0c21c06765
d052da527a42467e14e673f4b640692b9c5ff9a8	d5466384361a5262a430623bd8d64a0c21c06765
b90986824041f559951cb5e355fbe235690ae67f	d5466384361a5262a430623bd8d64a0c21c06765
ad51ae442f208cddbe85270ec4cd1fe1d0908565	d5466384361a5262a430623bd8d64a0c21c06765
6bffda6633f273e1466c6a8cb73a908566d3cb4c	d5466384361a5262a430623bd8d64a0c21c06765
b3291bcf7850af8abb8670c7bb16056a27de38a1	d5466384361a5262a430623bd8d64a0c21c06765
8cf0d2332d9d24917276fef6d5b85735f60d5765	d5466384361a5262a430623bd8d64a0c21c06765
cce2d3d945a696ab2e4cc8025f667af2e5766348	d5466384361a5262a430623bd8d64a0c21c06765
149e849a65ae3291d30c7a6abbe6d74939dab6cf	d5466384361a5262a430623bd8d64a0c21c06765
6326f21f057b84efa692d4b010cb99dce18a6437	d5466384361a5262a430623bd8d64a0c21c06765
67e8f434fae0348de20ca448f23f05fa3c1714d8	d5466384361a5262a430623bd8d64a0c21c06765
6cf2878e1df5f2ddc73cd0a4329709b89accff72	d5466384361a5262a430623bd8d64a0c21c06765
e29938a545339fa3b03fa22b1cce5260ea761959	d5466384361a5262a430623bd8d64a0c21c06765
8cfe15ce0033cc7c7d11b51ed1c508e2ef7b378d	d5466384361a5262a430623bd8d64a0c21c06765
6a9b96afe6ed94defe4e5d35d045d4a32d65534d	d5466384361a5262a430623bd8d64a0c21c06765
f6d7e891ae78999a7e2af5ada5aa7ef5504a24e4	984329049e380eb73775d2c60652ba43bef5e8b6
77dc50e4db46423fa1c925d1133a5b987cbc3b50	7c6a6bc040152302d54ef455b47e82885348d847
da5dce0ff91d1fec76177d91a6918538ef0eeff9	7c6a6bc040152302d54ef455b47e82885348d847
3adcd7577c4ae156625ca3a45aa7d24f06d78afd	7c6a6bc040152302d54ef455b47e82885348d847
ff7e1047206d37e634050f85ba0e03c83de3890d	0990ff6ae292a76835007684c0b064461f07973b
73efd5b25786b1b3e677ebad11f1f8f0c87934e6	0990ff6ae292a76835007684c0b064461f07973b
7298d80418599f0cd50d3850ae7f8c7c22e8d52e	0990ff6ae292a76835007684c0b064461f07973b
27f6181ec2ccd270a6c9f7fa8e89214cad4c1c83	4e19b8e548cffc1880cb04ce422c5d65896c0694
e1c7c240da63c74c0b72aa93b9cc141a617dc132	4e19b8e548cffc1880cb04ce422c5d65896c0694
b0b41248699cb5f41e9564236ee5722dbf25ad5f	4e19b8e548cffc1880cb04ce422c5d65896c0694
5624e8a4e854d84b2d6a5b85340313713396b218	00898e6d68d20bda5e4f0ebe8461dc0ae157a3c2
1c35ebe70e9caef26f667491243517f69d3f8797	30fb73a45bb4465fc72d3edd477f06ace342ec18
6ed519e2ca4159aff51a18e842d1f0d05f2d79fd	aa4cc0c958ab1459027d7229cd4781c5722a2fcf
1f5d4ec84b20c9e9a0ada5f98acbd22c8309c779	075814bb12b31018952555d0321b26276c51cb42
2bb8b5acf981e542ff949e6f011d780c32c0e318	86e3b9a3b8db228a198f7c37f6d94d5982f1bdb2
d9d6100f89022b225f0c432bf9aea3b3f193f193	288c93b8e1d05093d8e98376042c7c0e40e828ba
7cf8d0df73ccd995c748b837e2f2d3792f12ff5c	94ed84b5248574d4ed6b839329be182c92c2e313
02f816f4f6e41f9fd8d458024da1928f79152801	22835995a18df0933ed072b0dce8922817ef35dd
6ff2013f1ee4dafd63ec6576b2d41c74b5fd7922	14c91930d05c7adbfe0ed04d9a2afda2c15fa457
339a264022bf73776dd29b13e625ed2a27299c4d	04616ac0241f9ae724714c4e4d63d144ae1c06cf
ace2fb4b464d9a34398842d979036e1319e8a979	e41659a137b1cf4825f3670344f597296364f713
e2ae798f1a3786c4fe278c1cba96c2d10aab34ae	481abf316b409f529aee26411feba28d09b7bb23
b3a9dd3c5c6fff5e9149addd6b0516a0941dd37a	f75983c3574a8fd156aba8add69d85afead402f2
355efa3d4d73dfcd881dea8badd6907aa2fab1de	324aa813497b7241eeffad2d603de1ccaa00dc08
231284d3c9f8d9505f57b1993239bacfdd9c1b96	8b9b23df395623ef0be670294ee6673f07c4f7ae
771947f7648ce92b96e3124656fd3a89f8e25936	5f48568f10fbb129799ba718814f3707ab84d9a8
2043743156d723945620d4a21ec1aeba9ba98c11	7faf6cb6d38007e49fcccdbded59eeb58a7e6eab
3a9ed5d1a43bb43d3a4357c88e8f9525c18a9f95	4f64d541e9dd68dece616a4f34faa7b6b2bd9c52
9ac9920a81af008784a37cb3368729979efa9a67	f7390e6665d7cc8f5e613d171a4461964c06cf49
65b700e93a57ba85ca45774a80e4a97faaaa26ba	e38473e0192a42aa747c4b577a9fd709f880ff5c
6a7858d9dd39b21aed4db4a30910591db006675d	74702ae0a678f34ed23cf77f5609ab391edc4e91
fbcd39bf2b778055aec1534b140e80d4a9add413	c9d8812ea722fb1ea94f93b5dbe4b69db3ff1eae
5049826bd71db5b899bdf7d4d2151605082b21be	d8f300bff6d0d0195e2caadc2a5e3a2f0639bbc0
568d72c4659be5d67cee130cdaed36f2136ad75b	93cfdb3fb3cde400a4bdcb84a08df27cb2594b49
fa3226d3589cb29fe28e2311ad55d9709db02a67	a2eef8ea41b5500b2797c3ee9e27029bb8ba50df
9886b4ebdc8714a26ac161b1291295b2ac076637	305921b63b926c42f031ad3d3fb8c2891ff1018d
8cadafec182a956bfc011abff6cb2985a127e0b1	8af872116be540ba7e483b4de2fcfb5c479808d0
b1524bf7b46f5a77a9c18e761e01a7681b3eca2a	40d5670883350cf3ccaacba6d33018e36e60db8a
a755d3d59a0f6efb43fd5e1a0ec9614a4b1c634b	57acdea056c6c9e0e00b0a61a26e5e948fa5aeb0
913d4d4a14ef433f231ec4997cd6792955d1ffa9	7b124a2473fb3de7d923dce8b56989238035f85e
3b14c8dfa4558e8882da1ea51dbe29dd511df1eb	fa616672ab7ce8f0ede2a5081cb8041051bfc65b
6720f89cb26d3bc0934acc1c622c54ae2f2b4d03	bfa14e08ab127045a6865f460ff316ed7a0d0b61
7e0704b1ca9a1fcbb737e8f7f2923d3c8046e477	149528a02964df2b1342e8f85c5b936d7e69feff
16729435f290fe658c9bd99d07ae192a9c56d36a	a3753653fc3b78e96d84836054bd67c06a158a00
f464bd6b999226b4ede5d5abec60aa55724b0ede	8c3431efb6c36e90f889e1ae41ebfb18ffe42966
956d6d145397ec2f702eaec50c24fdfd4a78a7af	ea275a7b6962592e9131d6894597453e6831d8c6
7c34c7c63b4d54975d5c8421f7f35421ba824731	481c653232f93e563fad49f6c9673b7d509c55c4
74bf3b2996efa10a77eb1dc213a646fa74beaf46	4b5bf0f3c029daa51f4aeb5eef5761fe342f7976
510e4efacc24b4879fd8a8f3b835e558c29f034e	5bf0bc6921350d282884a64621c98a4880bb91fc
0f9b272f26e890c67f098fe4bc974f0e4143c258	f633531abf7b9af5e741756952c5b544707599c5
8d3d92e426d6284c5b65826e6a12c305aa186184	2846bf7fc88c18b1de3d66be1aa8849794ad78c1
fb67e15863d14dda15a1e73307e05df0067e31c1	c0bcbc3de2311f7faac923fd0cd274af11ac6f6f
a2c1e653ff2045f2faeb50ce0304fe9167a9b5d2	2396ef9b7ae1c8cd1a01a6d5144a6df9824878c3
9402ecf28ebdce0ed68c89a8e18ae4fb00cf67d7	90f72bf9198b6137cf66437dcd5398062c11a6ac
0224278a76621bf358309602d497daaaaef79847	b72746f4951ddc6df163242481c42130c16bfd6f
4de41d12751a60f6cbac81c2c03ef0b880d8bd76	309aa5f18cb3139a17bb67849a6dc2382954e184
772cffb3094514bbe8b45040d7f90a1906e42473	a0486f0913b09bdfd622f88dc99a96ac79276383
2e749413c44ab4acaea5c1ba2b4b9c72ff659d47	632a7513420c07f679c47b230225fdccfec748df
703f0acb8966ecfb3c2a5d5dfee3447b5bc49956	632a7513420c07f679c47b230225fdccfec748df
353d68f1c236fc654e05afe63e77d45d112b0168	632a7513420c07f679c47b230225fdccfec748df
bfc7cb7650156f6522f95e43a7bc8394ed77e2fc	632a7513420c07f679c47b230225fdccfec748df
b4c5d262e65360bf727c777a2ee261f0cdc9cfa8	8ee1b32f2ca04ed9e02b018ac46ee2f83174d37b
2cbd4529c21033ae5892227a064868f4627e792b	8ee1b32f2ca04ed9e02b018ac46ee2f83174d37b
a17da36290e26556471a987f4ce4f942636dca6f	8ee1b32f2ca04ed9e02b018ac46ee2f83174d37b
36951e9bd6a903a4d68c0f64a073da156d8b458e	8ee1b32f2ca04ed9e02b018ac46ee2f83174d37b
07cd09b6bd277af0485396d638b0abc2434c0304	8ee1b32f2ca04ed9e02b018ac46ee2f83174d37b
79e6fb88c9504ee2878ed281223c0d02b082ee2b	8ee1b32f2ca04ed9e02b018ac46ee2f83174d37b
d3be53f31293f63e368fb8a41e6afda166c5d4a6	274211ae9cd0723ae44157dcd87c5497dc732bd6
e5c769a09269edd538552b4d5cab639afc33fc42	274211ae9cd0723ae44157dcd87c5497dc732bd6
db84f92f79eeeadd38b1e97de90c7559daacaeda	274211ae9cd0723ae44157dcd87c5497dc732bd6
7251f2625e00656af241636b3421f67fdb0657d3	274211ae9cd0723ae44157dcd87c5497dc732bd6
e94b87e9cc94438380d8fbcb1e48afb9c7f00cf6	baf135f8ab3579fcae786d3e09d595175522eb7c
e6aa022099de3483cf80d24051d886fd38338f9b	56062c1728b5d25a844b0e877a4c616ce0eba878
cbe7f9082dff5651a47a56f5fb215a97af8bfaad	0e6ab57d511037c003e229779298991134ec9572
4cc1096001f77ebce86ee6011a435b499d286b47	b729483879952c9b78ea726f3b506f0f6127e27e
1e30004ac79fab5a16936886db506bec8c1a97b4	b729483879952c9b78ea726f3b506f0f6127e27e
2e5d280daf965e991de6098431658b1aeae4adf7	b729483879952c9b78ea726f3b506f0f6127e27e
969f1bb753546e3fca1b694c761fbb95ffc44919	b729483879952c9b78ea726f3b506f0f6127e27e
c5ebd6e570fed21d592284417e0da3798e9f5208	b729483879952c9b78ea726f3b506f0f6127e27e
7991f2bd199ebd74bb2000f64d8be1ff4e3bc636	b729483879952c9b78ea726f3b506f0f6127e27e
a30e961d369923fdc0fce88aabe4353c90140a11	b729483879952c9b78ea726f3b506f0f6127e27e
abcf742445746d0b1e28435366b3cbbe2a46b606	b729483879952c9b78ea726f3b506f0f6127e27e
b591ea0c3aaa8d45ed9fe050c73bbe2ffb46b907	b729483879952c9b78ea726f3b506f0f6127e27e
f633bf87ca7509244681a0777eef93a7f4110bfb	02049641a629dbf0bb121870f1c95da625ac5be7
e030cd8edb96efe42b8b057203cff69914a53055	02049641a629dbf0bb121870f1c95da625ac5be7
4ddacfae98ebe0db42fb778ca6573a48ea568546	02049641a629dbf0bb121870f1c95da625ac5be7
0fa369adb8410b95790d666fa53be59c6e02669e	02049641a629dbf0bb121870f1c95da625ac5be7
e10e9a1ea6362f779816049b6c31ecad3a055581	02049641a629dbf0bb121870f1c95da625ac5be7
e957cf9facb9fe8b365c28286aeb07cb908a607d	7a771dd4e84b2f31a21dd62639b501b1f32bfd1f
5147b43a39ffacc36c3d2d3e8a3a3235ca8b97ec	7a771dd4e84b2f31a21dd62639b501b1f32bfd1f
41d9c838f291f01d2e2b39d19cb234937ce12d45	7a771dd4e84b2f31a21dd62639b501b1f32bfd1f
a2c1fd99a78aff6a1e4bb8caaf04401f5864f513	7a771dd4e84b2f31a21dd62639b501b1f32bfd1f
a6fa580c9e64881d6d663be5efa2958a11a8a5c0	426a213656ba5773580d7476a70eef5d7dba710a
ad9fbe259f79ec25112b4a8daa7cc92ed59b9871	426a213656ba5773580d7476a70eef5d7dba710a
4bc3d1627b4fc07283ef402b4679449d65d756cc	426a213656ba5773580d7476a70eef5d7dba710a
94eaafd47a6b0aff0816789569a0db71d5d25653	426a213656ba5773580d7476a70eef5d7dba710a
1cb6fe058a88e7d307a3859f4bfb547b7e8a05d9	426a213656ba5773580d7476a70eef5d7dba710a
a6d0d5f9c6b703bcdc2b4b3ed27efebec1b8f60d	426a213656ba5773580d7476a70eef5d7dba710a
be54e724e726fdb2ed9222851ec93ea47a327c23	8a5e0b816bd0f2375c658c1b545ebc18b9592f96
75a0e3b41c1c5a07e78ab38b12ad3abe6d1a5bb6	8a5e0b816bd0f2375c658c1b545ebc18b9592f96
e5a03ee7e6971762087c255463139651164ee680	73cb15053924d17e03ce7337f8bb8f97114d2af5
4beaa6bd082f6bfb4fd1ffa08298d61a5c498dac	d29fbda1b8e05cc9a28efd30415e2ea1265d51e3
34269a8cc3d777f843cd6ed1ff8090dceaaa803a	f43ca3817d008d95d0374145e7e26973543ee250
7b86b55e4525f5ab7bcca416e4bfe7bc2dafdaa6	f43ca3817d008d95d0374145e7e26973543ee250
6a6fcc409b81d7ad27aff2b2e3c73071bdf1244e	f43ca3817d008d95d0374145e7e26973543ee250
47681ee25c9c682a505a1373a91f7fbb7c7d12d5	f43ca3817d008d95d0374145e7e26973543ee250
16c26a36be46c4fb9ced43338bc61f77d86d949b	37332349e1356e79ca1f8443d3901381ac93413b
c9451256200ed6fe7ef75d0b2641b750497079da	4a71725d05cc4c38e4402d5ad355d780c2bfa7d7
185b55c05b102da77e5acafafca4cf36e1b78154	4a71725d05cc4c38e4402d5ad355d780c2bfa7d7
76845f2a40685dede088fff7fdd897f9aeeba881	4a71725d05cc4c38e4402d5ad355d780c2bfa7d7
dd1cece1bf892722237f57320b170212f456c7b6	2d52018856da3cea23d44000ec12c9bd177bf036
28273dbcadd7f113031a68b709da31a93a684759	2d52018856da3cea23d44000ec12c9bd177bf036
2ac49ba4f4a121bee64488515ab5f4898cc0b9d4	2d52018856da3cea23d44000ec12c9bd177bf036
bd25ce8969ffed1b7c7d9fcbc7fdb5d7d7a24cbe	2d52018856da3cea23d44000ec12c9bd177bf036
d0cf23760be4c94b94a2e922fe519748989e7413	2d52018856da3cea23d44000ec12c9bd177bf036
df8d1dd7aa0423e8987a919c4ccd1fc2a67cb128	15b229a66a8e68535485b9f8aafafbbe683b9cbd
88a0f542485c293c2155f5dec4a7b5aca3ba5628	15b229a66a8e68535485b9f8aafafbbe683b9cbd
d469d2df6e75a4852d480dd4ca0b0ead209c7c38	15b229a66a8e68535485b9f8aafafbbe683b9cbd
34d08089cbd90202821a55b5f6a4187af9c4b951	5313834f14b944f8e9359e06ef832b6d85e746f0
a447496478b74b054a934bcb0957682faf76965e	5313834f14b944f8e9359e06ef832b6d85e746f0
ff38ad28c216dfca70d863befaee41e99f192f4e	5313834f14b944f8e9359e06ef832b6d85e746f0
a2fc4ee34dd82135d8191cb18615bed9c49d1737	5313834f14b944f8e9359e06ef832b6d85e746f0
5a58eb03f8d7215eaaaab808eef715233057aa0c	5313834f14b944f8e9359e06ef832b6d85e746f0
2290d8e560d5c02cf4b28386adc02da4bb59136d	acec260ffbe6abac36eefd5ca16d309b1b091f06
3230f7ff178a5c148c76958649c35843de3d6aca	acec260ffbe6abac36eefd5ca16d309b1b091f06
3c802c7703e5f57c5010a0bf1bb9d18d8a7933c2	acec260ffbe6abac36eefd5ca16d309b1b091f06
c2de78c1f96937bff0616ac6bd0d4c72a98602dd	acec260ffbe6abac36eefd5ca16d309b1b091f06
4ddfab14f66cf5ef139be46623a8a330276ada30	acec260ffbe6abac36eefd5ca16d309b1b091f06
faafc0014b0a5767b2d982a8d2276daab91d1f51	d4a60f7da0941d59ccc23ecedfc82adc358dc2d4
eb9670dc7494b3e0b441f61667d849d2217b3b0e	d4a60f7da0941d59ccc23ecedfc82adc358dc2d4
b335f9e83c2e2add355298d2bdf5121f477be5d2	d4a60f7da0941d59ccc23ecedfc82adc358dc2d4
e852cce19a7378dc052bc4ff237cfd9e338bd646	d4a60f7da0941d59ccc23ecedfc82adc358dc2d4
4e7468fb7aa85bcdab01ccc1f830828e8678cf3b	d4a60f7da0941d59ccc23ecedfc82adc358dc2d4
7ab73c9e3bb0afd62d78f2b108431a8bf5981621	d4a60f7da0941d59ccc23ecedfc82adc358dc2d4
521b7f0a6d81c4ba3d9b93223372719856b7a75c	33fd5fc56194e18a2acde6d55d51899a2e3298db
51ba791c47cb67e5ad8b70d1d233cb568ddbf79f	33fd5fc56194e18a2acde6d55d51899a2e3298db
1239fe487f1b9798aa29429d8c7286b6115fc90f	33fd5fc56194e18a2acde6d55d51899a2e3298db
6869c15900e86774b4583178ec69aaa07f9d14f9	4310169a43a979d78bb54128f03b48a732d0c1bb
824f34de4307353082d8af9b738351d5f2a6bbde	4310169a43a979d78bb54128f03b48a732d0c1bb
3739ce3a7edd3b271321e499fb93210bd2904af7	4310169a43a979d78bb54128f03b48a732d0c1bb
3996aee717f7693c3a15320abd871971a47fba60	e57ec90956cebf9faf5b1eed67e0010b2a78ab5f
d1d22f75271ce875e19907989fae182a798dc1c4	e57ec90956cebf9faf5b1eed67e0010b2a78ab5f
7a87351151ec2acc1edfb9652a4d91fac35340e4	e57ec90956cebf9faf5b1eed67e0010b2a78ab5f
2117e23de787eeabb81ec1a8185cf002fcee2d50	3289926f5a9617a814d51d423c17748a4ed72f8e
a37e5b0843d6da5ee7d8c4d6f27ba1b0e5887c60	3289926f5a9617a814d51d423c17748a4ed72f8e
58a2fd0402bde12ddbf2ef06ba99d4ba24d27a21	3289926f5a9617a814d51d423c17748a4ed72f8e
57ea6b5c6e2ff23b2fb668d53c4a6d0453a7fd88	3289926f5a9617a814d51d423c17748a4ed72f8e
aa79293ccbb65b77800fe9f9b1443d39d9eb2a91	3289926f5a9617a814d51d423c17748a4ed72f8e
ab875d95ef5d0549801d67176fb7565b1e457b8d	43151a2acc2c3194bde828771ca4c8b4d7561494
1284a76aab2eed7a330ce8cfa7650af5e4c8aabb	43151a2acc2c3194bde828771ca4c8b4d7561494
1ba861e7841d056db3c2b90c72d037f53b18e8d8	43151a2acc2c3194bde828771ca4c8b4d7561494
58568f7f51336a487690e0a9cabcbd56ccfd9f84	43151a2acc2c3194bde828771ca4c8b4d7561494
fd4ce5ce7ad538e1cd61ec00f0dac8e4ba7e2404	43151a2acc2c3194bde828771ca4c8b4d7561494
be235a87b2ba0848ce0e6dbcd088e8d33da20c45	1302798a1045a220dcd86cc3fd72a8b2cba62052
869bee77773b2f81526f80dc5435a54ed4b23aa5	1302798a1045a220dcd86cc3fd72a8b2cba62052
0392231689f4a9228dd5efffd459e7ea57713869	1302798a1045a220dcd86cc3fd72a8b2cba62052
9fd54ae5f4075834a1a540c42498e4a7afb75e25	1302798a1045a220dcd86cc3fd72a8b2cba62052
37f95b9d6e244fe996cbb0a4fe5e49cecab7c468	1302798a1045a220dcd86cc3fd72a8b2cba62052
0d52fb0625bdef7a314ea500f4fbdbca2396cd0b	ea389fa4025d5143d071d63ef591163113a7869c
c73260ac956c5c1a6bbfdd5a720661b43c68ca39	ea389fa4025d5143d071d63ef591163113a7869c
16d67c28a0fc58ebd773144aff1fda8d0c1a7de5	ea389fa4025d5143d071d63ef591163113a7869c
212a5402ccf1f0540b41e4ca99d8cb3ee6af6062	ea389fa4025d5143d071d63ef591163113a7869c
b1a1f05efd390f80174c9ab3fcf9ba6064237c22	ea389fa4025d5143d071d63ef591163113a7869c
ce673ed30e592b794192966cbdf73a3140669f11	6a656778a260966d8e928a3ef571796465a0014c
6e7567c73546a514b1ee6896049ac0d46cfa7734	6a656778a260966d8e928a3ef571796465a0014c
19c3f662d4a7a0010078630d23229a89610b2cef	6a656778a260966d8e928a3ef571796465a0014c
de50559976cd7ee77bfd559265a9dcf1c0dbd3f9	ad150077ce41df034bfa3112b0aacac1684dc26d
301e7486ed8da12ab3f590d98d14d3d4a603b734	ad150077ce41df034bfa3112b0aacac1684dc26d
83269a6c621a9976e917ae95f54925fd7bca259e	ad150077ce41df034bfa3112b0aacac1684dc26d
8cf26f9e0ae5e95b2928b24bc5ad727d26e89da2	ad150077ce41df034bfa3112b0aacac1684dc26d
cb9503c943554fa36ac5eceedc4940bd3d803ed7	ad150077ce41df034bfa3112b0aacac1684dc26d
70b3b9ce4ff22cd9a212548a3359de699fec8dd9	ad150077ce41df034bfa3112b0aacac1684dc26d
bf7da611fc0f53ea98c893f3b4e94d11344796a1	ad150077ce41df034bfa3112b0aacac1684dc26d
0e6adb611e2f7bafd7bc8dbd92c34144bd602dba	ad150077ce41df034bfa3112b0aacac1684dc26d
09afdba53992437c5d91acfa48bff708a23a788f	ad150077ce41df034bfa3112b0aacac1684dc26d
781e1a8d14b222608236dd6b941476c082ff9366	ad150077ce41df034bfa3112b0aacac1684dc26d
110caed98bc6aa8e3dfc0aaa5dc64f27e57a8af1	ad150077ce41df034bfa3112b0aacac1684dc26d
08fc668a7873cb28dfeeaf22405270d9f28f930f	c770e70d680f781eb827ec192335d79aea3a86e1
ac503af92bd32c8099c002ba8265ff47c78f9e50	c770e70d680f781eb827ec192335d79aea3a86e1
1930a96044088140001c52fd97d2d7b67d98e4ca	c770e70d680f781eb827ec192335d79aea3a86e1
ddfbd738371545a82501a6b5ab568bbbfb59d955	9033a903d5afaa46d5d222050b3d3f66b95bc6c3
458fa978a0d459b2211b612d4b19f8104fd85bd0	9033a903d5afaa46d5d222050b3d3f66b95bc6c3
e67cceb77b6c2b32e5100ab6201ff1ca8df59107	9033a903d5afaa46d5d222050b3d3f66b95bc6c3
b7e053ebdcce2a049fd3588e297879653160a041	9033a903d5afaa46d5d222050b3d3f66b95bc6c3
74487ac1438f9b8653f634dafe15aff7d88a1112	9033a903d5afaa46d5d222050b3d3f66b95bc6c3
55d1c0ea94e48790dbd5a352c77f4061c1d75891	9033a903d5afaa46d5d222050b3d3f66b95bc6c3
6971ec87e9e9961c70a601fc0dfe896266decb31	9033a903d5afaa46d5d222050b3d3f66b95bc6c3
a0b6df9010eda17c6a27ad1a65a1a45c4a4c156e	62481b1bd741e2c6780e6f7e6d0335185c29fc14
71c6534baa3873a60723ba02904f818d6bfd0783	62481b1bd741e2c6780e6f7e6d0335185c29fc14
d0e87d7aada10ed499834f9af440ad7296b3d946	62481b1bd741e2c6780e6f7e6d0335185c29fc14
f59d9219b5ba83534f1ae3b47847de49658ebda9	62481b1bd741e2c6780e6f7e6d0335185c29fc14
1d0366c7bd4f370101730e40be96f3d8027b46fa	62481b1bd741e2c6780e6f7e6d0335185c29fc14
9f1bd61d4310a2cb3d57fe6bfb9eb3303b68c311	62481b1bd741e2c6780e6f7e6d0335185c29fc14
ef28a331b475331ed439e5858e17bc10baa8014c	62481b1bd741e2c6780e6f7e6d0335185c29fc14
bd44128d6e1add72fbcce59c6233663d0fff045b	93dad3d9680fad4a73f378a50b6f955298307c30
ebf5a286f07d8a59b973b8f2850fc976f51f8508	93dad3d9680fad4a73f378a50b6f955298307c30
c248805dd79222ed36e44c7606b2b5e6e309cab3	93dad3d9680fad4a73f378a50b6f955298307c30
a2f485efe908ce178e5997fac66c11f74df352a6	93dad3d9680fad4a73f378a50b6f955298307c30
41d49b7c10c8665f0d51681f17ea9b1f57c4c897	93dad3d9680fad4a73f378a50b6f955298307c30
57e3fabaa9ff2346df3bef8a61059f02cc055884	7e52582aa97f0b165a228175db9b904079bf3909
875c52c6b2e8cfc3d82f796bb974eb8daf77d18f	7e52582aa97f0b165a228175db9b904079bf3909
ac5eb21d26b625f5e87a2675082a0bf5444487de	7e52582aa97f0b165a228175db9b904079bf3909
a97ac77c51f26c5047cdec5984446ffcfd168dc5	7e52582aa97f0b165a228175db9b904079bf3909
01aab0353e3f7fe8497455f4017a7e996f1a05d1	7e52582aa97f0b165a228175db9b904079bf3909
b91775ad9086cb684493f4f9e469db88a149c2b0	9a7055a35d855674e34de051778d32815f269545
d943fcbbe7c9b513efb92ca5ae2fcebf0416442d	9a7055a35d855674e34de051778d32815f269545
fc0d12d408d5979c589894c588edc0df9e36842c	9a7055a35d855674e34de051778d32815f269545
8ed7b7ec516ff903bd2180a09b92807b2f745822	9a7055a35d855674e34de051778d32815f269545
bb4fd5eb2b8a945b28a91f8772ed63acd57232f1	9a7055a35d855674e34de051778d32815f269545
4a879ad80294635e24c305db5fd4a08b465bd4bb	9a7055a35d855674e34de051778d32815f269545
67ec546a36c2c07d33887704679b87afb63b4876	9a7055a35d855674e34de051778d32815f269545
1594fc25c44adac84e9a05e5278d47bcc8670668	57294e2d18f5f78bdaf09abdb0975c4af7a5c38d
3a315ed22339d0e605f59aaa09c702c4e58af016	57294e2d18f5f78bdaf09abdb0975c4af7a5c38d
d2a5bc2448dde924f281d34bb75327264f5ce9e7	57294e2d18f5f78bdaf09abdb0975c4af7a5c38d
17cdf0d70da559043e92ee7bf7bb807666182d45	57294e2d18f5f78bdaf09abdb0975c4af7a5c38d
ea2fc9d4ab7c3a9eb3ee5026f5c49fb89814cd7a	57294e2d18f5f78bdaf09abdb0975c4af7a5c38d
d2788da1d29883f0d71c4b9c1e5fbc4c02a72de6	69d8725f55c2e07356f92525548aa064b5441e77
aea34a1eb259aa8787bcf6c8c33ea85991b61231	69d8725f55c2e07356f92525548aa064b5441e77
a835af397a6c83c080d4651a2227215eedec7864	69d8725f55c2e07356f92525548aa064b5441e77
c6a937e0036196c5ff13697b46630263d337372d	69d8725f55c2e07356f92525548aa064b5441e77
3b2873c07baa0b8d16b441520c03711f3ee3d0d8	69d8725f55c2e07356f92525548aa064b5441e77
60b953d38708f33037ac18bf227d9f11de81a6f5	69d8725f55c2e07356f92525548aa064b5441e77
8c6edfb6aa7e189764aa1a643437597a0814406b	69d8725f55c2e07356f92525548aa064b5441e77
04670f3205fbad8e416de47b7dd7ed4fa5e23128	da67ce3293016380026e6489dd19d64e85ecff10
0b9f0152293c08d3eec3469a929cd658b2ae7952	da67ce3293016380026e6489dd19d64e85ecff10
dc9c34d29054144f1d72f45d5784c057705ed12f	da67ce3293016380026e6489dd19d64e85ecff10
562005f3c8a78401160d427ac8106a8d1733a3a6	da67ce3293016380026e6489dd19d64e85ecff10
ecc5844b8a14159019244a7b027e044b184f3db1	da67ce3293016380026e6489dd19d64e85ecff10
48f73c4123cf7475656a2e04388fb87df50677c3	da67ce3293016380026e6489dd19d64e85ecff10
5b9df86169fb8c24b35452c868002e594e717217	da67ce3293016380026e6489dd19d64e85ecff10
e4e27ae2cab38199c65e535dcca31366e0398d32	da67ce3293016380026e6489dd19d64e85ecff10
53ad6585e9a31595d322eff449b0aebbebaaf233	da67ce3293016380026e6489dd19d64e85ecff10
9da60b337be1663acbc9abdf93866cc4c2633240	4cfca869c3163dff5506ad367179ab59a838af76
7dae8acde7d02640c866fb33050791df756f0877	4cfca869c3163dff5506ad367179ab59a838af76
6dc79d34a524931de84d81082b8ddb23a9441c39	4cfca869c3163dff5506ad367179ab59a838af76
ccfcb07c97deb782c80c8e87c0c9d15d38494275	4cfca869c3163dff5506ad367179ab59a838af76
565fa06d6f970e5eb45c15596f3299e4ee56ff5d	4cfca869c3163dff5506ad367179ab59a838af76
60bc470e84bcc2e06f94158848060814dfccd917	4cfca869c3163dff5506ad367179ab59a838af76
bfdb98bf23e11f50e5bfcf9e029c7bd722f1876c	4cfca869c3163dff5506ad367179ab59a838af76
3e73201d9141c6a6901efa94c7ded6388e464bba	4cfca869c3163dff5506ad367179ab59a838af76
2f92d5b1e04413ad36351d8db5862bd44530cbfb	4cfca869c3163dff5506ad367179ab59a838af76
8757666b5e3e97a0ba8caf7a6052afc9f5387d7d	4cfca869c3163dff5506ad367179ab59a838af76
77ae7c8919636132c4b1186082cc2b207ece6c68	c2414bc77fc5fef51a4837d32fc60c07f928b8d1
372669cbf6aa2153242994a7938189e64da24a1e	cf1a74c24cc860a10e0613859f3c10f3f027652c
b190341a99e006bb932b501f772fe09a1b928b10	e22af12f24f2b43bee203e1985da60f78151f50e
46c52394fd12f65700b6f5ab55271e29731f6ef8	09c0ba76a33c6283a8c233d03847f50273b9794d
a1b4afecfa9fd0e0a4c70c6abf3fa131d80f1255	555d825d93be504ed7e377983b6e42b172a7437a
2dec51dbe418b4c4e86e604a67754e6dc3a39153	1df9dd7b44367116af986b654ab2b82b939d812d
3b2c7fd93822f6d3ef306a6a35a36ce25c940f21	6326fe4d5e1ed11978b2e974d8b91d314fb60d74
d9415eaf47b972395f4b8d0280519d34b01199fb	8e9298bfc7269b54412e52a750a08501eb4996d9
f632c8bdd02bb88fe7c6a361ab2cd09ff1377ef7	2b4912bd501e46ff77008ebd671f8a32313f053f
31c8803db3c3fe027cb070d02b9a9fb1a4407ed6	08eb5f91a79e906160413f52d9774aea7cc52ce2
42729dd58c5b1b9e78de471c7c86f4819f9b44fb	e5c39dee15cbf598acc2d77ed797da990f964b23
55320bc384b61baf97ac641ff83d04f8128d50e7	df6db77776ef6c8f2ec7cbbe66dc67d1250442e8
2010250228ade981058af66e92800cc43c9d6133	04d1ef6ca4c89a226e5c13de69ccc7076add9ef1
1717ee10a23200eb9dfdd9b32cda41c6625a166a	33ee15c98057448a98675da04930107aa877e4e2
585935def0aa3679a89014993ddce1f6b3ada0e9	2ee323d38d11071283879a2e8f87abb8e25c1a0a
f84b6cbc1f104a46ad4c87d132d64835fe5c56a8	734f2f3c863ddbb0115f6710ab3e2d20304eae45
332870dcafc3486fb9e26cd23feac0f060eae124	191b074adf9d2eb0571f063c0d7a07834a33c971
dfb5203525c8d78ca5747ae0fbda166539de5bfa	2bb7f7903a7225f59765366edb30259d4f851625
00c6a943f0e3bde95118d5809decea68e78a57f0	40ddae97b8f196ca9f261f8671200430599589c2
fb5716dd3c6a854b1e86b122c6fc5b4f2d759253	753e9b369b11215ae448f97a215da11ff353dafc
81a24c9c99683a13d37eb425462abbed5d104551	0422d70076f5edd80de74de5254e4d65b36acc2e
fcc3d8a09d0e3f00f7133785135428df2a27abb1	29e6407d3862b4e2839a78feb59c1dcf8cc2560a
7aab0d60a4820ca6df3a17f725c9fac83383b190	29e6407d3862b4e2839a78feb59c1dcf8cc2560a
3a39673a9e6cc52b7c06e7d384aaaf28f8585923	29e6407d3862b4e2839a78feb59c1dcf8cc2560a
c1e2927f68c76b5d9aaab77d1d8b216ad4a849ca	29e6407d3862b4e2839a78feb59c1dcf8cc2560a
306dc825847e42e2d851bc29382380124c9882b8	29e6407d3862b4e2839a78feb59c1dcf8cc2560a
b307c50c2a91d8fcd4895fe7000a38bae204ba8b	24d21a1afeb3ec850629a766facdf9fdcb843f72
4ece1d82056ef18ce851f74b7041bd38af46cdcd	24d21a1afeb3ec850629a766facdf9fdcb843f72
0f2e1b1a570659ec4becb580c0a49b6d7b575ba8	24d21a1afeb3ec850629a766facdf9fdcb843f72
e248456f6f921717a233988e7de9d441aea7dcda	24d21a1afeb3ec850629a766facdf9fdcb843f72
1332fac7479f3e6301221bdc097dfb01678d30dc	24d21a1afeb3ec850629a766facdf9fdcb843f72
97966218634e1241bddb0bcd09a8c9f3e5682e9b	24d21a1afeb3ec850629a766facdf9fdcb843f72
9aaac9daee8dba784e20632d7948fba9b4669557	24d21a1afeb3ec850629a766facdf9fdcb843f72
ad927f37e207538462db7605d1c75d280e02b759	348883ed77b6f16ea7724c80a1e8cdb71bb12585
957658fa484fed8e22de4d6b3b81ba9409eeb1da	7751756f08ad29a79b72abaa7fc87097252a984a
5f567b874f2f7a7a6c47bcb458c396cdd7e51bbe	7cba499a8c440b029d813f7bf9c7aa3bbf84ebf9
ff824a0b2ea5a266e8513690364586e5954244a8	595520211c5c5d3c3778dd13bbb62bac32947483
7c153bbab1990dd912c030966b1bde4db6d76c6f	1688367dec67c6cf755ee257b444202057f4d7b3
cb33666e316fb2841ad0f61d0204433152f68b9f	fb55ff7474a2e1de9c74270569806d1bac7db00a
d4f23cc99e3c4dbf6cf51c0b55cee4715a5a33b2	daf9086cc1896063405c7a6a9c252329ce672c57
d7063da7914b7ba910021b92aae7b77cd250a497	4f0a7b8b756e68e9a89cd9d911beeca689a51883
5a44fce9e29631eec6c6da36764e4827aa4e8800	113edc367131d2733118e299d7fc2338947df1d2
736d66fa99506e243106ed8b93d63410546b5417	6b8efd8bf057480c6a7a1b0c0d99049af55e4aad
7658d2f6dcf9569cd8592f10d710685ae1237f62	1eda61f0eb5b7cbeb2abed50cb0efd72e326b826
8a44c95236fded277b1b712abaaf1f16c7359c99	2aa2bfaf0050e0b1446418f599d3151ccb0180f6
cb594f9bc008e76ac28266c317acc079c26c2a41	b9633fa2c499e280495ede1d4d278a956df779d8
36bc718c89ee381e2896991d50c020f3799f79c5	fd1faa2573be1055b9af4de30d683ecbc7e9fceb
45d7749f9d953ab8ca064a11843d3bb612c8a614	21fe62b1e82fa4140e8a431a823ce996eb4d2a9e
914afefd68191d1f4dce31453ba711567d7d1497	ad85e419c6d0403556eaf0276cb490dba43d110c
f5d6ecb59c7bcf07f7ce09ecfa19861610cb4f20	2b4a416f30f1191cad38e56b5525af1113af12da
9afeb260dbc0d0cc55e1fb9b9d317c7f3c685745	c5af32cba19ed48e3744fa848495d0e303e870e6
845b350795bd0df2f9e97443ddb7b36cf31f9084	88a51fc72bf8e8d6659130f8d1e75794beec151a
5347ff21fd07a10e07ed7fc4c6057342100cf211	204b83b36fd58ce7f29b7121fc0f7fec134ce5b6
7afc4e4682debb7e9b672b9425f93747d2dd5d4c	fea61858a83ace8ceb5cdbf1c7d295ccd5b47b70
256d63283789d1789a748b557e43e36813bfcb4f	de3610ea44f656ee285e59d5e7d7fbcdad37bb3e
6a482456f80ab0dbba14d632c73a92edbe593c01	13ea1b3409ff7bda28d4ba3d0fc87016a389e077
172bef9a548ada57d46521861b7bc653cd38ae59	1e800a14fd4275db5353e997dc9eea31c0bf6e3a
f7d87e2b1db9c0b50c34264c36b9c38d9d1c13b6	f5acc3b47f9733ae8e7804706b594c650b0bb6b1
512f91d73d9b6a9a002b39ac2ffb19eb904fb324	fd824ff471ad9d40b496244b27864f414584c7f3
4ed14ab3abadc29482520704930f7cdb539b3413	9a3e132a61b59d24c45239df7996f93c864fb26b
3d28135e94e9ab58d78850e01d7756385bb58801	81b8436985d266b6261e4b12f0ad2cbb6640d48e
670d2c3233bb52e4b3eb5e65c3e95b5daff05a60	5d0c876cd4ca25d90cd484c9651900a962b27374
a13ed2b4eb4217afa361be32b09c19a91d1232a3	65a41932d44dc3cbc71946e6cf06256f8f5a57f1
0a63c8e726ecf88f1cb68465642ffd06d49b2257	c4ffbc011cc698f1da91c1d3672946c080189228
241de3bdf5fd340b1075ad1cb975a245ff1b9e0a	9fcecdaa1812959b8866c1bd9259d54946642fef
9c16bd6eee0944af76d0df4a8abd2b4d43a6d8d2	71320999c6daa866efcb5d4fcc75db33504cd248
56cbfb4f2ac8507191a7291b74e0a8455898c8cf	2b01b86c4b0df1847217daef365515ae9c14d6cc
d5e91837a32f869282b1155c7e2cae2a1523cbee	9de70e671ff74ab047efa610963c093a0fc47f53
f1b6ab01d5e6c6f910c53338dd983673118b341f	a5ce33e4bbd22d25820f7a148da82dc5e0b5aa4c
602c594ab7a430f9e7885c43e0b88bbc5cf3abcd	a5ce33e4bbd22d25820f7a148da82dc5e0b5aa4c
962f13cd9a05aa7bbab4467aa1b143dcc894de90	a5ce33e4bbd22d25820f7a148da82dc5e0b5aa4c
67708b9f8cd108ef302659850536c3f5f36c1133	a5ce33e4bbd22d25820f7a148da82dc5e0b5aa4c
aeacdd6fcab12c72340007bcf74252bea2bd83d7	a5ce33e4bbd22d25820f7a148da82dc5e0b5aa4c
8d0af4df9184f6c80febf42b498ef01f3a5c85bd	a5ce33e4bbd22d25820f7a148da82dc5e0b5aa4c
7200a89a95adaef4d11f56c741ef9d62af6761e2	a5ce33e4bbd22d25820f7a148da82dc5e0b5aa4c
a66abd1cf4f40154e129cc6e0d40859de359000f	a5ce33e4bbd22d25820f7a148da82dc5e0b5aa4c
80b6dc3dcc50bc4e80dc7f403d6879150ddb1c62	a5ce33e4bbd22d25820f7a148da82dc5e0b5aa4c
fbbebc88ce6c88abda9d4856dde5ca3d1518aa2f	61c70b9326bb8b941fdf073c2d6af1768a630c3a
431d2335ac59ff48053fe9e5fab1051d1cbea7cd	61c70b9326bb8b941fdf073c2d6af1768a630c3a
55948d4a2495d87772b1ab76830002a21bae9f07	61c70b9326bb8b941fdf073c2d6af1768a630c3a
93444abd25951ba45f0a4d1d50d245fd251f81a2	61c70b9326bb8b941fdf073c2d6af1768a630c3a
237512708b2f56a5dc5709586881460f10d5e839	6cf6549eb88e813b5aaa8f75d79da3f797f4623e
418a89d6dded7c74bcee7b5df6cbff161f2d710f	6cf6549eb88e813b5aaa8f75d79da3f797f4623e
1101f0d1a40dc15b54dd68aa8c86e22ee8560d25	6cf6549eb88e813b5aaa8f75d79da3f797f4623e
47a79be9fb54591316624877efc59833a927a2ad	6cf6549eb88e813b5aaa8f75d79da3f797f4623e
cb9ebbbf5898051d9296ae16a0f1a5c88ac75597	6cf6549eb88e813b5aaa8f75d79da3f797f4623e
687f2e87f0b52a9e4746b396e52aa46ecaa92602	6cf6549eb88e813b5aaa8f75d79da3f797f4623e
a97f96c0dae485989e79be70a61e3cd27f857d89	6cf6549eb88e813b5aaa8f75d79da3f797f4623e
5d97984cada264d3efc3138db30722801d22b3dc	4d984bf1e56633fad0137a06c95d928da26344e3
7f3f848b3b2c4429fae7e7bef3be2c123b596a38	4d984bf1e56633fad0137a06c95d928da26344e3
75fd1607abf6f89f80600f0f4bc6bbe64a959b10	4d984bf1e56633fad0137a06c95d928da26344e3
9ce56b44f06ca21ef2681636f0051adbf16a87a9	4d984bf1e56633fad0137a06c95d928da26344e3
c4e394441611f9abcd3855f5fe33cd3ae02cd299	4d984bf1e56633fad0137a06c95d928da26344e3
f02b44f403db427665eac9b86b18d4deedacd200	4d984bf1e56633fad0137a06c95d928da26344e3
80861ec74e10e9fc78033f0402103384adf6ead3	4d984bf1e56633fad0137a06c95d928da26344e3
6f00ddec39e9d79b7c82fbdda8ab4be13ef78168	c190a1521ebd98afe8042f9d6da4647479784369
5c75167e50b6e510a0fd34f5fc357468f3cccddd	0bb70f25dcb65aefa5006448200608971ffcdf79
6444274f875be67e1b65c676199ca4fe171e4abf	34202caec539881f436165ffdf39d80117b6dce9
09d40238e1304d3d1b106e94ef0978a0d3a01385	75f827c02bab62666cabd6b2a5640612283007aa
ce85231ec7fb24140fc66ae2f4001e8c4818d26e	0f4a821202be8395063bc5f7e683fa8c427bfad0
e03917dfb767ec402f3c842b4a959a30f5b60a8a	68db5f87146b12f75975a6b90af7b0dacb957b73
6f4d82bc1f015af874159f4eed0505ef9345e4ab	80d36f1d924a87959271881455b5d9d73a7fd848
09ecf172de4db063b693a15e594e8edff5f81ed7	f7aae720dce8fbe8833f0880bea18cb36d4cf425
ffdb4ac1640878eedb6077a6b22f3a6281bd4a2d	3b89cb72ea20ea2f276ea44359d1cda32ef262bf
d0844cc0f886ec8248179552cbd79ca10619cbdf	3291d39868ae5d26d7abfc33d668e6c7c116c89b
b1c13ccdeec16cae23818a9aacf31bb9ff8a39e2	5abc5622c0bff659e6f2f11b4b727df552f972c0
38af6929c192e604ab91fba7334a955c8c8533d4	0b2d0274e54a220f853ffb6ad537563a258a6ae6
b67e8d0bcf4206297e1496e0f6b2ffc45df6538b	9e985cc4d12c5c63e97c1697315f080ffabc6f9b
a3d69b1aabe36e5e7e22b0a912bf6c82e3785030	3e3c7a448d8b94678f80d8a2cf81d8bb9175f9aa
aa6148b47f195b24ab6f225bef5bbdd32e151a49	f64846574e11b7b5d773dfca034655ff9a5a1242
9dd6ae202449c8c81d2813a6dc27ceb0c4a16ae8	9e557126e5b98fa33f6e14dd873cc6cdf0f7bab3
e2b1e8485aba182f82d2b967c8b54cb21c09638c	0b2df365f9b0a44c5b95fc008ec258f979f32ba8
89b07d3878738da25a089d7bb991f2e3d30e93c7	6c6d8b82c9b304362dd25d18999b09e42c668208
07d713bc4e677c514da33adc301dca9e27ae1549	5e3798e65b1e56ed17543cc070caf6df8c248f72
1419f9b9ddde5f8beaf734651b71e836a340a851	d16fdec1cbefbe621bd1b2bccde5e301feca2e81
44ae9c8a6d3b330925fece23092397415142663d	251ddd10ca69de394f8d102e87207e2fe4e0aa87
c8adfcaa49cb44839bc5146fab6886e39087af1d	f55ea48b06c510a63c9daab08de4405d7f982401
6d3df5bf4347f8da59d00538989458f4d432969f	b5d4bdf3c4dba99ce43d754c69c893ed29f30994
07de7794ac9d458ef2baef62d59cbc88e1878d3f	7814ab097867b0db0c210d2db855c9a5bc331e0c
9b646324551aa3fb5c234be1e8e752a956eb2bbe	41902c0218f9d6140d636a86866d85b223fe4657
dc6d701d4448ebe43fd44ec7c7662850c3cabf81	4fa7b99bba8953e4f880290b1b627ebdcafa14fe
68eeeb929d10cc6502540b63f6f0639db872c004	4fa7b99bba8953e4f880290b1b627ebdcafa14fe
f89107d1b7eb3ca6db83240e8520ea1c627805f1	4fa7b99bba8953e4f880290b1b627ebdcafa14fe
38e02fc71d38a767ee375cd0252918ddffabb38c	4fa7b99bba8953e4f880290b1b627ebdcafa14fe
020a5fe5ac094752bfbd20d2c388942063744afb	4fa7b99bba8953e4f880290b1b627ebdcafa14fe
92d4797bcfa358949a0cdb7954be417dfd538fda	90714225c6e87f6730d97607c98b669c5354b56f
574fadb22501a84c83e7cf5ffc145975be638449	90714225c6e87f6730d97607c98b669c5354b56f
01f80c0c971fdc3f95c96fddc53a6f644fd3662f	90714225c6e87f6730d97607c98b669c5354b56f
0f4f3dc333e33b24a936e67a2f64b397b765238c	90714225c6e87f6730d97607c98b669c5354b56f
f20a008ef5e1e746a6eb6beecef9a46eeab52c96	90714225c6e87f6730d97607c98b669c5354b56f
dafcbafdf855e080148cbe9d42402c1033889729	90714225c6e87f6730d97607c98b669c5354b56f
ae27151a6f41b1d1d611422190c8ef2b93bf6c65	90714225c6e87f6730d97607c98b669c5354b56f
2d22e7dc5ae86322203a01f3b95667d2f926b13a	8a9ba7588305fe66390c641b0435a980e4b2b506
5dc5e0926728485c060d66d9e05c0f77bf645ca8	8a9ba7588305fe66390c641b0435a980e4b2b506
a93663c8662d5adb96419ef0c2860f2af2376488	8a9ba7588305fe66390c641b0435a980e4b2b506
3f1549b7c28186e0419a30645781b036fbc3cd4f	8a9ba7588305fe66390c641b0435a980e4b2b506
f1d6b260527afacd421743f0366d33b5fd64657b	86b565640c244cae34797b2b70af994900e326cf
10f33521e46c7518393dd5b3d93c5421921be8c3	f98c54feb5561e75c827e17b2f7471aa7a74f915
7ef8cd70dfee5a044322005d7e8a751842e503e0	fb13335707a4ad0e116f02bd1ac69f44dc6f2084
582434ee61697f4664429a842060d7505c657e2c	cc685687bd807e85cc3c408f7224700e10e9a6a4
825f1635213c49a6b86d152d65fa8b3390ce1034	439e9790d785b6c3e959098dd1e3243db06ac44d
945bc3e68921c781bb54c75960923f6b9180de91	d037397fcb5b49b8e14e3d73f44d916c6a1624bf
96d6605ed5bf5e4c121b49ced4b72d7bbcac83e8	c4b889c88e90c9a1365dd96814f9d2e7842fba00
944483ae7d0ff8803814a87c342683eab88b4e80	b05ed7e628f1257d994f2ffa12edc21c33106291
ee53fecc32fecca0526f8fb740893f50c96e3525	0fdbd3f49bdf6a0fb220fe999502b58597bd39b4
06fe6e7447cb0b108bbf7abecac03db38ff30a5b	e7a9b2c71adb09126c177cc714d5598de1f9f03c
38ed4a2fe880679c33561d0d4b4ac4c1d068a87b	ea1caa3c6dead5fbc7db83fe58b1a5b2c7b78a76
b95acddb3c1175fe2487cee7994e6b1044228bcb	a7e446a592d2d3e397aaca6c5e3c8c152151e9ba
37dfc1f74cb0c84c7e496f7647542d115d09c6bd	a7e446a592d2d3e397aaca6c5e3c8c152151e9ba
bcfb3b598bd3219ababa2632e2c04ee952aad0ef	a7e446a592d2d3e397aaca6c5e3c8c152151e9ba
1d1e0da8f492b78a9b88f0ba964a24c26676d8c2	a7e446a592d2d3e397aaca6c5e3c8c152151e9ba
c34ff986042d5cc82d3bf5c4b51fc2d3357bf13a	a7e446a592d2d3e397aaca6c5e3c8c152151e9ba
03cfa92690fc1bca1243cc7a3619579bee751421	a7e446a592d2d3e397aaca6c5e3c8c152151e9ba
d996068c77498177246daa9fdbe4d80fb545f084	0130c1c151e6fee43b16c97349333f2711ceb253
5fbd32118b74706f89c690348008f1cc044955e2	0130c1c151e6fee43b16c97349333f2711ceb253
57d2f8b87dc2ba1e555eff745985f8a41c57f1f9	0130c1c151e6fee43b16c97349333f2711ceb253
a181a2df60219c7e6f743d45fdb2810f38c1753e	0130c1c151e6fee43b16c97349333f2711ceb253
2231051d3bfc4fed823a0d76338fbfd212ca26b0	0130c1c151e6fee43b16c97349333f2711ceb253
6ea01b7ae3cc07ae8887ba5cfeca3f1d58172af0	0130c1c151e6fee43b16c97349333f2711ceb253
7f2b8b0089d7cec25b09cd1181be6a5b0c0681c0	0130c1c151e6fee43b16c97349333f2711ceb253
b10761517f55d72f39316bca4c0383a4a7ac4b49	0130c1c151e6fee43b16c97349333f2711ceb253
3142504f390ffb7301b78bb2ad68753e56ae3980	0130c1c151e6fee43b16c97349333f2711ceb253
e171263c0af16735b6219647e97312a81f1527a9	2f6681bc54bb9dac3c4cd0aaf4aafe632795a66f
295a0c934f5a86796928d51677c4693ca6a8317b	2f6681bc54bb9dac3c4cd0aaf4aafe632795a66f
33d5d7193e670f9a65a8fdcc24ef5f9f36100a4c	2f6681bc54bb9dac3c4cd0aaf4aafe632795a66f
94876e7d3364a5dcd0db09a0a99d812372421909	2f6681bc54bb9dac3c4cd0aaf4aafe632795a66f
2f9fbd4090cd80ff5ddf0454b46d656c5dea8c8d	2f6681bc54bb9dac3c4cd0aaf4aafe632795a66f
265693256074295b92414b4f1d1531835503bfe7	2f6681bc54bb9dac3c4cd0aaf4aafe632795a66f
42593fb2bbec60365e286a0b5f763fba52bc0a2a	2f6681bc54bb9dac3c4cd0aaf4aafe632795a66f
9cc45c12be89f1a992ad3a0a680404b98f6e2d4c	911736ced2331cbdbefa167b2715133862cc16d6
2c0a3daccdbbb33eaed2170c512922c3aede396d	911736ced2331cbdbefa167b2715133862cc16d6
8fcd84b766722d53517b9b8946ce8c0cf90ce292	911736ced2331cbdbefa167b2715133862cc16d6
dcd64d229e2e6c73ea9ac73a7e2d199a66b6b773	911736ced2331cbdbefa167b2715133862cc16d6
2af842f99c45db8834a202febaeb8cc1558586f1	911736ced2331cbdbefa167b2715133862cc16d6
677522df9754fda0262dd435de7a9c558ec410b2	911736ced2331cbdbefa167b2715133862cc16d6
7a7e1b5f0cfb6256ab774373f830caebc36f5eb3	911736ced2331cbdbefa167b2715133862cc16d6
06836854222ba7a6c5ebf5bcb0e51e6ab3376934	4628be8296754b94cdab52d251c2e8e55f0b696f
080f642a0a1f27522a655840c5bcefbfc0b6f009	daad46ab26182bfbe110bc5969e6e5863f85e976
ad4df81ef0535cad947e5c36bf03da332343ade1	96ce640b1a24f611f6484715fed9a6b952490bc8
e59465075d34c91fe5ff77d68ca9bdeae10f8f81	3fde2e117abbfc8d36115d630a4e4b5457e70f48
ef751a51bc584a90a7d997038fefe8c1b551eb97	016c294accb8926d7fea66844ea0dd4a1e0c63db
d07a3b790ae4ec3a7ff8a029199163442c34d2b4	72f134c305b9164ce641a912d8b720b4c9f94ce5
42246219a6aaf99628c8419cd00323a1731726cb	c30ff575db60c5b0c79a0846153d22fa6304d873
1358bed10d1a477cb292c93da2c8aaa5b8d8f0eb	01d15369961736b2c68b0a36ff247cf2a30818f4
c78569d97b403c0eb2934c866648f5477392558c	ede9111717fcbbc2e2f208fe5b423b24b8870cb7
cc8343cb3e75a5e6ccf944afd7fcf0f0a01327ca	fca549fbad6547844ca1b09439047b220dea4017
7d00a0d6085beed3a5866de957fb8c0fbddaac7f	1c2bbadc5c1b0cdccbd8821628be512f2e6dda2d
e8fa2b4538245c23318a0c94a7772799f84286cf	dfb47dc760364ee5b5a04aa14af5323cd345a4b6
ad846c24e1c6e6f3a4761b4117f25b3275d71abf	08512d165773a435845d2d5d0d5efae76544ffdd
282e291c3e2c73fbd3186319ab6eec0b3b9a4ce3	0532312d3667444bcc101cc4ccbead57880ef32b
7d89f997122d968dfb6a4cda89d46ce93d8153ad	b71b64fb8db2e3933903605604eafa0271c0e66b
0926552a14a5777e747c9d2b2b393ce0661fd121	0be13dbd80af80d48ebed80699407fce1388278a
32e1cabf5062b29558d9621ca7ad689d229b41b3	0fd5cf6d6cc41eda54e69599c8880d6cf91038bb
e11fe710bf178221473b0be149e3986a3d072c42	4416ede917fdaf8b67b69734bdf80ae2b2d454aa
4257317ea33feb8e02e081049abe4a104cba99e2	2ead729228c2c90af768f46c8258ba466174f480
973b531d22982ee97c3c2fefb901a09a335e8748	aa48437b8cfe3d2d13f54ee21e4cc6da9a19f9c6
1d82de964e34045ac727d739d149fbe9f1d2993b	c418fc5fbe99bf4761cc646c563afa57966687d7
5e5cb5e2c1f29f47dcbf6b09474c2027063c54fb	5ded6e2ee7b38da9c87e6a0dc312f724e18a9df9
6868b618f4f9964fdeec81f39d63c1d4614b6d9d	993827478fd74ea2ebdf70430582e98f9ad58cbe
b65143729ae036648bce757e4520c6edf43a0480	aebbfcd7b9e4d120d5e58f72c1bded53bb82883b
8d99f50cdaaa4b670ad4269c1649499917fb868e	cb465e82bd92e5ee4acfff10a1e74353a4b48cf4
a9637207380e8e052d9d1e401a9877e487be9a90	ccd38de49a4458a8f1003743c93ac98d7e583fe1
4e7d806e09150de95d4da9d5f633b1602c49fd52	d3ddfba2f8b5713996886b78f076ac1205a87cbe
bfc31ecc039e1dabcbde2038c831c9baec714193	1b060fcf87a187cbc6170f1a59f933252d015ee5
771467222bec4b7818dc8a1d62adb804ea60a366	b798dcd2b1213e4272ed4ad09be1c6a506fd4c47
784d69239bc4833a6a3e2c6e7221056a5d94144b	e0011a6a4446a0341c55a3dcd1060bd822581dfa
e8209631978544c63b19bf4e13dc711866aad370	91facb757c83a5dd41c8b66c4f4adbfcb026c6b3
f35c3b1be90bde33bcb8884d55c246d52d712610	be302f8ef5d90fdbb7678fcfdec338008f4025e4
b580a10f14905e9cf03138814cad644205b4ae91	31804dd310bb2cc25b227b4d67d36494c0816e36
0eea815872c93030660aace44c8a0fdaaff080c9	aa532ccdb632ec015c398e7ecb92a11eb3170272
666a53238daddeab2d2b1c2d682af5e67b1a7443	6c657fca7f372121927ed5cd12c966d0d5e5c56d
cf87781177d1f2122e10e9816c5022821a420b93	9d36b4decd26a408481a3c433fdeae75f29a237e
2c16441f1fdff02e11ad66bf997fd3323bb43e2c	c41bcd73252d2a3c38e1224337a2f65d7047995f
4037c04b4a2165fd6cd3a93d3dbac3dd199a63d5	a86cc4cdcda8a2c8eb2b2f4a1f82e79a04ff1d92
6178f00469a707beebc35a47cbc7fd34df4fe806	2f376503afda89c28c8cd8eb3602ce6cc59d2441
f7a27e9a02911e25723608be01adf278306d186a	978579244e83bbeae9a366adc8e25873a9bd66f9
614dda06a32820fa9377118f094fbb61c7a5d8cf	85ca7b8664bff392d6d59311521551d57a450d65
dee267e2fc95a556d10db283eec063f230f1babc	7e4372f78db4b8051834c61af7151c682f44cc0f
15a5bdda2e7df4aeb5b6b0cfe08cfcb58902cc44	7b7d7be6cdc56cf00496896fe1e094fe0b91ff46
cb74b266143b8d34a0c581e70810fb257a7d51a8	aca01914d5fe8a45dd46ab768620e4a3adc18b8b
921ebb281eb127758c41b5cb9f09639d11f564d6	9a9e53fdd3800c112207bd99cfe0efd6c53927fb
b325116aaf9fa9070daaf267e741621c4940b075	b91488e55f428558903c62d1509466c84463ba46
6150ee3819607ba7c322563b7d4c9def41defaa4	76b057ea1a05fd815e6c32cd4091822618b05c24
581e274d2d6fddee88725dfdff8e799f4927f4fd	f5cef0d72ad5a9b03a683396fe5824f1a0b35746
b9d7607879e351d97d2b1c77891af905758e2635	3662bdf84494803a0ce50bdece2e36475904009c
0b2a90401461184333da7d9a6b86a7384f8322d5	95873eb892dd6c274c6176e1fdf962c81aed06e8
82b5f4ecd12ae79eb005a5f24443a6ac184bf526	4744e45197b6893929e62f8b3a792fdee8161ebe
b296565c190f11c6b14bff1da265ddd1381afe6e	58eac8ee0773f77510c7a0ff59cead6678ad06da
1b1aa7b59ee38fa52d482690089c05ebca7bd9ed	5c2936e0557d077d11a7b12c87d49eedff29c0b0
2eb6466167e73c34d894f2d4f715fc5c29d37672	be983320ff9cb52cb40e3776753c1b8700829d18
521dc1334cdffaf4e622e9a7b948d9a3db9efc81	368aabd093f138b53f43030211f2831abdf7d47a
9f172cf6c85f4826974374ca3d0d2f62898049a8	e3fa5424a6049b13ed5fa8d7b334454256b8cf02
fb58e3d9869549d9f6fc1db41d4e6568c61e1202	bd43a6e20b6ea8f5e3f9d7126eb787808fb19541
edd0bf75a7eb64fd20139efa06b7593809cf5f95	73136e2bf0e2cc561fc5d2ab128c88f1c2f8d976
07ca04d9019e02afd93e04469c8a9876f1d7263d	121785fd162059008ec7ae13f36e8ac63758fa7e
f9705acea1cc40a14a41592f5488327c4ea8e2c1	f7aa1b401334ce36d12d84c3a2b33f939eb42708
3820c7d1cc09fb0bfeb593e4f4fdba0c204759c3	337898645e25c5f35faac4adc2fb762b7ec9c3ea
420fe50f7271e60360fe4c32c74226a909c9f7e7	0a22930c6a87e0967cd7f472e4602156ed34b528
dc028987a2e434bc78bc1a9de0b640ed92c6bb6a	6d98a17e744338a9ec31228ddcc0d62bf4218ded
d22134815cdf466b2c4781846f9c63c85bae80b0	3f85162be6322bcef8aa8d4c06c504ecb142c8fd
b9b2680739cf4b4d1e46ae57ac209000eeec4329	4721affe397ab98c29aa43488c1908ca82ec8f54
79ed59c485a1a861ec150d56a58ec4f8c6eee29f	5fa258ed198bce74ca6fa59c93e781154be28eb4
ab763e7c3d79fe9e04da2f7e7cdb92c95c9172a0	cf99146351c27623a5c5ee5aa3df8e431d98112a
308b0df2902ccfa3b990c79931c525ab5dcf438a	c0ab8f803eadf67e80f7e96ac2f55a364593399c
7adf45b544ae13bcaec35ef2a291adbe836cac0f	2f49291e0859e0d140ad423147e3faa274867502
9d75c96b93d70ec8f8945e5d3aaa722c229dbd8e	6099c189e7b507875f9c7bb9d4f6c366e1570c80
86d26860d11af2f632421e9f3693d5820a24033e	d6671ada9b966b82a0e05f2f68cd4c31ab5d8019
1ccfea3565115e3b47e091a1cffc08500a350b43	5b519f0e427476b3358e3981a21f95134c0b1f06
6d5d612cf8471890162f213f2e770ce903673dfa	614545823cc29a6121e9bbe63f4e1f55e2b91026
4aa391014bc5866e0f7ca2bb4464a2438badb462	33c825cc800037b22ffaf5d7d9c06c6511c6676d
a052167e41bb7cc1e88eac4970bdf6b3ce3603b3	eb186d0e31d81879d9d0f6f4d5b2cc65e5db7492
54e4d725022ff3479613b545c0b501419c75b425	5257e10454cced81daa53e4a82d71dbcb6ff15b0
85c88ab644ffe772132b338cfb29a38b94c8775d	c39ebe420f478190b2a5a9e2bc1e8f8270f0cf45
0ea3ed6a71c95c8b8195b4466e282aec9bb2510b	a60e74986d920acacf6d7a180b0e290dab4fed24
0df11558fcc1a1da1101c7faf5bc4a95a38f0407	983d5091b826ae2665baa80457e004af9d539d60
622762bfc623fe843377e0e5f04fdd180e06472c	ff4340bee691255e64cc7d0d3d903e85bb461ea6
6ceb98cae0902a10a986284c401a15fa110eb681	e06973bee2b14d5791f0dc295a9bb0d86889322a
a02d4bd5d24ab0486c37882268e36457d9d187ed	4c4989d9f38fc0bbc59f04d15ba9f9e2acde500f
03112db393d69963ae7c7d926448578c6df9f9f5	1a79e311481b2ba213c9c5e3fe3870ba1a850918
7e14281a12e4e771803219d9b7470422d408c44b	f8fc3426168d8bd55827864fb0d3342d79d815d5
026be4b228b3aae9b4b6c5150ae404b879922f28	189d5a73f5bacaa495fa4bcbd0a860dcda700aa8
cb501199e689871b8d0a7d2d36b8e903ba309921	5eb18887861611d2a3135f8b2565823678ea2af9
190bd9d15e54bcf19e7dbe65e4a01616b69e8fdf	993192df92d792781274d4c2ec82a57a61e926b6
aad4e79fd8aecc75e85fbd2d8c90b116eadad141	6f104c36165bab62d0570c99f71ed982bc3869fa
6996ffe2daaba853a719e5245c498dbb227853aa	825d6251488242e9695b7d832c477e2e99ac6399
e84a5261f55614709dfadd2794539522525a052f	cb03e81b8435f550351e798b4a191604f09ac0be
ee31d68fe2eb5bdd917d306f89241050d3886608	59e0f49d95ca0f24aa954e553d3cd6759cb79c49
fa28c80a99176517e47a8b62473f0e78c120bbae	292b0832fced190632a6562a03cdbfac533b7a3f
431d927091b9921e088d2f22437067f827346c51	f90e064ab97edc15840c62a112601ab276ff8d10
268ee062499604b5cc6be4c3a83ac137727036f6	eec9eabf2bea507d15638f53203dc4fab5b25bb2
391184f1708ba26a5dd982230e03655e44d1328a	590a6f7fb79b2a67115abb13da6fc1ceb6a53960
9bb60f9f2084b248c9a9bab61110d1d6bd15f440	771c6659cefc8bfadcb0bf0934813fdcfa92d7f0
7a9d119a5c58bfec986ae185d5a9b8a06678235b	40d13eff45ea7370ee941343f0cad83853ed736b
ebcb6e2e68d7aa100f7d4f135e219724cec5eb5a	fab98c3768aa2b13110c0f0437963b17d81c4e4c
abfaa57432129ae954e11b62e9a24594c7872966	0a9de442bf2b5efde5fa80dc4981bed9c0f487cf
f0f0fcf6a710437b06863ac14e1716974dfe30d9	6123c357c1b9b666d5ecb94b44e69fc774c37fd5
83b3eca2519600e49d8448dd11edce3e6369394b	14ae46e9770d8de963dd0d11dbb28eef79ece990
03cd8b3d4857716e7fac07fcaf9203effb9b548a	d9851e0dc01f8156fb232adf6c62942f3283733f
07cdb3b2ac3b48572e557416e3b6d7668aec46a6	c61345e0055f90fec0aeaef4de5a8f8531ef1c33
93c174d2d5b5c5e8a2e66a15d14a979c30b5708f	5f60d6bc1e627e91cddfd68e345e73916fc19c57
d01878fc31549f35bb72a42eda8ce11dc8b9820e	d9032d8014b669d848fb72193dcde67fffec9255
de940fd2bb17d255556309d65ee6202190e6e8ad	5a414d355947510ff35a94c53e10746fc7cd42ef
1506ccef39b001fb70d67a60368ee8369243c818	52371aa7cc6ed2fd58771aab516cb5b4e43c949a
6c8adbbcce617b53666386a52989c1b6e0ef7967	bbb6c5de64f9fc93fdc94216a33aa26a28399279
67f04a3f55a4ac7e9f06e1d8325afa605efaa767	d174c6f66d242899590615ffe5a6ebbbbd099016
34bb80a865ec904b432499784c9059edb2f01097	f2e3c51939d53e0a5be8ac5245b1763d5333a9fd
84aefdf83bfc12971b86a29a9806cfdd926084bf	ee561b8b48c424c66c08276f64c36391601cba38
02a5622a72c3c70bccc3980c3e99e42f76a74654	9922c7e6d92fbe8a313adc66a23d59ce0da807e3
4bcd767d816f5e62e1a2e476750aa5764bdf1580	9371ba86a595dd6ed7015c658c9949a1ba7f1a48
53e1c5d1613eeac8e5f0fb580540cf1c9b663545	f02dd6a0ec6584e42cd660f685e679b92991208c
4d60aff5d858aed2ed682ef6b34dd19b6ea5262f	05a5209f2594d6656e51aae341a3698bfb6cb4e1
381867b250ee74ee3fa64e81eae3896ca34f441e	f35d9fda62cd0a103b344ec3f0482317625729a5
0c67f005e180272392fced35eb39916181b01eb6	0c71b90723bde90a674cea89d267c52275107aca
862a41f941d7a836131bafb1349b8da0a11910e8	c0a37305349447615ea2b80db39c9fdfc501b0aa
3a4b5421b84a81f7dd785e975e18d38f0ccaa975	733b909d3b4bbd714bf2501c910be40377ceef61
15a4efcb670b5d9c90908895ddc7d379589a83c4	bd5026320fc11d6bb65692ff9bce9d067a78481d
d62d62120c1a84d6635ef448c13d347318056e40	79440ffc3d33d830d68106f373b489867fe7f883
7f6ac0a9bf7d23250d187ae1d85b0dabea1ab6a7	32aa6170128af09d61fedeb9174df1dd0128fddc
0791e28b73d59b12644ae57780f1da4e640737bd	2a045f4af912cdae73d51b7696f0f4e3486203e9
3decfe2bf9a4a4ff98b3678a271ff517496d8422	eafba76158c1ee48b6c9fa810a7068045ce0a272
00de8b01e77b3f86b62b914867da33173493cdb3	b1aadbc4cd50e1266817bd67984e8f9c510c2b30
8a3b3ffd0c5f93842ae43f4ed803dca44ad3b69c	385a81efbb91a92f8f917cb7bc770adc7ecc8981
460c48d7176332422e026c29dc2f2479975d9d8f	7a695c1c60c39e89af1b98c4219ca7f33f85d836
9f0ac12d9b59f06ba12217de74f90f2b3809a6a7	b4321278808e5dc524c49ca568725114f1c95bff
5971bfa1ccb1313687c2aca36f96c3c996a43dd8	a1c862e6558d465afd8be2ae1e2bb325406d9874
328a58eaebb23ad43f3d84affea1d0af41535958	b45a706e8f3a48fe1acb29679e2e064e246dcd6c
8fa3e7d34cfe6fab57fc23fbf69840d034990472	b3cc0e63a79c3fa887ca01f3be125064f3b8541b
2551f9acdd6722edd97507e4fe4705077ab33b90	6cb31f703a0ef93d855fcd984db61807b0ea4ace
dabaea36a9bc16a4685662c5393388408cd27f0c	47e76a0bb2a46707c0e8d16043a773863f31095b
81454aa46c39c974d2a134fcecc5fcf7c4f73298	a0e423fe7c410a2880db525d7ed304c3660b1410
b56b2e00fb31bb09b85f0edb9514bcd11872af65	42a38686aaa6a45deea2bf10bf4c5a79f6a67b8e
d7f9f89470adeb9bd01da25e1c9be9a5f91dffdc	5663228a86d9776fcb268002e0b79b972bb5fbd4
cd2c8f9724610f6f2b2e1b2ca1e89a98ab5f55cc	c2ddce2ec34fe24164ca14c69d0e5f871df92935
8834f2688b2d9e8d9404875fc24ee4c29624e83c	536f63461f74a19e803ab2865f6a58778f814261
0b9b064cb9850de0f744fbcb5e2afc50e580ccff	32310278c68c7e190f652062ecc29ae149020308
38f3cbea554e7ba3b13d4bb0e2d5e50eee0cc7b3	bf2c1297efb86491f10460812b239005e19f1322
8b175e299a3ba24d342bdf8233132f45467d9684	b4173c28863dbcfe2eb09ddec7cbd62d9e81c714
9f4bd417486fc5b1bd4537f3540d0e9482d0b73a	3be2e1ef9d9939fa9705e905e58ec928d934de4b
256fd687b16d10623c4e7f7fe7b53db59a3a736b	f161b56fe899a1ded33c1f0a13a79012b2cc25f1
14e769d2d9d656cd34631505240c9cc5b89c2779	ba73ce2bd987e2ababf4a1bcdca77fba12363841
024dc7b3c8d061968cd5a614d851c0b0645b2e9c	7f26b2f9b2c32592823413a3cf2fbe1f5e55aee3
20728df6b8c7e9baa44428c573974c84ff8be107	058b59ac1629f594e44ab00c1a95899dc16a5713
3c63c375e484a45fba7e480df2b5a0c014acd625	0670ebabf67e76e7d1cb0b999b5d017dec530b91
48f9c7910fdad5f9ed8a70cef97d465c5f0a136f	8566b5af0a6d2c0017d55f3b9445df37812d25c3
7c00d51ee5bd0fbf4407f33417baefebb3b966a9	728afc2de5e4d55ecd42646e7c63e3a98942920f
3356f80038eacae42117f1aa95990501cd1ac7aa	2f1c8d47939c386697aa70063a377c5315427f43
1a7dc6abf1ca66e19dbae0fbdf41be744da8d3d0	8f0ad186059a2b8369c95c65bef89507f6902fb9
7e7654fbcb5a89ea0e3bff5a308da230406c8f86	57c6597942c05e26b36b23d4cfc8a5ba42f424cc
ba44f36f1e11d1e19bc63dd7a7e902870c6cf5d8	2bb1c4274e19bbeeaf3a8553dfdea300ab12720d
a591b2488dd0ce3b0bc0abd2a47c7d0409ddf3cd	ff825d06829ca8cccf2103c555031f6cb3323f9d
a392d926778aa0c9f3352feea9d8dda8b579261b	228a5b7ad530543156c6add59a8edc4c1fd923c8
4323e1e31c1b78273fc89c0066a3228fcc03058d	1a7b11126ab6b91dd3bbd7fda5e54e73f86cc5be
4d5532b6892ac99e48b26a258e72405fdc2ff914	f6ed0c96fe95523eba1abf6e667d90188c9bbc8e
7aaef93e63b50c1114095feeaa45ebc466fdaa6d	d5709c9a1cbf88ae1d4466f530a03bd48972aa77
2cc71537b7a500e241dd9b207d766d8cf1775953	510d75e0c79d3cec3c956743d36a2e758ff227b0
8acc42e5f3383dc1e4795d279ea6e72426ac73d0	62a43877562335b967785493ebacea9df24b829c
e174c51d0c948db1e2ea1a8cf0a18bcc3ecd5513	189a2e979dea87598abe4b1ac3e4290517d3a2ec
5c5ee66ae70f68a172ef56cf9abe0ef9873919dd	0281aad4a219488e26162787f1a34dc2e684691e
ffcd6331f0d2be640daed76fb6833d26c5571f7b	8df5541794f75e19b18f79853bf82877aa0a1635
be81f551181b9f9dfbc717c9c73a56735ef4cb88	ca725a0254373c5ef718a86f2e5df63efa68f5c1
66aa5a027bd41d70bd3155055c06e10a805f869b	a88e453888ad464ed4fd4653bb0ed2cde33f738f
e9bbf9ba790f0f2725f1ce52263460cb37ddbf8b	1128431ae070b5d5250e1b82040736d7741298ce
8faf158491465efe265173e374252d5c1f5b2ffe	025bffc09bb77e17d96768dadca81a6cd0dbe2cc
df2b268098262941d3f0c10d653843c9c94add18	78f4684eccc39899a7aa50d1ed5a21cf27679c6c
72c62c5430cd35c49d090a28e09594f893cc7d74	e4db3471a8302f6ca93e8cc135f0cb038d028d12
d05f082d2e57ebf24cd51d990b8144b90878f0e7	cdd77782732f915d7999bbba04162b85910e1de5
ed5db56a6aff75d63453bc122051918fec16eaea	83fce92f803994d206dd359751960c11c9514dbe
3213a41a76b521e5038806c96506d65bd09a62ef	28c6e7c8a2428179e91884348f13fd7589e105f1
0c9aa3cdf82ee44c92b3e888dfc041304b13e832	67c0f6559b551f644ddba1bd95ccc8d1ad6e6cdf
446602710ecb8c6453c0e0b2b74da7e553dbd3b9	f6c16a794b4b3b14546ef1b7e7956924db546c90
f122f3809803ffed3b626fc8440d9263a8e928fa	5f4a083fd55595a9c7e1cf9e9ed05cac3c269b01
7928ff011a1fa5572602ce0e1cd14cd260d150fb	4850bbfabaa3a53b0e6dc7d3c8a88c477439f894
d8b2ab4aaecd8667165133c30f71feb7e4aa7028	1aece7efc3e66dd37a21907f01479657e3b767a0
95ac9e0f26809f352c16e0718a134ab79b650546	f567ead6327d11d64ca4f8c5b67478b75558db44
cc78499441b3599ea6a19f230c5158b2930eefd4	d38e523494009e8a53e087bf6fc2e24d0be863cd
1bcb80f8764e033bed0d415690856905661ee115	6ccf7c114df8c5f831cba98dabf02be1e7f0ab26
fc7c49311c0501ac4bd88dc958aaa87b42794185	7f6e766ce474ec7af8d7ff822362c9dfa6e4c22b
225b3fec9c8ea31c8249a5073af343ee97820c11	ec36469fcd92636065d0161824e13360eb7ba86c
f0714b3f544e026948a0fb8a11fad7971a64183e	499d42986ac39386f1886acc51f92d5d663f86ef
29c66271d4eaed03cec24d3158512d065cf6bc74	8d8ad585ddb19c35e17e520f44b65ec3139c9763
e8290629f497d9c973c25f2d034f408a74b7b3ef	7be1aa158c959d9418575826bfab9151b6a95238
4c8868e5581cd58518097c34269f2aba2d2a1c3e	d1e3413c921501e482fe009d37632562d24375b4
9d5b50715979fbd0120b042f129b983cf1db3790	a92c23681fc1966b1ad2b98ca914c786d1a4a311
166025d1a365c11ac1f1393118d16ad58d2f817e	ecf6034ab71f1f4fe18d7bb477e233d1f90a0aac
823c4eb8357445b779dc46b8c9692dd224e006ef	3da8e3aa48d43dc149343e6d65b7e56905edae6e
c417925ce8a9c9a94259963747333b30635a75b1	1683e545246a84270b933e705c25686a50e23a69
7bccd5e2ab1c57222360253608424c8cc8d7f50d	caea71edd5603497b8e3bf0891f6fef9ba3c894b
3a8c464e4f14497fdf39202ba4ba8f73aa88714f	95324c9fd120a876367ed2907fb860ec66cecd3e
62fb80c5a811a6c30aa8ebfe980f2db8581484b6	442930d3cea121d1941598492afc4b385c4fe6d6
8ccc87addac82aedbcf8a101b1b6d86d128d282b	1c458c672533dca8d13e940663840d4d5e46d91d
b69f917b8e936b9ef88ace6bd8a357504c8554ea	3a6710c4c8a2798da5042e1b1127ff12b51adee0
2315626c8f0fb5ce7be6b0f92431e9b70f6fb5c4	8a674729a2d718bf36c86df77af109d935fbb1c2
2ae9f76779aa1758a63edbb19436f96dc20bc13c	c6035329635e4ff1c90b040dc2159d082d65f15b
3cd99b964a821be7f43224e11c91a7acee7cbef9	e692ff7e1b7910b0831005ab0f4d491b21df78f5
a6a1e1eda5cfac5603120f76f6ce038e5f98a690	7adaef477d0aac9ffcd4e67d916e8ee50a337833
7c0db5152df38342b3e1a9e48a401ae624da445b	c721d6d503149e083f3a41487a25b6ceb499fdbd
7200f88472e1d1b7989833c1a35e4093300a5a66	4517e7b0463121cd3e45fe4f48cafa8675b615a0
d1fe647fc88b4ee03f0457a80f58c493be01d6b6	4f427e8a83e6ba3f91fbd77aef1cefab22313623
56758604128f6d389ef40e0a533103e0de428d5a	a162a1bd5c7ff7c8ee1d00d9f13b01638aa81216
c84b5af3be0c93dfee17ee2b291be50dd6d646a4	85a0216a239dd1e062380a8e5880f717dd6d7260
f365bb844417c52df567dc2337d2d9a1cca6192e	373db2a0206114a274f0ea1b6f103f5f5dc660da
8408bbb3297bc798c4b22f3314a5e1d21ed16d18	12c5ea45d0767aeab069d08de444d129bd006f8f
ce897b5bb0f8e0a7215537d5d3187c0534b48123	c717d76cc0f49b09baa4284f8851d57c924e2f2b
a6ea03a82640f494de74fb874a0e435325e05f6c	95ad0d9d9de94f9929bab465d4df2fdbb012cd7f
511250312581e87af8f837220aa7cdaecd4c8951	25ac5e9f43353a3b3499cf60349ea27523196d2d
d330f931b307b2873ef3a5afa267792e3b0832c4	6909edf4b217433673f36e692ac9dc4e3d89ac4e
87ef63faae97f06f2eaad289fe3bc300f42c4ae5	7ed879c93bd04f80d0eb60642a38d5434cf96a0e
2bc91d31e26ba103ec10dacf72a54db10fc248e9	eef4975295210318c9fcb8dba7402b40f432e3f2
96fbd17567717596025bba8c3635b1583464287d	adc3d796ae2b2880f8867f6d6eb17e3cb3b70ef5
72b14d813b340dcffb548bbb64e8834186e9d5e1	6d0ad23a05ecc6f7465160d786a6c45bd1c6d3bd
6c99b1c150b8bfdc0db38082772488ad996d94d2	e7159858e25907204a0acf924086069ac4d5d6c2
825b0bd4d9adc53dfb93a942fdadc5ba7ad4c0d0	8f2d5217e1d81c18e6e41f93c27e38280d59c30c
bff151b9821266bdfeddda60ae8e7341be384f09	1825b62316483dac74380a22f859eb48afbba445
cf8901ade1833605aeb764befa5adda391b537a3	37145a6678e4a4cc55042e2a1efb2db80d58d729
5bc81f0e3bcb7d0ebfd9d760145ca00021f069b8	389fff6b35c12918e324b8113a7ab615d84e2860
b4fca8033173453f53128b92a0d838dae31e74c7	e88047ffc7e7a3e2a1a213296ed0a059d4a3f4a5
20900e85405cc40606b98b5b72bc2c8a7daad8e8	02dbc8a9f7176271fff071a64e37292169129495
3a2c6d7872bfee981b7ead83bb05c2037421b6a1	9657e8e022c6298eca388189e8f1e5863b1d6aba
84a92353befacf1b6e567acb2fb539f06b33c080	d7feff3b203929ef0c91141d16d14463b09d4b73
d4cc72619e63caa3ce3737bfcffdb6fce3061f73	5132067f7c1e0c9235d7d6d50ea5e22a45063a6c
d0693aaaaffcced02399a036af8042fddd599e21	0843488107dc9455b5c83b750f505214b3051f41
00cda891473034566ca43f9a1d2745ea3e17fbee	50ba78ddb82636ff42c2f1df6e6d531eae6ee576
22c81eb4f5c83cddaf6ae103aea05d46ddd60920	301ee5b803367713d4d8c147185ef2dd26e0adb0
c13eba186ac386fa0981a1ae37a32b08cd8b533c	c9db3d27b8b418e46fdd3333c79031aad3a7be08
bbb8b3ce352041273aee18b454fd674bd046120c	dc38ac5dfdd2cda2c6dde224ccea8e0bbb78f01e
c581177ff5cb69ffb6c68c6ce794b74fa1877fe9	18d96056fe5a8579ed9301ebafd7182cbd9e3c5a
2730cd27fb45a7e3f38f1c7ad8357684492caabf	2d1d1738a50b3028eeafcccfc23ea5db6e8021c0
d42bb242ad2b8f5f4d1c5ee02c319411cf633857	524783e40c06e220231d0cf1ea2f171ad741d287
8f3cce21ed10ce5919574f537e1f975088484da3	60235e5355e3f1100f9cc50a03e3534e58ee8ecf
c971b6c6aae2c3572fab0c8a71c8a73b345b7290	e5cdcf14b30742feb24c7a25d4200bd586211193
d3b54c73da66876f189d091b4324e923389b38d2	157fcd43642960c4e31dbbc8378d591087ec0dd1
5f02a69770f00c9be8e70aefb8afff229957f7de	94d877b0c839dd023f7cbe6429c79b142d4a4efe
c82079a3278d8e9ae0576467fb09f4bcfc5c5901	b210887f705aa8d92a2c8c40f7f5fad90a5e666d
382ec3b512ef2ad45ca490033b176f316b2b73a7	0a64616b8e06734e84383dfd97d463972d614ff8
377e3e5a9aa2c399cdf5c7751d9b7d58a7716650	995d1d3bef11ecbe4c4b22c6cd88d49c71fd4805
890ffc0fb7de0c3ffa79a66e7aea22f6127ebdff	70c5ec4f18042832366c04bde7e3d428e5aafd81
877019b186850b50aa591fccb4e89e839b89db20	452c47f542bc2775c01c324c3d43641040cbdfb1
81b9aa1016a4717ce3c8490dcf973d48d4a390c9	0be84f42606b46f982fbfb9d7ecd5144e33cf4cf
709273c8866a09a2d51e3dbb759db5c76605a96c	6d42f2b095d6442b1185dfde4fc833125fe6cbab
fad0b837fa623acff859c2892a88888ea4a88ed2	ef9254a2a7a23fb1432d0d737c8e5bc75834dd14
3b2305ac90d1508df38a06215d2c838f19f64418	42f23f9f88b78f3ab6765c26d68a66bb7cfd744f
ec3ef2ae10d577bf77a7c3bb535807a3b3c660fa	07b9623a00d3a5d0a740f76214e1d90e664d8246
b116d1f7f85ac29739bfebc0168ad6f1076029df	e794a56e0bfb42c13657cf39c1470a8cf1861d0b
d8dc726b9dae8438525cba0b3f600863e13877c3	af8c9edc6259e521918dce786a789c67ea8f3ba8
4d641199b26ea4cf6b050bf298702c40aceb1669	f9d0da5b7d1d97000f85f4c2250a08e63a2ce835
3facdfb9601e9ef262fdea707690cfd7b9959869	8bc014eb439ee34db3c16898eb66e846db493414
9de946edfb326b62f1ac977654db510c16ff7e86	de2d894562fd53f0988b0b510c3be0c5cd8cfb3f
51c7f1f61e4334ad5d216f9e3131715b143b7dfd	c493c7bd4e47b4cafa1306b570a0d90abacfc35b
10d82998619d01e839f9d679e7ca8208770d76da	4f8bc18c94dc0f894f3f3adfaed6d832e07080b0
1d6e3be8b527231255560ebc5226cd067099ee6b	3ce2f4776657defd9ea1e1781d7f76aaed0bf4f1
b9d9410963c2809b67ef02255bba90cda1ad31c6	ee57ee15fa207fc86affaa59b69ce558750fbc9a
e2779b238c80f6b091ba844f6919b40c34b75bff	6537f1ba2683136c2596b7095ec6258535845829
187ea57b0d495e9d325dd05f1c16047f566d677c	1bfb7d09360f461e6f5bd5f0604b545497ddcbef
787174a4b463b1735bd6d37052b57b01e488a563	01618585f2c597d20e34d7047fad7e737bb5c2c6
a938d1a02baf5d1432398cdd35882f0872a61c03	cc84c030870c088c38fb5b002887bef93e6db5cb
a73fd67e53c2fd2a21f52deeb76e4c158df1947e	a80a041e0a5b303c2ed21a5d44965e5b380fc019
9f5c2ac4edd7e69ae29e6427f93c36171a57f999	54a56870c182ab3d93a0ebe53eebd688a6e3310c
f0496c7ba89ca05a7b9dd1276c83812b21d4a3a7	96208cd5318b0b4bfb84321bd84d274816d2998f
3ffbac6ef2af086bc1c8f9c62680168c23e6a2a6	6c5f121a46da51eb92ad8bf84d8900e858108c11
b922dd2ddf43a43d91e35eea5c88bd0523971a81	debbf72644e11b1fd19b60f8a6845456b77e5466
4075bc17b2890f3b76ebd9522f2b95d1ac9abe25	d816a671eb3263adfc43c21d20da21ac01e04b67
88903ef0f13858fba4afab6398e48bec8790b37c	41ff9a913d16b21a20fb02be6a6b21bfca3829e1
97dfe7fce942b79b3d01f47bfd8fd2f18dc30ebc	dcbebf5008e0e205b13437f7938f6fcc65214df0
d16a6a31206af215f1fc0c564c8af27ff47a9b20	95358b597a0456391cff9f8c81398a4a0af7cfb0
1325620c8d3358c1b2e8fe0f8fa72dd9233ba136	b055889de7b47f100941b1a519cce1b5eb51e0ec
4fbcfd08103de71bf68931511966c5422eb6f063	54c23c096e38eea9c5a2cae66a69b6109a432e44
dcf03749ebb9204043e59045db3de3f6dbc8d7e4	4a6f4ba2c80b8dafd827d6329314e78e7fc6d043
00a1662bb43200c53113f92e4162fd24bb511b2e	65c1542af2a3bb31a330a7a70c3972af6b60f4c2
e50b4b689e47e897fcf6c4bd96b224df1f5d267c	91486d69ce98e13e983d4e21f2c668f06d4eda62
cde57670842077b7b0a6e04110b1fe3d569a6c6f	a0d2d40c3d57ad981a32dd35ff217c88c84a8b83
1bb2f0cf2447e5881e2af1a48d4b250c9193d5d8	4dfbb3b3d3ccbd3ec97985e5128af3553be33240
eceedf65ea17d78005954b86298dad76ce5492ec	f6e589813a893b8241c68e79c1ab03dfb4783563
72488ffdb4ba1c9fa7180f6df852c3d682929b45	c271d19630198d7cf2be2090396ccf2e0364c5f3
94d13fa8a45efe6d9d51193a410b85f946bfa0d8	5197dcdcddccfb36e203f492519e9095fdce72a9
e5c5fc3f4341e55f66c66c83916dee17f6d70ff3	5bea120b2ef0b94845550e53fb1b18193b374d84
f9e5fa8d57ecd3e5537999a9ca23ba75bcff9b98	fc650fe21eb8d5bd011b2e69923572b6320859fc
ac2361b662aaa8f8b01ee843e0084078b45f158b	befd0db36c8fa9c00a9f61f5a4119bd6575e77d9
783e2f999768a95445fd7d1e6d88086d5a28ad84	5473cbe06ae8c3fe59214e5a5de6694a41e154df
5b7af2e954f8d125e7d5912d6ab2e69e6d3adc1e	d6963afbb50493ea2dde662533261cbba58667c7
c766f6d39c88359595bbfc34c6a6b17d0f2320d7	227d9f0168fcee617498d451b2d50ae88418edd7
9a3221a528768f711ce50a8d4f824e2793ca4a67	9d754d78657a0408d5c4ca64554000cb88162727
91d9db574ebc754746ea04be6b8f53526ed4119a	b67c2f237957a5ded04bbd887cf05d1b018b3168
84b0a2474ca29040ead3aff5c2c25231e04c0c98	2acf20415660eebe23059553d6122d350647ca25
edd25249b8189e322c174a662bdee41304a87524	fd03c78079b740e9a5c9790e1d59f1c00c26b23e
2313cbbb0fb6358100fe8bfb72664a54ac9d5533	3a320047c8e687b51d99776027088599958935c1
be9994d245a264e530622393a2555169769f3e6f	d1fe0612929c2514fec5c056348432f17610329f
18bc7712ccc8ea3813d2e2ce41a27028bda5cb43	e50c1ccd6708001364c2d79306f126428e08a686
763608a56f2604a75e53f0101ddf2651f1823b4b	de808950ef7faee8735b771d2155ad9b14f648ea
e5cc3afff8cea0d68f9e83e36c1cf20dfbede05f	111ace1e0998115fef566c9a2a78f1fb1422b4e3
6e8d9728e300b6b0d0c9c5b2da19f567578140c7	ee9edc356d3565723f6f9b494d6017223e0e1409
f293e2bee214f539e21db14d4de1bbcc31db7559	7175349906cacf9052738e7aa143bd9fe51bb377
9a8159147c846e1b07451405d8eaea40dc48b2c7	ddae717b45583f41608eee06f0ee1e3b843c9d65
483f54e443c262c2ab2549dfcaa7510a484e0e7d	09bc908f628cc545c45684a4c3f4e54bf6dcda16
cea53d82cddbc763057a849aee8c1c1a1d1a49a4	2a3e3b53651ea86e594382a2e1f7faf197c7447f
dc4d01d0cdec1d7e996da7b0d7e742c534633c54	b252d294fb6777fa7281ee7366987df11e1a7f5e
70d4a16cb2121d03b75446306f4f39f8ab0458b1	31da17d6077132349b85dcd38d8bccd506417190
989452f3770d50a52d4a384d72f4f15d49dee5ea	10b025659d810ea11df9a1d7b5edd477b3b4a7ea
5cea586192242f243b73a7726ff84539ade5497a	caa32429b73c54d370dc056ba9718dc84c47715e
573234a73ebc06015de1002c47464e0bfdbb3adf	09c1350d83d372de2305e9f7b1be9e65709d861e
7e3a6ebe7c39833e575f1435c84fd7acfae76a03	19d5497b07c86d6c247abfdcf004f4087e8ebd9c
8350a9e73654ce3507239d8e479fbb1a9315c160	c7233d0e1cc8fe039c1921fe4d73940647422b13
7fcbb31015cfd3344168cab753a12e3dc3c46c0f	49256a97711fb863e28bd6a45b23759b5d3303a9
bdcc3c311bd7155778a461ffcaa7cbecc403e8c8	aca5674569bad61d5257cf3e47fde8cbfa046009
48bbfd4b749b2dcddb9172b78ef4aa1a4382049e	a641bf0b76f11ba73d9670cfb55904535fbe08d3
0548abd2ca187d53a31fe17d8d4657d5d29a89bd	293592292a63a3a2b169bd2b4621ceff19e4de12
92f1f9a3ebb8577967675c8af3186a199da5c01c	f1b89cc7a171888dbf9677f9b1e74ca00398b594
3951583290e08bd50674f451f051bcbd7fa7b50a	b9328f02d9f2f76703e4b28a69874349c0ffde54
2dac361f3d6b69a4426b7c93347f8cddc858c6aa	6986d3eb9d3dfdef5028e867e94119de6fed4011
c2412503e76c39b58dac7f9737bf5d9c4f0e6231	58bebb10ddbf50d21ac5f244bcae4c7c418d2758
04a6c4573018c9d908187bbad33fe7d39192e102	60c8343273838248cca01e5f3d4aeccfb62fcba9
087ed897a6f8bda8495c3e717566ec91e5a6e755	141b80f25a3eccac8f7c110865e5c780cadf658d
cbacb732b56002a99e18c3b4af2308b66895a2f2	56b641956bfbf8085ec03604b5f2ca53812f93af
805aa36e671d4eadbe0c51cb9c135e7be422ea20	3cd3618f6778274b8d48460f8831f2435c53ccf6
78604262eb74e0c550974200268fe2a9b2132286	105ab05f73ada74a5019c0fc796b74aca405d868
0e9e6a9572adf3acda54765649526eb657c3d422	375850f59ea2545083b7844d48c53db1f96e6391
a75744b435a6744c0f1c87ae8622d86be4868811	dc32917277ff4ae86041843df58069bb6a4a8819
aa1372acd94378232882cf96f61d67def7294eac	0d806252de96138b4dbe45944a86ebf9378f11b1
f9362ad7cc7efce7dbf396140036ef02ac5361bb	5c1b9e38f49569524c96b05695911eeeefdaee91
84a0377b7f27187f3008129b99711119b2ba97e7	b86f529d4bc16f1076a2cbade24265bbe17491f2
96814bc6e28ffaccfd36930a99c4b4cba1257e93	7e753f61c3506ae058cba0b75642f9fd1d9d9bc3
bbaca20ad991fc625a653fb6e160c830f5b8e450	f2170453b11795ae614f333804d248c726e4aada
4b5ed54b6132500b470eec9b1165f34e68706419	48defb216879a6040825a63a9de75976a384a13b
68f2b4237cb2bf985448daeec0a61aef891b62c4	6bab41ee4aff91729e166f6c1bab858e1a0964a1
1c36e61e080b7ca2d1b976bfd5f97351d1e49507	12f5078c83a6b9b0a8d584b697aa387ffcfc42fc
4149b60ee8259aa12b781c76f081b396c659ffa0	3dc01d8f467c892baf893e86aa9d14026505b434
2d075ee1922572f608d3845b844ef3e8f093722d	318ac30507c0e33993a5acd595987a45e1688554
251a2629fe440ddd3f5b8d734d82471828e7e1c7	5487910d7366426b32586bcf2b949e3661176cf6
154238c86bea53c9c288b4828868583812aa0b43	57acbdd12216d90079eeacfcd1fef1f8f264ba6a
39293bc93f1514694ce651035b67ab4f1a6158f0	28bfe295f86aea6e4e163c5b845cfa4dd185811f
f2f5b2b64513e3d2acfd14f5df2ddbf56602fc8c	d2577e235af9dfcf71d08a4ad042f66057622c0a
a1363bb5e4d4300097a07411fd21681f20f691d3	5ec635ad6f4994c506a270785d40e36cf638e1ed
cb7b690c080da29ffff6deaeb4587b6b804ee369	7bca03c2d25e8f5ff85ca097c58ad298bfc78568
8dd91e7dce14caf8b9bdbedd02492be21af9e85e	15f830eaa7e84005bca8f9e40a82cf1f691f4317
77c3248fbe96e1ddcd395a9098e6e0de4929bee8	7bee17e3201fae828f91514530132fe306ceb859
053c856ac9d91748389d376125e9a8f6c720eb43	94f1522e63fbd599ffecf620b215c0362110542d
6a7c94c867256586a5e3c631d8bb78c43c71fcd1	44622b2e0e095bf625410c5843c86f9b0329e0a6
e36b316f1e08e1404649a39fa854ae864479b21e	9340b269900963bab17b46523cb83fa8c79de8ec
36f139f205ea82891dca74630efa31cf66ed54da	3deb8ae7be7350f3210af2c8f3a83a7ce9711c3c
ea6bf76a6b502a4df73a4c87e16715844617ce4d	58977cd3a3c98521af7da4b3abae4a12d7c76c5b
1416f44c7982305e01ececb14bc4df25967f7fbf	a7c923e42bffd08791c096676db6100f7500b3e0
a791fda5005b24f0a3e200f435115bd1f76c07bf	53524a5ffc40a2c5d06ed8dcd822d964d865ff37
5ca625653361a9a79d41da97edd9cde6fa1fef1e	3f5a33b5e0f32a955b89faf9699ed3aa45dd45f5
52e59e4019e159b57d6f09a2c1796486a99fb6e3	b8433d06d3ab00a1b6ad94bb2dc545ab73ca5096
8e4400bbb5fe11aea0dee699d8b988f340a4281c	d228f81a2f6f4ac138829ef94cf6ed9f6e2864f8
57addac85bd8a7ef3df29ac158ba9ca55a7d5fe0	5e34396266572ada74b7565381c0b3c6c5af8bcd
62505f512cf40d6b0f50883fe31035a67db681a4	8c7a0bfc931e31960d9120ca38513eee0a3a869c
c936316eb4c902c580bae016cebb9e538fc762c2	1516b05f00b361b76a9cb98c7978478efa6ae44a
dc6515d61990ee7c97b7d2561661331f52c89dcb	d15a0e6f3e314d9b2a35f2fcf7fcb35e42160610
262fc206ade9897cc9b57701b29b101a28e51342	f6577d801f7d1b9660fa99d85b05408f050968f9
b950029efea7b4b3f5bbec7d6c9b9ac483dc7f08	369807b6edda5ae05b90e2ed87c6baa22213e987
255bd9a6fb312eaf7f114eb96da44eaa69fa9c6f	9326b93c4e756806ed0b15a50b88bb1b05f8c9be
3d65f246023154cfb6b1bddba241d290f8b28a0a	3b0d2be4087492460ed68927a2ec9b585efa1eb4
67fa3d4e4a4a517312daa1fc9731c95c21a08a01	1ed86eb81fc543541078e889f03d1142bfc84838
7a8fabb575f8449bc4c18b85e230d993add52c26	ae916dd2122e242f9e199be9fc3b2fae1b4ae562
bd54fff9803c6707cca5942118c242d15212f980	937ddfd5c9e01a685d5d5f1513248195da99591a
0bc33511b4f795e255e2b5c31f0fb99fbea9c3f0	a48060bd0cd835d15d11a8ce9999a1808108ad1e
91011cb986034d8c868314aa9de8081edc9ebe11	52d48f24d97ff23cb19db565f01af354e0d95063
57b5cb41bcc93835010b4038b699d0bea10d3387	8de9e6444eae1931e50a991598f19d016cc1f1be
a07bf6c4eb46983e1dc6b67df76283f2dcae2aea	ea0b1ce5a28f7e5f3af959db9d5c3ea7b7af0434
ad56d7e598cede7425c097c80e7097dbf9e6e13e	35959c2d35f1245212756cb30b459ceaecacc752
3cd811d56fded1e806e5feb01b2fd0a33ffe418d	e8c162061f6f88539fd3bdcda36986d028b8d52b
6c2d2d701f8cf4ac720fd993c36dbfad262fc6c4	ef1d4a415c43981b6a07daf5b50d7c03c0fbf7fd
24897d1439e979512468654e3d45d0c0adb90af6	5b7984cd6a1fcd417475f27609fb13e4071922f6
d59de7f4528d8d082d09bcb4fe62d879571c9f8a	4f48516efdefab59975abcd54aa4f4270fc4be84
a2d9e5f9c1b52a39881910432772c7abe3f24d98	e3d67f4bd40900025cdf9628fad4931341429e49
b0b72b083003f9010c562fe897e593d04f31b6d2	4e3623d65a42dcab246148e073f17c33cb6afc8e
05c9d5c344f6b0ea1035cf49cc47cb6f8b2bda95	95a1a9e1e844fa0dffde4f023b812fdce8b8de8f
d753ab21479fb871d1a40edde4b78aabf970f89b	43e12ff5c15dbc3a8de330121c84d312648a2c0c
27d4e9621b3cb3e04f2bdf24cfe5da957e4ce75b	a486276f3482778e51dba71b4ec8dcb69bddd979
61ba7660f062638c74548ce12adb86a3222a8099	3e776a6574dc044d54a25202f2e7eb711362dc07
3431aa49baf271966a57a4828c2ea6bd41654ff3	55aaae0468428887149cc9d3c10d4e967b4c42a8
6757d644a0b00646cda316634c93b30700924b1a	ccf5527eea4905a1a66f9fcd1d0c0c252269639e
1cd9662f03a93234e602cbdaab98c9877fdef72c	641bb9c36bab3658427567b6d5b9a5d50c14d6e6
af081292326c22b3eed3c5a2f687f07d24c4dc41	8016ce81d5c94764aecacb4fcc260bd1dd1e57aa
810213ad1418946e8538e59fb293e6e4ce2951a7	54a6fb1446d54ab2ed35aee85eb678658cbcc2be
452be573367bce3ddd63635685d6de09f44057a9	453183130628a813c3592e35ebf23a6fe844b3c2
6390e6d29f917cbbfb5a60094aa13813a5e6b98b	57a62941d035f7ab88c35c798277366897562e32
a13de04ac7db7084b7077dd5aa906c09cdef96a2	d27e55390ea3750ebdd4457426b12198ee1a13b2
8451bdda3f9412e64f724c851b03ad6c43b4ad2c	88d94b0a504780190389ac51b50013c7545a3d01
8500e4589e03f691c6c4a8ffeadc7e5c382193d3	43f067818ee1b1dd294e687462fffd615dcf5a53
0500f8bbfe9f7f3d4be63c7f27dfba27597006c0	0573e54fa2abbfbb33da754f52a9e3fd878251c5
d8b742bc0470c626fea705aac97c7cbf6a36311d	cbd31429445dc11d59c3d95002256957d2e0102d
f7b7185e32bdbd05f33d6a69651a584618993fdc	06599d8e3ad6387f854f1f66ec3badfd652cd4f7
3a384a1bd154d5f765d1cf95a67c31fa487335f5	06deed05ac0611b9b60c8fd81d3e089870b0d94e
e2a87426b65668ff8337cf14144a4f3b22c60411	b3fa7e9e59f1e207d3674b1c78308e241fe1f98c
71c20d9a837f61944b675543f9bce4d211f2ecd3	b9743753ed945129e972298348add40248b74925
ef26969fdb6766cd9d6f6027b4ba5456874f4e44	d704877f11da2b310f1c821fe6e9216b64186535
dd56fe8a5e872e29d4693c0f011e9dcb951c1357	df63e653d7fb9f88df5c7cade9ed385484bb4232
08ec97949796b74a8a47079c2e431386c9ad2215	7a0c0d14c631e298a0da41f3766e05d3480c1001
481392a5f124f05ca75a61a3cffcf3fe27256c3d	4798d9cb26facec03d9acde85cae82c3828041bf
2870ac21cc41cd55894f5b68d5d04c5f64d9384d	3dd73317aae38690b5471e7d8ee28012a84b40e3
8d94acc0b10681eee209dfb3eacd3edbd0839d24	393f141f083c91116a4faecdffc44bb98931a89f
1547ade656fe0cb04f7f77ab460fb4f148196968	f1b21b0447f461d2efee46192e8f9459f97c2919
ffec0df032d83cfd808e9a359bd64c0cf35dd128	e2761421370862515b7c7b4b4cc8c13238776d6e
bbf5d092bbe61df9149cb18379135f01a6a68e60	0221402501a97235e4ffa722ab1ad5ce75e62300
90b677295da38a2a453b6b8b3ef2c833eabd7614	2d9cdd885aeffeef4ac38a3b3710117cda715c41
50c115920fabdac4b79c44c621d77cb56e8ffaee	411c7d2ed6da6421771dbe1926291dbc044892f4
e9834ee8f6b19e9f3574a18f6eeb5aeb574a4210	f3dea6b7e7fbb6f807186bce5f0dbd1f8206e455
0de7c791a1df3b4e3ad0af958ccbcfd4745e78e1	fd7e1e34b1aa043bdd8720a8f18e3b03183c614c
8e522befa99289b9c44daf06f05feb91394353b1	ec89e1263b65e5f20809c57a09326210093760a9
c645f4d7fc353ecbe99a5fb7433ea85bfe1f4c69	437145892c9ce562b77645cd024e0780cc338403
4a6d46cb3f4106fa13ea36cb298cfbd4f9003e5b	f03cb03964955b855532de79f2022f0e7c4e037c
23d8847ea0bb50090d88e462f983e17e97ca61a1	c9fc0de0e0e8f7fceb7fdb07fb78087e05708e73
cfe1b06ff1fa06a70036ff2502fe2359897d6e0a	7ed124be3d82b420774e2a99d83e68b49237353d
49f8e926dad4ba7ed3b88024499dde3489089d1a	1ae28239133bc50ffc635fc0f4c1108e0b27dda2
4ea76591ae520d20ecb3d8a033740c23857eee80	2410ad1c40e46afec76c96fe74a0ae58be12d250
eb303538a78c62b2483adbc9aeda16ac2eb4d9b3	8f3cfb006ae9e31893eaa4675f4ba4b87c532c37
8d04ef66a4751d5176d96318697560d92b1f0352	3499b5cb9b8c5296ccbc501a4a268a9253bc46e8
a66d1a9aed32745d7105f264cd586e0fdc129598	701d892ca8092a866c0eed328dc4948c4b137156
e96cdc8b0587a93fbcb20e9d766773381f835249	83995ce2e702c984f6c3555f107a90d438f265b9
6769c4989a04b9bd38de8c98637c07a28a22d8c8	d0d212d68be00434e104047ce83d7e2bc3091680
eab3ce954f7e4ea8a8c7e0e9926e088a6dcdd5d6	52aa48f8c2acb4a2a51ef6cc7b850dac260ecc2c
